Num_Acc,senc,catv,occutc,obs,obsm,choc,manv,num_veh
200500006287,0.0,7,0,0.0,2.0,4.0,2.0,A01
201100015061,0.0,1,0,1.0,0.0,1.0,2.0,A01
201100064053,0.0,7,0,0.0,1.0,3.0,1.0,A01
200500061328,0.0,4,0,0.0,2.0,1.0,1.0,B01
200700058268,0.0,30,0,0.0,2.0,1.0,16.0,A01
200900059816,0.0,33,0,12.0,0.0,2.0,1.0,A01
201200048706,0.0,33,0,0.0,2.0,8.0,3.0,B01
200700061345,0.0,33,0,0.0,0.0,2.0,0.0,B02
201400005393,0.0,3,0,0.0,2.0,7.0,18.0,A01
201500002124,0.0,33,0,0.0,2.0,8.0,1.0,B02
200900073805,0.0,7,0,0.0,2.0,1.0,15.0,B01
201500011410,0.0,7,0,0.0,0.0,4.0,2.0,C03
200700062878,0.0,2,0,0.0,2.0,1.0,1.0,A01
201000057738,0.0,7,0,0.0,2.0,1.0,13.0,A01
200900008016,0.0,7,0,0.0,2.0,1.0,15.0,A01
200700003560,0.0,7,0,0.0,2.0,3.0,15.0,A01
201500018339,0.0,30,0,0.0,2.0,1.0,1.0,B02
201100019430,0.0,7,0,1.0,2.0,4.0,1.0,B01
201200051874,0.0,7,0,0.0,2.0,8.0,11.0,A01
201500027056,0.0,7,0,0.0,2.0,4.0,0.0,B01
201300026806,0.0,10,0,0.0,2.0,2.0,1.0,B01
200900005966,0.0,2,0,14.0,0.0,7.0,14.0,A01
201100015661,0.0,40,0,0.0,2.0,1.0,1.0,B01
200900037233,0.0,32,0,0.0,2.0,1.0,1.0,B01
201200053745,0.0,7,0,0.0,1.0,4.0,4.0,A01
201000066517,0.0,32,0,0.0,2.0,2.0,1.0,B01
200600013272,0.0,1,0,0.0,0.0,1.0,1.0,B01
200800047571,0.0,7,0,6.0,0.0,1.0,1.0,A01
201300052297,0.0,33,0,1.0,0.0,1.0,3.0,B01
200800049047,0.0,7,0,0.0,2.0,3.0,1.0,B02
201200029517,0.0,7,0,3.0,0.0,1.0,1.0,A01
201100043633,0.0,1,0,0.0,0.0,0.0,1.0,B01
200800003816,0.0,7,0,0.0,1.0,1.0,15.0,A01
201500016211,0.0,7,0,0.0,2.0,3.0,2.0,A01
201400023658,0.0,7,0,0.0,0.0,0.0,16.0,A01
200800007676,0.0,30,0,0.0,1.0,8.0,1.0,A01
200500014838,0.0,10,0,0.0,2.0,1.0,1.0,A01
200600076093,0.0,2,0,0.0,2.0,0.0,1.0,A01
200700003706,0.0,7,0,0.0,2.0,1.0,1.0,B01
200600059308,0.0,33,0,0.0,2.0,1.0,1.0,B02
200500011523,0.0,7,0,0.0,2.0,3.0,1.0,B02
200600040670,0.0,7,0,0.0,1.0,4.0,4.0,A01
200700041614,0.0,7,0,0.0,2.0,2.0,20.0,A01
201600023630,1.0,10,0,0.0,1.0,4.0,4.0,A01
201600007272,0.0,7,0,0.0,2.0,3.0,1.0,B02
200500041548,0.0,5,0,0.0,0.0,7.0,1.0,A01
201600006918,2.0,7,0,0.0,1.0,4.0,1.0,C03
201500006763,0.0,7,0,0.0,2.0,2.0,21.0,A01
201200054103,0.0,1,0,0.0,2.0,4.0,1.0,A01
201200011768,0.0,7,0,0.0,2.0,6.0,0.0,B01
200700044536,0.0,7,0,4.0,2.0,4.0,23.0,E01
200900050046,0.0,30,0,0.0,2.0,4.0,2.0,B01
201600001241,1.0,7,0,13.0,0.0,9.0,17.0,A01
200600017298,0.0,31,0,13.0,0.0,8.0,21.0,A01
201100041894,0.0,30,0,0.0,2.0,1.0,15.0,B01
201500056022,0.0,7,0,0.0,1.0,6.0,4.0,A01
200900012466,0.0,2,0,0.0,2.0,1.0,1.0,A01
201600010420,1.0,10,0,0.0,2.0,6.0,23.0,B01
200900039884,0.0,2,0,0.0,2.0,1.0,1.0,B01
200500057724,0.0,7,0,0.0,2.0,1.0,2.0,B01
200900059730,0.0,7,0,0.0,2.0,1.0,12.0,A01
200500062339,0.0,7,0,0.0,2.0,1.0,0.0,A01
201200030812,0.0,7,0,0.0,1.0,2.0,1.0,A01
201300053363,0.0,34,0,0.0,2.0,2.0,1.0,B01
200900053640,0.0,7,0,0.0,1.0,4.0,4.0,A01
200800052173,0.0,33,0,0.0,2.0,1.0,1.0,B01
200500015689,0.0,7,0,0.0,2.0,8.0,10.0,A01
200500080599,1.0,7,0,0.0,0.0,0.0,0.0,A01
201100003679,0.0,33,0,13.0,0.0,1.0,1.0,B02
200500086810,0.0,7,0,0.0,1.0,1.0,0.0,A01
201200026308,0.0,7,0,0.0,2.0,1.0,16.0,A01
201300024533,0.0,7,0,0.0,2.0,1.0,1.0,B01
201200060535,0.0,7,0,0.0,1.0,1.0,1.0,A01
200800063663,0.0,7,0,0.0,2.0,3.0,1.0,A01
201600052223,1.0,33,0,0.0,2.0,7.0,1.0,A01
200500040812,0.0,7,0,0.0,2.0,1.0,13.0,A01
201100045389,0.0,7,0,0.0,2.0,4.0,23.0,B01
201600018634,2.0,17,0,16.0,0.0,7.0,14.0,A01
201500050093,0.0,7,0,0.0,2.0,4.0,2.0,B01
200500019839,0.0,7,0,0.0,2.0,4.0,12.0,A01
201200021934,0.0,7,0,0.0,2.0,4.0,23.0,B01
200700053303,0.0,7,0,0.0,2.0,1.0,13.0,A01
201000062438,0.0,7,0,0.0,2.0,0.0,10.0,A01
200800027942,0.0,7,0,0.0,2.0,6.0,1.0,B02
201100059156,0.0,7,0,0.0,2.0,2.0,1.0,B01
201400024307,0.0,31,0,0.0,2.0,1.0,13.0,A01
201100006059,0.0,7,0,0.0,2.0,1.0,1.0,B02
200500024069,0.0,2,0,0.0,2.0,8.0,15.0,B02
201500024237,0.0,33,0,0.0,0.0,1.0,1.0,C01
201200050778,0.0,7,0,0.0,2.0,5.0,14.0,A01
200700076444,0.0,7,0,0.0,2.0,3.0,0.0,B01
200600029386,0.0,7,0,0.0,2.0,2.0,15.0,A01
200700059759,0.0,7,0,0.0,2.0,3.0,15.0,A01
201100054356,0.0,7,0,0.0,2.0,4.0,1.0,B01
200800023262,0.0,31,0,0.0,2.0,1.0,1.0,B01
201500046566,0.0,7,0,0.0,2.0,1.0,5.0,A01
201600058466,2.0,32,0,0.0,2.0,1.0,1.0,A01
200700008861,0.0,7,0,6.0,2.0,3.0,5.0,B01
201000067086,0.0,7,0,0.0,2.0,7.0,1.0,C01
201200051322,0.0,32,0,0.0,1.0,7.0,2.0,A01
201000022349,0.0,32,0,0.0,2.0,3.0,1.0,B01
200800065983,0.0,7,0,0.0,1.0,1.0,1.0,A01
201000002701,0.0,30,0,0.0,2.0,1.0,1.0,B01
201300044398,0.0,7,0,0.0,2.0,4.0,23.0,C01
200600003608,0.0,7,0,0.0,1.0,1.0,1.0,A01
200800076834,0.0,7,0,0.0,2.0,1.0,1.0,A01
201200005704,0.0,7,0,0.0,2.0,3.0,13.0,A01
201100026667,0.0,31,0,0.0,2.0,7.0,1.0,A01
200600076729,0.0,7,0,0.0,2.0,0.0,11.0,A01
200600016562,0.0,10,0,0.0,2.0,2.0,19.0,A01
201100065017,0.0,7,0,3.0,2.0,1.0,1.0,A01
200500015923,0.0,7,0,0.0,2.0,7.0,15.0,A01
201100027199,0.0,33,0,0.0,0.0,4.0,16.0,B01
200700005485,0.0,7,0,0.0,2.0,4.0,0.0,B01
201400019863,0.0,7,0,0.0,0.0,4.0,2.0,B01
200500084353,0.0,7,0,0.0,2.0,1.0,21.0,A01
201000018968,0.0,7,0,4.0,0.0,4.0,21.0,C01
201600002938,1.0,33,0,0.0,2.0,2.0,2.0,A01
201100005532,0.0,7,0,0.0,2.0,1.0,1.0,B02
201500046228,0.0,7,0,0.0,0.0,4.0,1.0,B01
201100019313,0.0,30,0,0.0,1.0,1.0,16.0,A01
201300024516,0.0,7,0,0.0,9.0,4.0,1.0,B01
200500009885,0.0,7,0,0.0,0.0,2.0,13.0,A01
201200059508,0.0,7,0,0.0,2.0,2.0,1.0,A01
201000055406,0.0,7,0,0.0,2.0,5.0,1.0,B01
201100059935,0.0,2,0,0.0,2.0,2.0,1.0,A01
200500007654,0.0,7,0,0.0,0.0,0.0,1.0,A01
200500051897,0.0,5,0,0.0,2.0,3.0,9.0,A01
200600082543,0.0,7,0,0.0,0.0,8.0,1.0,B01
200500079768,0.0,7,0,0.0,2.0,5.0,15.0,A01
201300057760,0.0,7,0,0.0,1.0,1.0,1.0,A01
200600035964,0.0,7,0,0.0,2.0,2.0,1.0,B01
201400047616,0.0,7,0,0.0,2.0,2.0,17.0,A01
201100022974,0.0,7,0,0.0,1.0,2.0,1.0,A01
201600054442,0.0,10,0,0.0,2.0,4.0,23.0,B01
200800010670,0.0,7,0,0.0,2.0,1.0,1.0,E01
201600056522,1.0,34,0,0.0,2.0,2.0,17.0,A01
201100016789,0.0,33,0,0.0,2.0,1.0,2.0,A01
201100035863,0.0,33,0,0.0,0.0,1.0,12.0,A01
201400051422,0.0,10,0,0.0,0.0,1.0,2.0,B01
200900042288,0.0,7,0,0.0,1.0,1.0,1.0,A01
201600046534,2.0,7,0,0.0,2.0,5.0,2.0,A01
200700075755,0.0,7,0,0.0,2.0,1.0,1.0,B02
200600028878,0.0,7,0,0.0,1.0,4.0,4.0,A01
200500049035,0.0,7,0,0.0,2.0,8.0,0.0,A01
201400005906,0.0,31,0,0.0,2.0,2.0,1.0,B02
201300022331,0.0,7,0,0.0,2.0,1.0,1.0,B01
201200051598,0.0,7,0,0.0,2.0,0.0,10.0,A01
200700070015,0.0,1,0,0.0,2.0,8.0,0.0,B01
201100059468,0.0,13,0,0.0,1.0,2.0,14.0,A01
201100026112,0.0,10,0,0.0,2.0,1.0,1.0,A01
200500076630,0.0,4,0,0.0,2.0,1.0,1.0,B01
201200014507,0.0,7,0,0.0,1.0,0.0,4.0,A01
200900072734,0.0,7,0,0.0,2.0,3.0,1.0,A01
200600005443,0.0,14,0,0.0,2.0,1.0,2.0,A01
201400002332,0.0,7,0,13.0,0.0,2.0,1.0,A01
201100009434,0.0,7,0,0.0,2.0,2.0,2.0,A01
201000002637,0.0,7,0,0.0,2.0,8.0,1.0,A01
200900012724,0.0,33,0,0.0,1.0,3.0,16.0,A01
201100059292,0.0,30,0,0.0,2.0,1.0,17.0,A01
200700044185,0.0,10,0,0.0,2.0,4.0,1.0,A01
200700066524,0.0,7,0,0.0,1.0,1.0,1.0,A01
200500017887,0.0,7,0,0.0,0.0,4.0,1.0,A01
201400030203,0.0,7,0,0.0,9.0,1.0,1.0,A01
201400049595,0.0,7,0,0.0,2.0,1.0,16.0,B01
200600042060,0.0,33,0,5.0,0.0,8.0,17.0,A01
201400056451,0.0,7,0,0.0,2.0,8.0,15.0,A01
200700036024,0.0,7,0,0.0,2.0,1.0,1.0,A01
201000059766,0.0,7,0,0.0,2.0,5.0,2.0,B01
200600075018,0.0,33,0,0.0,0.0,0.0,0.0,A01
201100019660,0.0,7,0,0.0,2.0,1.0,0.0,A01
200900035939,0.0,1,0,0.0,2.0,1.0,1.0,A01
200900000330,0.0,33,0,0.0,2.0,7.0,1.0,B01
200500084334,0.0,7,0,0.0,1.0,1.0,1.0,A01
200700077467,0.0,7,0,0.0,1.0,3.0,1.0,A01
201100056918,0.0,10,0,0.0,2.0,1.0,0.0,B01
200800011826,0.0,14,0,8.0,0.0,1.0,0.0,A01
201300009629,0.0,7,0,0.0,2.0,1.0,15.0,B02
200700013093,0.0,34,0,1.0,2.0,1.0,1.0,C03
201600032789,1.0,7,0,0.0,2.0,8.0,1.0,A01
200800048586,0.0,14,0,10.0,0.0,7.0,1.0,A01
200800064947,0.0,13,0,0.0,1.0,2.0,0.0,B01
201600011085,1.0,7,0,0.0,2.0,1.0,5.0,A01
201000021425,0.0,3,0,0.0,1.0,4.0,1.0,A01
200900001600,0.0,1,0,0.0,2.0,8.0,15.0,A01
201400001643,0.0,21,0,13.0,0.0,7.0,1.0,A01
201400040921,0.0,7,0,0.0,2.0,1.0,1.0,A01
200700022205,0.0,2,0,0.0,2.0,0.0,1.0,A01
201000014081,0.0,7,0,0.0,2.0,5.0,10.0,A01
201400012996,0.0,10,0,0.0,2.0,4.0,2.0,C03
200900024946,0.0,7,0,0.0,0.0,4.0,23.0,C01
201100026512,0.0,7,0,0.0,2.0,1.0,1.0,B01
201600026633,1.0,7,0,9.0,1.0,1.0,1.0,A01
201000014339,0.0,10,0,13.0,0.0,1.0,1.0,A01
200700033585,0.0,7,0,0.0,2.0,8.0,15.0,B02
200600019339,0.0,5,0,0.0,2.0,3.0,0.0,B01
201400041433,0.0,7,0,0.0,2.0,3.0,6.0,A01
200500001764,0.0,7,0,6.0,0.0,3.0,1.0,A01
201400034461,0.0,2,0,0.0,2.0,1.0,1.0,B01
201500043480,0.0,7,0,0.0,2.0,3.0,15.0,B01
200700054948,0.0,7,0,0.0,2.0,8.0,1.0,B01
200900042437,0.0,30,0,0.0,2.0,8.0,18.0,B01
200900016698,0.0,7,0,0.0,1.0,1.0,1.0,A01
200500084028,0.0,7,0,0.0,9.0,3.0,15.0,A01
200900013087,0.0,15,0,0.0,1.0,2.0,1.0,A01
201500056500,0.0,7,0,0.0,2.0,4.0,2.0,B01
200600044744,0.0,14,0,3.0,0.0,3.0,1.0,A01
200900038183,0.0,7,0,3.0,2.0,8.0,17.0,A01
200800058679,0.0,7,0,0.0,2.0,2.0,1.0,A01
200900059684,0.0,7,0,0.0,2.0,1.0,19.0,A01
201100034195,0.0,36,0,7.0,0.0,7.0,0.0,A01
201300018282,0.0,30,0,0.0,0.0,4.0,2.0,B02
200500065310,0.0,14,0,0.0,2.0,1.0,0.0,A01
201300034782,0.0,7,0,0.0,1.0,1.0,0.0,A01
201500054293,0.0,33,0,0.0,2.0,8.0,1.0,A01
201000003126,0.0,33,0,0.0,2.0,1.0,1.0,B02
200700024712,0.0,7,0,14.0,0.0,1.0,2.0,B01
201300042839,0.0,7,0,0.0,2.0,7.0,15.0,A01
200700037262,0.0,7,0,4.0,0.0,8.0,1.0,A01
200800019764,0.0,7,0,0.0,2.0,1.0,2.0,B01
201500012522,0.0,33,0,0.0,0.0,0.0,21.0,B02
200700034627,0.0,32,0,0.0,2.0,8.0,1.0,B01
201200016733,0.0,2,0,0.0,0.0,0.0,0.0,B01
200500001277,0.0,7,0,0.0,2.0,4.0,23.0,B02
200600056699,0.0,1,0,0.0,1.0,1.0,1.0,A01
200500023699,0.0,7,0,0.0,2.0,1.0,1.0,B02
200500060809,0.0,2,0,0.0,2.0,1.0,1.0,A01
200900055060,0.0,40,0,0.0,2.0,1.0,1.0,B01
200600058850,0.0,7,0,2.0,0.0,1.0,13.0,A01
200800025179,0.0,7,0,0.0,2.0,2.0,15.0,A01
201200008334,0.0,7,0,0.0,2.0,5.0,2.0,B02
201100024225,0.0,7,0,0.0,2.0,1.0,1.0,B01
200600057200,0.0,5,0,1.0,1.0,1.0,21.0,A01
201100040726,0.0,7,0,0.0,1.0,3.0,15.0,A01
201200000524,0.0,17,0,0.0,0.0,8.0,1.0,B02
201500042883,0.0,7,0,0.0,9.0,5.0,23.0,B01
200900064707,0.0,7,0,0.0,1.0,1.0,1.0,A01
201500016729,0.0,33,0,0.0,2.0,1.0,1.0,B02
200600020215,0.0,7,0,0.0,0.0,4.0,1.0,B01
200600055521,0.0,1,0,0.0,2.0,8.0,2.0,B01
201600030793,0.0,7,0,0.0,1.0,4.0,4.0,A01
200700062205,0.0,7,0,0.0,2.0,8.0,15.0,B01
200500052069,0.0,7,0,0.0,2.0,6.0,4.0,B01
201300053827,0.0,32,0,0.0,2.0,7.0,17.0,B01
201000056422,0.0,17,0,6.0,0.0,1.0,14.0,A01
201300017518,0.0,33,0,16.0,0.0,1.0,1.0,A01
200600066080,0.0,7,0,0.0,2.0,3.0,15.0,A01
200600049021,0.0,7,0,0.0,2.0,1.0,0.0,A01
200600018286,0.0,7,0,6.0,0.0,1.0,1.0,A01
200700045459,0.0,7,0,0.0,0.0,0.0,0.0,B01
201100060130,0.0,7,0,0.0,2.0,4.0,1.0,B01
200900036474,0.0,7,0,0.0,2.0,1.0,1.0,B01
200500033923,0.0,7,0,0.0,2.0,4.0,0.0,D01
200600047545,0.0,2,0,0.0,2.0,6.0,17.0,A01
201100034951,0.0,33,0,0.0,2.0,1.0,1.0,B01
200700038362,0.0,7,0,0.0,0.0,4.0,1.0,B01
200700022528,0.0,2,0,0.0,2.0,1.0,1.0,B01
200900040782,0.0,34,0,0.0,1.0,1.0,1.0,A01
200500003353,0.0,5,0,0.0,2.0,8.0,1.0,B01
201200060154,0.0,31,0,0.0,2.0,4.0,2.0,A01
201400036461,0.0,7,0,0.0,2.0,4.0,16.0,C01
201200031453,0.0,7,0,0.0,1.0,2.0,9.0,A01
200500039489,0.0,7,0,13.0,0.0,9.0,1.0,A01
200700036035,0.0,7,0,0.0,2.0,1.0,1.0,A01
200700034358,0.0,33,0,0.0,2.0,1.0,0.0,B01
201600057291,2.0,33,0,0.0,2.0,2.0,3.0,B01
200800076849,0.0,33,0,0.0,2.0,1.0,1.0,A01
200500076675,0.0,7,0,0.0,0.0,4.0,23.0,B01
201200051975,0.0,10,0,0.0,2.0,3.0,1.0,A01
200500013628,0.0,7,0,0.0,2.0,1.0,5.0,A01
201100005405,0.0,7,0,0.0,2.0,8.0,17.0,B02
200900035554,0.0,7,0,0.0,2.0,2.0,2.0,A01
200500003963,0.0,7,0,0.0,9.0,2.0,15.0,A01
201200027141,0.0,7,0,0.0,2.0,3.0,1.0,B01
200800062007,0.0,7,0,0.0,2.0,4.0,2.0,B01
201500055633,0.0,30,0,0.0,2.0,2.0,17.0,B01
200800038903,0.0,7,0,0.0,2.0,2.0,1.0,A01
201500031064,0.0,7,0,0.0,0.0,0.0,0.0,A01
200700076836,0.0,7,0,0.0,2.0,2.0,1.0,B01
201300019363,0.0,7,0,0.0,0.0,8.0,15.0,A01
200800049329,0.0,2,0,0.0,2.0,1.0,1.0,B02
200700012527,0.0,10,0,0.0,2.0,3.0,1.0,A01
201600010235,1.0,33,0,0.0,2.0,9.0,2.0,A01
200700045713,0.0,33,0,0.0,2.0,7.0,1.0,B01
200700042445,0.0,2,0,0.0,2.0,1.0,1.0,A01
201100054687,0.0,7,0,0.0,2.0,6.0,11.0,B01
200700054852,0.0,7,0,0.0,2.0,2.0,1.0,A01
201600008703,2.0,7,0,0.0,2.0,1.0,13.0,A01
200800038790,0.0,7,0,0.0,2.0,1.0,1.0,A01
200700016766,0.0,7,0,1.0,0.0,2.0,2.0,A01
200600044393,0.0,7,0,0.0,2.0,8.0,15.0,B02
201600020413,2.0,7,0,7.0,0.0,3.0,14.0,A01
200700019479,0.0,2,0,0.0,2.0,3.0,15.0,B02
201100017658,0.0,15,0,0.0,2.0,6.0,17.0,A01
200500066742,0.0,7,0,0.0,2.0,7.0,15.0,A01
201500022533,0.0,30,0,0.0,2.0,1.0,0.0,B01
200800073365,0.0,7,0,0.0,2.0,0.0,2.0,C01
200900015627,0.0,17,0,0.0,2.0,5.0,17.0,B02
201000056450,0.0,7,0,0.0,2.0,1.0,2.0,C01
201600016251,0.0,33,0,0.0,2.0,1.0,2.0,A01
200500039252,0.0,7,0,0.0,2.0,1.0,15.0,B02
200700036863,0.0,7,0,0.0,2.0,2.0,12.0,A01
200600014593,0.0,5,0,0.0,2.0,8.0,2.0,B01
200500016109,0.0,7,0,0.0,2.0,1.0,2.0,A01
200600007622,0.0,10,0,0.0,2.0,2.0,12.0,B01
200700076296,0.0,7,0,0.0,0.0,5.0,23.0,B01
200800043107,0.0,7,0,0.0,1.0,2.0,1.0,A01
201100007419,0.0,7,0,0.0,1.0,1.0,17.0,A01
201300025838,0.0,7,0,0.0,2.0,1.0,2.0,A01
200500055829,0.0,14,0,0.0,2.0,1.0,1.0,B02
201200018195,0.0,33,0,2.0,0.0,1.0,1.0,A01
200600050901,0.0,14,0,0.0,2.0,1.0,2.0,A01
200600058294,0.0,7,0,0.0,2.0,1.0,1.0,A01
201000066431,0.0,30,0,0.0,0.0,7.0,1.0,A01
201000012474,0.0,7,0,0.0,9.0,4.0,15.0,B02
201000004393,0.0,1,0,0.0,2.0,7.0,1.0,B02
200700065566,1.0,14,0,0.0,0.0,0.0,1.0,A01
201400013910,0.0,7,0,0.0,2.0,8.0,13.0,A01
201500049006,0.0,7,0,0.0,0.0,4.0,0.0,D01
200900000596,0.0,7,0,4.0,2.0,6.0,1.0,B01
201300043543,0.0,32,0,14.0,0.0,1.0,0.0,A01
200900069336,0.0,7,0,0.0,2.0,7.0,0.0,B01
200600031960,0.0,1,0,0.0,0.0,4.0,16.0,A01
200700032868,0.0,1,0,0.0,2.0,1.0,1.0,B02
200500065195,0.0,4,0,0.0,0.0,7.0,17.0,A01
200800013981,0.0,33,0,0.0,2.0,1.0,1.0,B01
201300046296,0.0,7,0,0.0,2.0,1.0,2.0,B01
200600054800,0.0,30,0,0.0,0.0,0.0,21.0,B01
201400044205,0.0,7,0,0.0,2.0,3.0,11.0,A01
200800017803,0.0,7,0,0.0,2.0,7.0,15.0,B02
200700025624,0.0,7,0,0.0,2.0,1.0,15.0,A01
200900034253,0.0,7,0,0.0,0.0,3.0,24.0,C01
200600033668,0.0,7,0,0.0,2.0,3.0,9.0,A01
200700033305,0.0,7,0,0.0,0.0,1.0,1.0,B02
201500002930,0.0,7,0,2.0,0.0,2.0,2.0,A01
200800010284,0.0,30,0,0.0,2.0,7.0,17.0,A01
201600015078,1.0,10,0,0.0,2.0,8.0,10.0,A01
201500057289,0.0,7,0,0.0,2.0,1.0,1.0,B01
201300055752,0.0,34,0,0.0,2.0,7.0,17.0,B01
200700032972,0.0,7,0,0.0,2.0,3.0,1.0,B02
200500054129,0.0,7,0,0.0,2.0,6.0,17.0,A01
201100065039,0.0,7,0,0.0,1.0,5.0,1.0,A01
201100060421,0.0,7,0,0.0,2.0,1.0,2.0,A01
200600019996,0.0,7,0,0.0,2.0,1.0,15.0,A01
201500001357,0.0,7,0,0.0,1.0,3.0,15.0,A01
201400057244,0.0,7,0,0.0,2.0,4.0,23.0,B01
201500047433,0.0,7,0,0.0,2.0,1.0,1.0,A01
201100030473,0.0,7,0,0.0,2.0,3.0,1.0,A01
200600067198,0.0,7,0,0.0,2.0,9.0,2.0,B01
201400012855,0.0,7,0,0.0,1.0,1.0,21.0,E05
200800021375,0.0,33,0,0.0,2.0,3.0,3.0,B01
200700077004,0.0,7,0,14.0,0.0,1.0,2.0,B01
201200049752,0.0,7,0,0.0,2.0,4.0,2.0,A01
200900036272,0.0,7,0,0.0,2.0,1.0,1.0,C03
201100005869,0.0,7,0,0.0,2.0,8.0,15.0,A01
201600014136,2.0,7,0,0.0,1.0,2.0,1.0,A01
201400029672,0.0,99,0,1.0,0.0,2.0,2.0,A01
201100021055,0.0,7,0,0.0,2.0,7.0,0.0,A01
201200022361,0.0,30,0,0.0,2.0,4.0,13.0,B01
201200012062,0.0,7,0,13.0,0.0,3.0,21.0,C03
201600038512,0.0,7,0,0.0,1.0,1.0,15.0,A01
200800058848,0.0,2,0,0.0,2.0,7.0,1.0,B01
200800046258,0.0,15,0,0.0,1.0,1.0,1.0,A01
200500033750,0.0,7,0,0.0,2.0,8.0,9.0,A01
201600041359,0.0,7,0,0.0,2.0,1.0,2.0,B01
200500063548,0.0,9,0,0.0,2.0,1.0,1.0,A01
201100004697,0.0,7,0,6.0,0.0,3.0,14.0,A01
201000033596,0.0,7,0,0.0,1.0,2.0,4.0,A01
200500006599,0.0,1,0,0.0,2.0,1.0,1.0,B01
201600014888,1.0,7,0,0.0,2.0,8.0,10.0,A01
200600042124,0.0,33,0,0.0,0.0,0.0,1.0,A01
201100004904,0.0,7,0,13.0,0.0,7.0,1.0,A01
200600002755,0.0,4,0,0.0,2.0,1.0,1.0,B01
201100035689,0.0,7,0,0.0,2.0,3.0,10.0,A01
200600025896,0.0,7,0,0.0,2.0,1.0,1.0,B01
200800039867,0.0,7,0,0.0,2.0,1.0,2.0,A01
201300034875,0.0,7,0,0.0,2.0,1.0,1.0,B01
201200060863,0.0,33,0,1.0,2.0,1.0,17.0,B02
200500055462,0.0,7,0,0.0,2.0,1.0,13.0,B02
201200022548,0.0,1,0,0.0,2.0,8.0,2.0,B01
200600030890,0.0,30,0,0.0,1.0,3.0,1.0,A01
200900066693,0.0,2,0,0.0,2.0,1.0,15.0,B02
200900010748,0.0,7,0,0.0,2.0,3.0,1.0,B01
200700023245,0.0,4,0,0.0,1.0,1.0,1.0,A01
200800031361,0.0,7,0,0.0,2.0,1.0,24.0,B01
200800014126,0.0,7,0,0.0,2.0,2.0,9.0,A01
200800015993,0.0,2,0,8.0,0.0,1.0,1.0,B02
200800016990,0.0,38,0,0.0,2.0,1.0,1.0,B02
200800005731,0.0,7,0,4.0,2.0,1.0,2.0,A01
201600010884,1.0,10,0,0.0,2.0,3.0,2.0,B01
201300049347,0.0,33,0,0.0,2.0,1.0,17.0,A01
200500065074,0.0,4,0,0.0,2.0,1.0,1.0,B01
201000063397,0.0,30,0,0.0,2.0,1.0,15.0,A01
200800011647,0.0,7,0,0.0,2.0,1.0,19.0,A01
200800022279,0.0,7,0,0.0,2.0,2.0,1.0,B01
200600061052,0.0,7,0,1.0,2.0,0.0,9.0,A01
201600002428,2.0,7,0,0.0,2.0,1.0,1.0,A01
200700048136,0.0,17,0,0.0,0.0,0.0,0.0,C03
201300014780,0.0,7,0,0.0,0.0,1.0,1.0,B01
201100063814,0.0,1,0,0.0,2.0,1.0,1.0,B01
201100018058,0.0,33,0,0.0,2.0,5.0,23.0,B02
201600032132,1.0,7,0,0.0,2.0,1.0,13.0,A01
200500032957,0.0,7,0,0.0,2.0,7.0,7.0,A01
201100034474,0.0,2,0,0.0,2.0,1.0,2.0,B01
201000053153,0.0,7,0,0.0,2.0,1.0,1.0,B01
201600045701,2.0,7,0,0.0,2.0,1.0,2.0,B01
201100014144,0.0,7,0,13.0,0.0,3.0,1.0,A01
201500045510,0.0,7,0,0.0,2.0,4.0,2.0,B01
200900013480,0.0,7,0,0.0,0.0,3.0,17.0,B02
200700068920,0.0,31,0,0.0,2.0,3.0,1.0,A01
200700009327,0.0,30,0,0.0,2.0,1.0,15.0,A01
201400030093,0.0,7,0,0.0,2.0,4.0,15.0,B01
201500025225,0.0,7,0,0.0,2.0,7.0,1.0,B01
200900023996,0.0,7,0,0.0,1.0,0.0,0.0,A01
201100063533,0.0,30,0,0.0,0.0,8.0,1.0,A01
201200009681,0.0,1,0,0.0,0.0,3.0,19.0,B02
200700061755,0.0,10,0,0.0,2.0,2.0,19.0,A01
200800013350,0.0,7,0,0.0,1.0,1.0,1.0,A01
200700039794,0.0,31,0,0.0,0.0,7.0,1.0,A01
201600046994,1.0,7,0,0.0,2.0,4.0,0.0,B01
200900026077,0.0,7,0,0.0,1.0,2.0,21.0,A01
201600004416,1.0,7,0,8.0,0.0,1.0,14.0,A01
201200008759,0.0,10,0,0.0,2.0,2.0,15.0,A01
200500080319,0.0,18,0,0.0,1.0,0.0,1.0,A01
201500055931,0.0,2,0,2.0,0.0,1.0,14.0,A01
200600026078,0.0,7,0,0.0,2.0,3.0,23.0,B01
201400013040,0.0,7,0,0.0,2.0,1.0,0.0,B01
200700062810,0.0,7,0,0.0,2.0,1.0,1.0,A01
200700015701,0.0,7,0,11.0,0.0,1.0,1.0,A01
201200022917,0.0,7,0,0.0,1.0,2.0,1.0,A01
200600060033,0.0,7,0,0.0,2.0,0.0,13.0,A01
201600011990,2.0,17,0,0.0,2.0,1.0,15.0,B01
201100059331,0.0,13,0,0.0,2.0,4.0,2.0,B01
201300002766,0.0,7,0,0.0,2.0,3.0,1.0,B02