Num_Acc,senc,catv,occutc,obs,obsm,choc,manv,num_veh
201400026359,0.0,7,0,0.0,0.0,3.0,15.0,B01
200500060962,0.0,7,0,0.0,2.0,3.0,15.0,B01
201000038020,0.0,7,0,0.0,1.0,2.0,1.0,A01
201300046658,0.0,33,0,0.0,2.0,7.0,21.0,A01
200600067624,0.0,30,0,0.0,2.0,7.0,1.0,B01
200900072475,0.0,7,0,0.0,1.0,2.0,1.0,A01
200700081759,0.0,2,0,0.0,2.0,3.0,23.0,B01
200600059042,0.0,7,0,0.0,2.0,8.0,1.0,B02
201600054358,0.0,7,0,0.0,2.0,8.0,15.0,A01
201600046025,2.0,7,0,0.0,2.0,6.0,0.0,B01
201100037066,0.0,7,0,0.0,1.0,2.0,1.0,A01
200700068261,0.0,7,0,0.0,2.0,6.0,11.0,A01
200900052514,0.0,33,0,0.0,2.0,2.0,9.0,B01
200800071764,0.0,7,0,0.0,2.0,2.0,15.0,A01
200900030624,0.0,7,0,0.0,2.0,2.0,15.0,A01
201000039906,0.0,7,0,0.0,1.0,1.0,1.0,A01
201500011499,0.0,7,0,0.0,0.0,4.0,2.0,A01
200500067422,0.0,7,0,0.0,2.0,1.0,16.0,A01
201300037293,0.0,32,0,0.0,2.0,1.0,2.0,A01
200700033268,0.0,7,0,0.0,2.0,3.0,1.0,B02
201400007541,0.0,10,0,0.0,0.0,9.0,1.0,A01
200900019707,0.0,3,0,0.0,2.0,1.0,1.0,B01
201100012572,0.0,31,0,0.0,1.0,1.0,1.0,A01
200900024377,0.0,7,0,6.0,2.0,5.0,1.0,B01
201600018042,1.0,7,0,0.0,2.0,1.0,0.0,B02
201200039888,0.0,7,0,0.0,1.0,2.0,1.0,A01
201000066483,0.0,7,0,0.0,2.0,3.0,1.0,C01
200600014121,0.0,7,0,6.0,2.0,8.0,1.0,B01
200500006149,0.0,7,0,0.0,1.0,1.0,1.0,A01
200600051911,0.0,7,0,0.0,1.0,1.0,1.0,A01
201600031991,0.0,2,0,0.0,2.0,7.0,1.0,B01
200500079153,0.0,7,0,2.0,0.0,1.0,0.0,A01
200500069174,0.0,7,0,1.0,0.0,2.0,1.0,B01
200700021345,0.0,7,0,0.0,2.0,1.0,1.0,A01
200600008650,0.0,7,0,0.0,2.0,1.0,15.0,A01
200600042385,0.0,10,0,0.0,2.0,3.0,1.0,B02
200800010216,0.0,7,0,0.0,2.0,2.0,1.0,A01
200600079969,0.0,17,0,0.0,2.0,8.0,11.0,A01
200500064565,0.0,7,0,4.0,0.0,3.0,13.0,A01
200700048131,0.0,7,0,13.0,2.0,2.0,17.0,B02
201300007020,0.0,7,0,0.0,2.0,2.0,17.0,B02
201600046157,2.0,7,0,0.0,2.0,4.0,2.0,B01
200500018603,0.0,7,0,0.0,1.0,2.0,1.0,C01
201600042846,0.0,31,0,0.0,2.0,1.0,1.0,B01
200500010083,0.0,5,0,0.0,2.0,0.0,1.0,B01
201000017231,0.0,7,0,0.0,2.0,1.0,1.0,B01
201100045650,0.0,7,0,0.0,1.0,1.0,9.0,A01
200500037932,0.0,7,0,0.0,2.0,3.0,1.0,B02
201300043421,0.0,7,0,0.0,2.0,2.0,1.0,A01
201100064989,0.0,7,0,0.0,2.0,1.0,2.0,A01
201600013023,2.0,14,0,0.0,0.0,0.0,1.0,A01
200500020142,0.0,2,0,0.0,2.0,1.0,1.0,B01
201400000839,0.0,7,0,0.0,0.0,3.0,1.0,B02
201400048463,0.0,7,0,4.0,0.0,1.0,0.0,A01
200500051635,0.0,2,0,0.0,2.0,8.0,1.0,B01
200600027600,0.0,7,0,0.0,2.0,4.0,2.0,A01
200800017798,0.0,10,0,1.0,0.0,1.0,1.0,A01
201500012420,0.0,7,0,0.0,0.0,1.0,15.0,A01
200600038217,0.0,7,0,0.0,2.0,3.0,15.0,A01
201300025343,0.0,33,0,0.0,2.0,1.0,2.0,B01
200900042602,0.0,7,0,0.0,0.0,1.0,2.0,A01
201400053931,0.0,33,0,0.0,1.0,1.0,1.0,A01
200500015049,0.0,2,0,0.0,2.0,1.0,1.0,B01
200600039407,0.0,32,0,0.0,1.0,1.0,1.0,B01
200700007435,0.0,7,0,0.0,2.0,1.0,1.0,A01
200600074918,0.0,7,0,0.0,2.0,4.0,0.0,O15
200700078311,0.0,7,0,6.0,0.0,1.0,1.0,A01
201100053892,0.0,7,0,0.0,2.0,1.0,2.0,B01
200700011607,0.0,30,0,1.0,2.0,1.0,17.0,A01
200800048753,0.0,7,0,8.0,0.0,2.0,1.0,A01
201500024753,0.0,7,0,0.0,2.0,1.0,2.0,A01
201400031024,0.0,7,0,0.0,1.0,1.0,2.0,A01
200600071742,0.0,15,0,0.0,2.0,1.0,1.0,B02
201200052402,1.0,7,0,0.0,0.0,0.0,0.0,Z01
200700054217,0.0,7,0,2.0,0.0,1.0,14.0,A01
201600032384,1.0,7,0,0.0,2.0,4.0,1.0,B01
201500046756,0.0,7,0,0.0,0.0,0.0,0.0,B01
201100016710,0.0,7,0,4.0,2.0,5.0,17.0,A01
201300005938,0.0,7,0,0.0,0.0,9.0,14.0,A01
201300029394,0.0,7,0,0.0,2.0,1.0,13.0,A01
201500017522,0.0,31,0,0.0,6.0,1.0,0.0,A01
200800039907,0.0,2,0,0.0,2.0,1.0,1.0,A01
200600010064,0.0,7,0,0.0,2.0,3.0,15.0,B01
201200022785,0.0,17,0,0.0,2.0,1.0,2.0,A01
200600056714,0.0,7,0,0.0,1.0,1.0,15.0,A01
201400022995,0.0,7,0,0.0,2.0,3.0,1.0,C01
200600031595,0.0,7,0,0.0,2.0,3.0,17.0,A01
201200006955,0.0,10,0,0.0,2.0,1.0,13.0,B02
201500043356,0.0,37,0,0.0,1.0,7.0,1.0,A01
201300041724,0.0,10,0,0.0,2.0,2.0,15.0,A01
200600055631,0.0,33,0,0.0,0.0,1.0,1.0,B01
200500082555,0.0,4,0,0.0,2.0,2.0,1.0,B01
200700040101,0.0,10,0,0.0,2.0,3.0,1.0,A01
201400010192,0.0,7,0,0.0,1.0,1.0,1.0,A01
201400011298,0.0,33,0,0.0,2.0,9.0,1.0,B01
200900054545,0.0,7,0,0.0,2.0,4.0,1.0,C01
201000013888,0.0,15,0,0.0,0.0,6.0,23.0,B02
200600076051,0.0,7,0,0.0,2.0,1.0,9.0,A01
201600006652,2.0,10,0,0.0,2.0,3.0,17.0,A01
201000026323,0.0,7,0,0.0,2.0,8.0,1.0,B01
200900048311,0.0,7,0,0.0,2.0,1.0,15.0,A01
200900013781,0.0,7,0,0.0,2.0,3.0,15.0,B01
200900000353,0.0,7,0,0.0,2.0,1.0,2.0,D01
201400051648,0.0,7,0,0.0,9.0,1.0,2.0,B01
200600035870,0.0,33,0,0.0,2.0,8.0,1.0,B01
201500012596,0.0,10,0,0.0,2.0,1.0,1.0,A01
201000002312,0.0,7,0,0.0,2.0,3.0,19.0,A01
201500057464,0.0,31,0,0.0,2.0,1.0,1.0,B01
201300031301,0.0,7,0,15.0,0.0,1.0,13.0,A01
200500071594,0.0,7,0,0.0,2.0,4.0,2.0,A01
201200030486,0.0,7,0,0.0,2.0,1.0,1.0,B01
201300037584,0.0,7,0,0.0,2.0,0.0,1.0,A01
201400049387,0.0,32,0,0.0,2.0,1.0,1.0,A01
201400016162,0.0,7,0,0.0,2.0,8.0,2.0,A01
200900034658,0.0,30,0,0.0,2.0,4.0,0.0,B02
200900065434,0.0,7,0,0.0,2.0,1.0,1.0,A01
200900023986,0.0,33,0,0.0,0.0,1.0,0.0,A01
201500022997,0.0,31,0,0.0,2.0,7.0,1.0,B01
201400035963,2.0,30,0,0.0,1.0,0.0,19.0,A01
200600066747,0.0,7,0,0.0,2.0,1.0,1.0,B01
201400056316,0.0,7,0,0.0,2.0,6.0,1.0,A01
201200013622,0.0,7,0,0.0,2.0,3.0,1.0,B01
201200003056,0.0,7,0,0.0,0.0,3.0,13.0,A01
201300032946,0.0,7,0,0.0,2.0,4.0,2.0,D01
200600043802,0.0,7,0,0.0,0.0,9.0,1.0,A01
200500007598,0.0,5,0,1.0,0.0,9.0,1.0,A01
201000059462,0.0,7,0,0.0,2.0,4.0,2.0,C01
200500051882,1.0,7,0,0.0,2.0,3.0,2.0,A01
200900072885,0.0,7,0,0.0,1.0,1.0,21.0,A01
200800007375,0.0,30,0,8.0,0.0,0.0,0.0,A01
200800036804,0.0,7,0,0.0,2.0,3.0,6.0,B02
200900034209,0.0,2,0,0.0,2.0,1.0,2.0,B01
201600050715,1.0,7,0,0.0,2.0,4.0,2.0,B01
200800068011,0.0,30,0,0.0,2.0,2.0,1.0,A01
201500032961,2.0,7,0,0.0,0.0,2.0,15.0,Z01
201300037361,0.0,7,0,0.0,2.0,1.0,13.0,A01
201000050642,0.0,32,0,0.0,1.0,8.0,1.0,A01
201400022234,0.0,7,0,0.0,2.0,7.0,15.0,A01
200900050632,0.0,7,0,0.0,2.0,1.0,1.0,C01
200700079166,0.0,7,0,0.0,2.0,3.0,15.0,B01
201400008463,0.0,10,0,13.0,2.0,7.0,11.0,A01
201300010606,0.0,33,0,0.0,2.0,1.0,1.0,B01
200800022010,0.0,7,0,0.0,0.0,4.0,2.0,C01
201000025353,0.0,7,0,0.0,2.0,4.0,23.0,C01
200600061770,0.0,7,0,0.0,0.0,4.0,1.0,C01
200500012745,0.0,7,0,0.0,0.0,9.0,1.0,A01
200500018055,0.0,5,0,0.0,2.0,0.0,21.0,A01
201000051051,0.0,7,0,0.0,2.0,1.0,15.0,A01
201200056577,0.0,7,0,0.0,1.0,2.0,7.0,A01
200500080735,0.0,13,0,0.0,2.0,1.0,2.0,A01
200700030670,0.0,33,0,0.0,1.0,7.0,2.0,A01
201500023914,0.0,7,0,0.0,1.0,2.0,1.0,A01
201600014950,1.0,7,0,0.0,2.0,6.0,23.0,B01
200900024086,1.0,7,0,16.0,0.0,0.0,1.0,A01
200800058047,0.0,1,0,0.0,2.0,1.0,1.0,A01
200600075356,0.0,7,0,15.0,0.0,5.0,1.0,A01
201600050799,2.0,7,0,0.0,2.0,8.0,13.0,B01
200700000216,0.0,7,0,0.0,9.0,7.0,15.0,A01
200700031830,0.0,7,0,0.0,0.0,4.0,1.0,C01
201100040100,0.0,7,0,6.0,0.0,1.0,1.0,A01
200700063753,0.0,7,0,0.0,2.0,8.0,1.0,B01
201300023512,0.0,10,0,0.0,2.0,4.0,2.0,B01
201100053741,0.0,7,0,0.0,2.0,1.0,11.0,A01
200800006699,0.0,7,0,0.0,2.0,6.0,15.0,A01
200900051740,0.0,32,0,0.0,2.0,8.0,0.0,A01
201500010930,0.0,30,0,0.0,1.0,1.0,1.0,A01
200500036608,0.0,15,0,0.0,2.0,7.0,1.0,B01
200600011489,0.0,4,0,0.0,2.0,1.0,2.0,A01
200600008027,0.0,2,0,0.0,2.0,2.0,17.0,B01
201400018265,0.0,14,0,0.0,2.0,2.0,1.0,C03
200600046774,0.0,7,0,4.0,2.0,4.0,1.0,A01
200800043470,1.0,7,0,0.0,1.0,1.0,1.0,A01
201000014694,0.0,7,0,0.0,1.0,1.0,1.0,A01
201400023678,0.0,33,0,0.0,2.0,1.0,1.0,B02
200800068057,0.0,7,0,0.0,2.0,5.0,1.0,B01
201500027380,0.0,7,0,0.0,2.0,1.0,1.0,A01
201000020611,0.0,7,0,0.0,2.0,4.0,0.0,B01
201400032022,0.0,7,0,9.0,2.0,0.0,13.0,A01
200800045769,0.0,7,0,0.0,2.0,1.0,1.0,A01
201600007536,0.0,7,0,0.0,2.0,3.0,1.0,B02
200500013771,0.0,7,0,13.0,0.0,9.0,14.0,A01
200700023486,0.0,7,0,0.0,2.0,2.0,1.0,B01
200800056977,0.0,7,0,0.0,2.0,3.0,15.0,A01
200500048375,0.0,7,0,0.0,2.0,2.0,1.0,A01
201300019545,0.0,7,0,0.0,0.0,4.0,0.0,B01
201300018636,0.0,7,0,0.0,2.0,8.0,19.0,A01
201400006838,0.0,7,0,0.0,9.0,3.0,1.0,C03
200500062145,0.0,1,0,0.0,0.0,0.0,1.0,A01
200700047322,0.0,7,0,0.0,2.0,3.0,1.0,A01
200500054642,0.0,7,0,8.0,0.0,8.0,1.0,A01
201400021403,0.0,7,0,0.0,2.0,7.0,17.0,B01
201400006874,0.0,7,0,0.0,2.0,6.0,1.0,B02
201600022630,0.0,10,0,0.0,0.0,0.0,1.0,A01
201000063836,0.0,31,0,12.0,2.0,7.0,17.0,B01
201100051465,0.0,31,0,0.0,2.0,1.0,1.0,A01
201500024248,0.0,7,0,0.0,0.0,2.0,16.0,B01
201500011156,0.0,7,0,0.0,2.0,3.0,12.0,A01
201000051533,0.0,7,0,0.0,1.0,1.0,0.0,A01
201200026369,0.0,31,0,0.0,2.0,7.0,1.0,B01
201600039221,0.0,34,0,0.0,2.0,1.0,1.0,B01
200600045582,0.0,7,0,0.0,2.0,1.0,1.0,C03
200900011426,0.0,7,0,0.0,2.0,0.0,10.0,A01
200600064327,0.0,30,0,0.0,2.0,0.0,16.0,A01
200600031188,0.0,7,0,0.0,2.0,1.0,1.0,C03
200600027029,0.0,7,0,0.0,2.0,1.0,9.0,A01
200900050024,0.0,7,0,0.0,2.0,1.0,1.0,A01
200900035416,0.0,30,0,0.0,2.0,3.0,1.0,A01
201000017181,0.0,1,0,0.0,2.0,1.0,1.0,B01
201400018710,0.0,7,0,0.0,0.0,5.0,2.0,B02
201000044844,0.0,7,0,15.0,2.0,1.0,14.0,A01
201300044511,0.0,2,0,0.0,1.0,0.0,0.0,A01
200600032867,0.0,7,0,0.0,2.0,6.0,4.0,A01
201500058569,0.0,7,0,0.0,1.0,1.0,16.0,A01
200600007541,0.0,2,0,0.0,2.0,1.0,17.0,B01
200500002423,0.0,7,0,0.0,2.0,1.0,0.0,B01
201600034041,0.0,30,0,0.0,2.0,7.0,1.0,A01
201400056649,0.0,7,0,0.0,2.0,5.0,14.0,A01
201300026777,0.0,7,0,0.0,1.0,8.0,1.0,A01
201400057677,0.0,7,0,0.0,2.0,6.0,1.0,B01
201100031247,0.0,7,0,0.0,2.0,3.0,2.0,B01
200600066960,0.0,7,0,1.0,1.0,1.0,1.0,A01
201100062055,0.0,7,0,0.0,0.0,3.0,15.0,B01
200700070000,0.0,10,0,0.0,1.0,2.0,1.0,A01
200700033636,0.0,7,0,0.0,2.0,2.0,17.0,B02
201000018384,0.0,99,0,0.0,0.0,0.0,0.0,B02
201000037682,0.0,7,0,0.0,1.0,1.0,1.0,A01
200900017187,0.0,7,0,0.0,2.0,3.0,1.0,B01
201600058393,2.0,2,0,0.0,1.0,1.0,1.0,Z01
200800042548,0.0,32,0,0.0,0.0,6.0,1.0,B01
200800005644,0.0,7,0,0.0,0.0,0.0,0.0,A01
201200035092,0.0,2,0,0.0,2.0,1.0,19.0,B01
200500026270,0.0,2,0,0.0,2.0,1.0,1.0,B02
200800048228,0.0,7,0,0.0,2.0,1.0,1.0,B02
201100025215,0.0,7,0,0.0,2.0,5.0,9.0,A01
200700040656,0.0,7,0,0.0,1.0,5.0,4.0,A01
200900020666,0.0,7,0,0.0,2.0,3.0,1.0,B01
201400033880,0.0,7,0,0.0,2.0,3.0,9.0,B01
201200017174,0.0,7,0,0.0,2.0,4.0,2.0,B01
201300014687,0.0,32,0,0.0,2.0,1.0,17.0,B01
201100032368,0.0,37,1,0.0,1.0,2.0,1.0,A01
201000053777,0.0,7,0,0.0,2.0,7.0,1.0,B01
200500030561,0.0,7,0,0.0,2.0,8.0,22.0,A01
201300039553,0.0,33,0,0.0,2.0,1.0,1.0,B01
200800009557,0.0,30,0,0.0,1.0,1.0,1.0,A01
201000010764,0.0,7,0,0.0,2.0,1.0,1.0,B02
201600045987,2.0,15,0,0.0,2.0,0.0,0.0,A01
200900057799,0.0,7,0,0.0,2.0,3.0,15.0,A01
201600018839,2.0,7,0,0.0,2.0,3.0,1.0,B02
201400000283,0.0,7,0,0.0,2.0,1.0,1.0,B02
200500061820,0.0,7,0,0.0,2.0,4.0,11.0,A01
200500014840,0.0,2,0,0.0,2.0,1.0,1.0,A01
200500027055,0.0,7,0,1.0,0.0,2.0,13.0,A01
201100038209,0.0,7,0,0.0,1.0,0.0,4.0,A01
201600003431,2.0,7,0,0.0,2.0,2.0,19.0,B02
201000030566,0.0,7,0,0.0,2.0,1.0,9.0,A01
200600019391,2.0,7,0,0.0,2.0,1.0,10.0,A01
200700072481,0.0,15,0,0.0,2.0,2.0,16.0,B01
201100028712,0.0,7,0,0.0,0.0,4.0,2.0,A01
201500010019,0.0,31,0,0.0,2.0,1.0,1.0,B01
200800062698,0.0,7,0,0.0,1.0,1.0,1.0,A01
201200027493,0.0,34,0,0.0,1.0,3.0,1.0,A01
200500063839,0.0,7,0,0.0,2.0,2.0,1.0,B02
200500028742,0.0,7,0,0.0,2.0,8.0,1.0,A01
201300051198,0.0,32,0,0.0,2.0,7.0,1.0,A01
201300046031,1.0,7,0,0.0,2.0,8.0,11.0,B01
200600049282,0.0,7,0,0.0,1.0,4.0,10.0,A01
201200008483,0.0,34,0,0.0,2.0,1.0,17.0,B02
201400034981,0.0,2,0,0.0,0.0,9.0,14.0,A01
201400044554,0.0,32,0,0.0,0.0,0.0,19.0,A01
201500039418,0.0,10,0,0.0,2.0,4.0,2.0,D01
201500007695,0.0,10,0,0.0,2.0,1.0,2.0,C03
200800070234,0.0,30,0,0.0,2.0,8.0,1.0,B01
201000022288,0.0,2,0,0.0,2.0,1.0,2.0,A01
200700075831,0.0,7,0,0.0,2.0,3.0,15.0,A01
201300013403,0.0,7,0,0.0,2.0,1.0,2.0,A01
200600001056,0.0,7,0,15.0,2.0,7.0,1.0,A01
200900033477,0.0,7,0,0.0,1.0,4.0,4.0,A01
200700074764,0.0,7,0,0.0,2.0,0.0,1.0,B02
201000043511,0.0,2,0,7.0,0.0,3.0,2.0,A01
201000025681,0.0,7,0,0.0,2.0,4.0,1.0,B01
201200029794,0.0,7,0,0.0,2.0,4.0,1.0,D01
200700001894,0.0,7,0,0.0,2.0,1.0,1.0,B01
200800055211,0.0,7,0,0.0,2.0,1.0,17.0,A01
200700061785,0.0,10,0,0.0,2.0,1.0,15.0,A01
200900007044,0.0,2,0,0.0,2.0,1.0,2.0,B01
200600076888,0.0,7,0,0.0,2.0,8.0,1.0,C01
200600070311,0.0,7,0,0.0,2.0,2.0,2.0,B01
200600070866,0.0,7,0,3.0,0.0,1.0,1.0,A01
200600068390,0.0,30,0,1.0,2.0,1.0,1.0,B01
201500028218,0.0,7,0,0.0,2.0,6.0,14.0,B01
201400042193,1.0,7,0,0.0,0.0,0.0,0.0,Z01
200900005992,0.0,10,0,0.0,2.0,6.0,23.0,D01
201200049744,1.0,7,0,0.0,0.0,,,Z01
201500052209,0.0,2,0,0.0,1.0,7.0,1.0,A01
201400013244,0.0,14,0,0.0,2.0,7.0,1.0,B01
200600062898,0.0,7,0,0.0,2.0,1.0,1.0,B01
201300053817,0.0,1,0,1.0,2.0,1.0,1.0,B01
201600045815,1.0,7,0,0.0,2.0,1.0,1.0,A01
200600077400,0.0,7,0,0.0,2.0,8.0,15.0,A01
201100017568,0.0,7,0,0.0,1.0,4.0,4.0,A01
200500064510,0.0,5,0,14.0,0.0,1.0,0.0,A01
201400026197,0.0,10,0,0.0,2.0,3.0,11.0,A01
200800072367,0.0,7,0,0.0,2.0,8.0,1.0,A01
201500058484,1.0,30,0,0.0,1.0,0.0,0.0,A01
201200039100,0.0,7,0,0.0,2.0,1.0,15.0,A01
201000010291,0.0,7,0,0.0,2.0,3.0,1.0,A01
201600028301,1.0,7,0,0.0,1.0,8.0,1.0,A01
201500022436,0.0,1,0,0.0,2.0,0.0,0.0,A01
201500023161,0.0,30,0,1.0,0.0,1.0,1.0,A01
201200005907,0.0,17,0,0.0,2.0,1.0,1.0,B02
201300031570,0.0,7,0,0.0,2.0,1.0,16.0,A01
201300056319,0.0,7,0,0.0,2.0,1.0,1.0,C01
201100018622,0.0,10,0,0.0,9.0,0.0,0.0,B01
200800064861,0.0,7,0,0.0,2.0,2.0,9.0,A01
201600059016,0.0,7,0,0.0,2.0,1.0,1.0,B01
200500007054,0.0,4,0,0.0,0.0,0.0,1.0,A01
201400055290,0.0,33,0,0.0,1.0,7.0,18.0,A01
200500000175,0.0,7,0,0.0,2.0,1.0,1.0,A01
200900059387,0.0,32,0,0.0,2.0,0.0,0.0,A01
200800016037,0.0,17,0,0.0,2.0,1.0,1.0,B02
200700054718,0.0,1,0,0.0,2.0,1.0,1.0,B01
201500049437,0.0,1,0,0.0,1.0,4.0,2.0,A01
200800007693,0.0,7,0,2.0,0.0,1.0,0.0,A01
201600036891,2.0,7,0,0.0,1.0,3.0,19.0,A01
200800023509,0.0,7,0,0.0,1.0,1.0,1.0,A01
201400041455,2.0,7,0,0.0,2.0,1.0,1.0,A01
201200016470,0.0,7,0,0.0,2.0,7.0,1.0,B01
200800039348,0.0,7,0,0.0,2.0,1.0,0.0,A01
200600021823,0.0,7,0,13.0,0.0,7.0,1.0,A01
200600032847,0.0,4,0,0.0,2.0,1.0,0.0,B01
200700049213,0.0,7,0,0.0,2.0,1.0,1.0,A01
201200062230,0.0,1,0,0.0,2.0,3.0,1.0,A01
201300000637,0.0,7,0,0.0,2.0,3.0,1.0,B02
201000043037,2.0,7,0,4.0,2.0,1.0,1.0,A01
200900012266,0.0,7,0,0.0,2.0,1.0,1.0,B02
201300042273,0.0,30,0,0.0,2.0,1.0,1.0,A01
201100039532,0.0,7,0,0.0,2.0,8.0,0.0,B01
200900053762,0.0,33,0,0.0,2.0,1.0,1.0,A01
200800056898,0.0,7,0,0.0,2.0,8.0,1.0,A01
201000068263,0.0,7,0,6.0,0.0,7.0,14.0,A01
201200039726,0.0,7,0,0.0,2.0,3.0,1.0,B01
200900058238,0.0,7,0,0.0,2.0,1.0,2.0,B01
200900036286,0.0,7,0,0.0,2.0,6.0,15.0,A01
200600068605,0.0,7,0,0.0,2.0,3.0,23.0,B01
201200057048,0.0,32,0,0.0,2.0,8.0,15.0,B01
200800026694,0.0,7,0,4.0,0.0,2.0,0.0,A01
201000059099,0.0,7,0,0.0,0.0,6.0,23.0,D01
200600039362,0.0,7,0,0.0,2.0,4.0,0.0,D01
200600050944,0.0,10,0,0.0,2.0,6.0,1.0,A01
201600041419,0.0,7,0,0.0,9.0,1.0,1.0,A01
200600032493,0.0,7,0,0.0,2.0,3.0,1.0,B01
200800016058,0.0,7,0,13.0,0.0,7.0,1.0,A01
201300041441,0.0,7,0,0.0,1.0,2.0,17.0,A01
200800044032,0.0,7,0,0.0,2.0,3.0,15.0,A01
201600010268,1.0,1,0,0.0,2.0,8.0,19.0,B02
200600066187,0.0,7,0,8.0,2.0,8.0,1.0,B01
201300005496,0.0,7,0,0.0,2.0,7.0,13.0,A01
200600068147,0.0,7,0,7.0,0.0,1.0,13.0,A01
201300058232,0.0,30,0,0.0,2.0,4.0,0.0,A01
200900070988,0.0,32,0,15.0,0.0,7.0,1.0,A01
201000051859,0.0,7,0,0.0,2.0,4.0,2.0,B01
201100050134,0.0,7,0,0.0,2.0,4.0,2.0,B01
200900006220,0.0,7,0,0.0,2.0,1.0,9.0,A01
201600034617,2.0,7,0,0.0,2.0,7.0,15.0,B01
201500013744,0.0,7,0,0.0,2.0,3.0,6.0,B01
201400028944,0.0,7,0,0.0,1.0,5.0,1.0,A01
201100020952,0.0,7,0,0.0,2.0,1.0,1.0,A01
201000034942,0.0,7,0,0.0,2.0,1.0,1.0,B01
200600004202,0.0,7,0,1.0,0.0,4.0,23.0,B01
201400025710,0.0,7,0,0.0,2.0,3.0,15.0,A01
200700066907,0.0,1,0,0.0,2.0,1.0,1.0,B01
201600033737,0.0,7,0,0.0,2.0,3.0,15.0,B01
201100005842,0.0,10,0,0.0,2.0,2.0,2.0,A01
201500046118,0.0,7,0,0.0,2.0,4.0,2.0,B01
201000032730,0.0,7,0,0.0,2.0,7.0,1.0,A01
200500005006,0.0,2,0,0.0,2.0,2.0,7.0,A01
200500003900,0.0,7,0,0.0,2.0,2.0,15.0,A01
200800049265,0.0,7,0,13.0,0.0,3.0,1.0,A01
201500016074,0.0,2,0,0.0,2.0,1.0,2.0,A01
200500039838,0.0,5,0,0.0,0.0,7.0,1.0,A01
201600030468,1.0,7,0,0.0,1.0,2.0,0.0,Z01
201200039511,0.0,34,0,1.0,2.0,1.0,21.0,A01
201300024254,0.0,7,0,0.0,2.0,8.0,1.0,B01
200500067124,0.0,4,0,1.0,0.0,1.0,1.0,A01
200700008851,0.0,7,0,0.0,2.0,2.0,1.0,B01
200500025066,0.0,7,0,0.0,2.0,8.0,1.0,B02
200900030577,0.0,7,0,0.0,0.0,5.0,1.0,B01
200500012488,0.0,7,0,0.0,2.0,3.0,1.0,A01
201600043751,1.0,32,0,0.0,2.0,4.0,23.0,B01
201200010095,0.0,7,0,0.0,2.0,7.0,1.0,A01
201200053497,0.0,7,0,0.0,2.0,2.0,11.0,A01
200800038225,0.0,2,0,0.0,0.0,1.0,1.0,A01
200600079698,0.0,31,0,0.0,1.0,2.0,1.0,A01
200600005009,0.0,7,0,0.0,2.0,3.0,17.0,A01
201200004479,0.0,7,0,2.0,2.0,3.0,13.0,A01
200700061076,0.0,7,0,0.0,2.0,8.0,1.0,A01
200600006621,0.0,7,0,0.0,2.0,3.0,1.0,B02
201100030386,0.0,7,0,0.0,2.0,7.0,0.0,B01
201100004609,0.0,7,0,0.0,2.0,3.0,13.0,A01
201300006872,0.0,7,0,0.0,2.0,1.0,1.0,B02
200700037985,0.0,7,0,3.0,0.0,1.0,14.0,A01
201100014589,0.0,7,0,0.0,2.0,2.0,1.0,A01
200900045249,0.0,7,0,0.0,2.0,1.0,15.0,B01
200900066493,0.0,7,0,0.0,1.0,5.0,1.0,A01
200600064536,0.0,7,0,0.0,2.0,9.0,1.0,B01
200700033913,0.0,33,0,0.0,0.0,7.0,0.0,A01
200500032392,0.0,7,0,0.0,2.0,3.0,15.0,B01
200900000414,0.0,32,0,0.0,0.0,0.0,1.0,A01
201000031598,0.0,3,0,0.0,1.0,3.0,0.0,A01
200500035292,0.0,7,0,4.0,0.0,1.0,1.0,A01
201200046413,0.0,7,0,0.0,2.0,3.0,1.0,B01
200700056035,0.0,7,0,0.0,0.0,4.0,2.0,A01
200500012641,0.0,10,0,0.0,2.0,3.0,1.0,B02
201000003601,0.0,7,0,0.0,1.0,2.0,1.0,A01
200800045801,0.0,7,0,0.0,2.0,1.0,0.0,B01
200900047332,0.0,7,0,0.0,2.0,4.0,24.0,E01
201000024834,0.0,14,0,0.0,2.0,1.0,1.0,B02
201100054289,0.0,7,0,0.0,2.0,4.0,2.0,B01
201300000356,0.0,1,0,0.0,2.0,0.0,5.0,D04
201400028473,0.0,7,0,0.0,1.0,1.0,1.0,A01
200700073460,0.0,7,0,0.0,2.0,7.0,1.0,B02
200800003291,0.0,2,0,0.0,2.0,1.0,1.0,B01
200900018992,0.0,7,0,0.0,0.0,0.0,24.0,C01
201300009199,0.0,7,0,0.0,2.0,1.0,1.0,A01
201400023753,0.0,7,0,0.0,2.0,3.0,15.0,A01
201000040982,0.0,1,0,0.0,2.0,8.0,15.0,B01
200700010266,0.0,7,0,0.0,2.0,8.0,18.0,A01
201400026246,0.0,7,0,0.0,2.0,7.0,1.0,A01
200800033221,0.0,33,0,0.0,2.0,1.0,5.0,A01
201600020850,1.0,7,0,0.0,2.0,0.0,0.0,B01
200900013574,0.0,1,0,0.0,2.0,1.0,16.0,A01
200600081548,0.0,7,0,0.0,2.0,0.0,0.0,A01
201000010108,0.0,7,0,0.0,2.0,2.0,13.0,A01
200800059402,0.0,2,0,0.0,2.0,1.0,1.0,B01
200700074646,0.0,7,0,0.0,2.0,1.0,1.0,B02
200600035753,0.0,7,0,0.0,1.0,1.0,0.0,A01