Num_Acc,senc,catv,occutc,obs,obsm,choc,manv,num_veh
201100026354,0.0,30,0,0.0,2.0,1.0,21.0,A01
201200038519,0.0,7,0,0.0,2.0,6.0,9.0,A01
201100053523,0.0,7,0,0.0,0.0,2.0,1.0,A01
200700027920,0.0,7,0,0.0,2.0,2.0,1.0,B01
201600038852,0.0,7,0,0.0,0.0,0.0,5.0,A01
201300048100,0.0,7,0,0.0,2.0,1.0,1.0,A01
200800001413,0.0,10,0,0.0,0.0,0.0,2.0,B02
201200014806,0.0,7,0,0.0,2.0,3.0,0.0,A01
201400000973,0.0,7,0,0.0,2.0,3.0,13.0,A01
201200005690,0.0,10,0,0.0,2.0,1.0,2.0,A01
201400046920,0.0,7,0,0.0,0.0,4.0,23.0,B01
201300024451,0.0,7,0,2.0,2.0,1.0,1.0,A01
201100000770,0.0,7,0,0.0,0.0,3.0,21.0,C03
200600080237,0.0,7,0,0.0,2.0,4.0,2.0,A01
200500024409,0.0,7,0,0.0,2.0,3.0,21.0,A01
201300048993,0.0,1,0,0.0,4.0,9.0,1.0,A01
201600055698,1.0,7,0,0.0,2.0,2.0,16.0,A01
200500004660,0.0,7,0,0.0,2.0,2.0,1.0,A01
200800037771,0.0,13,0,6.0,0.0,1.0,14.0,A01
200900062427,0.0,7,0,0.0,1.0,6.0,4.0,A01
200900064480,0.0,7,0,0.0,1.0,1.0,15.0,A01
200700013417,0.0,7,0,0.0,2.0,6.0,11.0,B02
200500083572,0.0,10,0,0.0,2.0,3.0,15.0,A01
201400053581,0.0,7,0,0.0,2.0,4.0,2.0,B01
201000042908,0.0,7,0,9.0,0.0,1.0,1.0,A01
201400017906,0.0,7,0,0.0,0.0,1.0,0.0,B02
201300027618,0.0,33,0,0.0,2.0,1.0,1.0,B01
200900066155,0.0,7,0,0.0,2.0,2.0,1.0,B01
201000056386,0.0,7,0,0.0,2.0,3.0,0.0,B01
200600070622,0.0,7,0,0.0,0.0,0.0,9.0,B01
201200057468,0.0,33,0,0.0,2.0,2.0,17.0,B01
200700029662,1.0,1,0,0.0,1.0,1.0,0.0,A01
201300029503,0.0,7,0,0.0,1.0,3.0,0.0,A01
201400040427,0.0,7,0,0.0,2.0,4.0,15.0,B01
201000016201,0.0,33,0,1.0,2.0,1.0,1.0,A01
200500064643,0.0,7,0,8.0,0.0,3.0,1.0,A01
201100048073,0.0,7,0,0.0,2.0,2.0,2.0,A01
201600014785,2.0,7,0,0.0,2.0,8.0,15.0,A01
200600015560,0.0,38,0,0.0,2.0,2.0,1.0,A01
201600016479,2.0,7,0,0.0,2.0,1.0,2.0,B01
201400006072,0.0,1,0,0.0,2.0,8.0,1.0,B01
200800045585,0.0,2,0,0.0,2.0,1.0,1.0,A01
200700049877,0.0,7,0,0.0,2.0,1.0,16.0,A01
200900051777,0.0,7,0,15.0,0.0,1.0,13.0,A01
201500006271,0.0,7,0,2.0,0.0,3.0,1.0,A01
201100053739,0.0,34,0,0.0,2.0,2.0,3.0,B01
200500049326,0.0,7,0,0.0,2.0,3.0,1.0,B02
201100032179,0.0,1,0,0.0,2.0,8.0,1.0,B01
201400058992,0.0,7,0,0.0,2.0,1.0,1.0,B01
201100062939,1.0,7,0,0.0,2.0,0.0,18.0,Z01
201000021226,0.0,32,0,0.0,2.0,1.0,17.0,A01
200600015962,0.0,17,0,0.0,2.0,1.0,17.0,A01
201000058789,0.0,7,0,0.0,2.0,4.0,1.0,B01
200900039476,0.0,2,0,0.0,2.0,2.0,1.0,B01
200700083820,0.0,7,0,0.0,2.0,3.0,1.0,B02
201000009498,0.0,10,0,0.0,2.0,1.0,1.0,B02
200700036068,0.0,7,0,0.0,1.0,3.0,1.0,A01
201300040535,0.0,7,0,0.0,2.0,3.0,15.0,A01
200500001355,0.0,7,0,13.0,2.0,8.0,1.0,D04
200900043043,0.0,7,0,0.0,2.0,1.0,0.0,A01
201500033478,0.0,7,0,0.0,2.0,2.0,1.0,B01
200900030400,0.0,7,0,0.0,0.0,8.0,16.0,B01
200700008267,0.0,33,0,0.0,2.0,1.0,13.0,A01
200700029703,0.0,5,0,0.0,2.0,3.0,18.0,A01
201500039683,0.0,7,0,0.0,2.0,3.0,5.0,B01
201500029558,0.0,7,0,0.0,1.0,0.0,0.0,A01
201000027480,0.0,7,0,0.0,2.0,3.0,1.0,B01
200700033402,0.0,31,0,0.0,2.0,5.0,15.0,B02
200800000307,0.0,2,0,0.0,2.0,1.0,1.0,A01
200700038753,0.0,33,0,0.0,2.0,1.0,1.0,B01
201000014470,0.0,7,0,11.0,0.0,1.0,1.0,A01
200700024447,0.0,7,0,0.0,2.0,3.0,15.0,B01
200700071065,0.0,7,0,0.0,9.0,1.0,1.0,A01
201500007993,0.0,7,0,0.0,0.0,1.0,23.0,C03
200700071936,0.0,7,0,0.0,2.0,6.0,2.0,B01
200700048364,0.0,7,0,0.0,0.0,0.0,0.0,A01
200800045006,0.0,1,0,0.0,2.0,1.0,1.0,B01
201600032293,1.0,38,0,0.0,2.0,2.0,16.0,A01
201400045303,0.0,30,0,0.0,2.0,4.0,2.0,B01
201100064897,0.0,7,0,0.0,2.0,5.0,2.0,A01
201000058149,0.0,7,0,0.0,2.0,1.0,1.0,A01
201300045621,0.0,7,0,0.0,2.0,4.0,21.0,B01
200800022056,0.0,32,0,12.0,0.0,2.0,1.0,A01
201100035424,0.0,10,0,0.0,2.0,1.0,2.0,B01
201400014087,1.0,7,0,0.0,1.0,0.0,1.0,Z01
200500021995,2.0,7,0,0.0,1.0,0.0,0.0,A01
200700026523,0.0,10,0,0.0,2.0,1.0,1.0,C03
201600027431,0.0,1,0,0.0,2.0,0.0,1.0,B01
200900007701,0.0,7,0,0.0,2.0,3.0,15.0,A01
201000058859,0.0,33,0,0.0,2.0,1.0,1.0,B01
201600034021,2.0,15,0,4.0,0.0,8.0,13.0,A01
201300027881,0.0,7,0,0.0,0.0,0.0,11.0,B01
200900017280,0.0,7,0,0.0,2.0,3.0,15.0,A01
200700084250,0.0,31,0,0.0,2.0,1.0,19.0,A01
201000042456,1.0,7,0,0.0,2.0,7.0,17.0,Z01
201400051054,0.0,37,1,0.0,2.0,4.0,24.0,B01
201100013464,0.0,17,0,0.0,2.0,7.0,15.0,B02
201000028749,0.0,33,0,1.0,1.0,9.0,2.0,A01
200500087929,0.0,7,0,0.0,2.0,8.0,1.0,B01
201300029771,1.0,7,0,0.0,2.0,3.0,16.0,Z01
200800010578,0.0,17,0,0.0,2.0,2.0,12.0,A01
201100020172,0.0,7,0,0.0,1.0,1.0,1.0,A01
201500002358,0.0,7,0,0.0,1.0,7.0,1.0,A01
201400049914,0.0,7,0,0.0,2.0,2.0,0.0,A01
200800016693,0.0,17,0,13.0,0.0,8.0,1.0,A01
201200002352,0.0,10,0,0.0,2.0,8.0,1.0,B02
201000058332,0.0,7,0,0.0,2.0,6.0,1.0,A01
200800065536,0.0,7,0,0.0,2.0,7.0,0.0,B01
201300053662,0.0,30,0,0.0,2.0,3.0,1.0,A01
201400038317,0.0,7,0,0.0,1.0,1.0,1.0,A01
201300046261,0.0,32,0,1.0,2.0,1.0,3.0,A01
201500010574,0.0,30,0,0.0,2.0,1.0,1.0,A01
200800064503,0.0,7,0,0.0,2.0,2.0,1.0,A01
201400041035,0.0,30,0,1.0,2.0,1.0,9.0,A01
200800012464,0.0,7,0,0.0,2.0,3.0,1.0,B01
200900009650,0.0,7,0,0.0,2.0,2.0,15.0,A01
200700068082,0.0,34,0,0.0,2.0,1.0,1.0,B01
200500022972,0.0,7,0,0.0,2.0,3.0,1.0,C03
201500005973,0.0,7,0,0.0,2.0,1.0,1.0,B02
201500030057,2.0,10,0,0.0,2.0,1.0,0.0,A01
201300031435,0.0,7,0,0.0,1.0,1.0,1.0,A01
201000041130,0.0,1,0,1.0,2.0,8.0,15.0,A01
201200053508,0.0,31,0,0.0,1.0,1.0,1.0,A01
201500048798,0.0,33,0,0.0,2.0,1.0,1.0,B01
200500068292,0.0,14,0,0.0,2.0,8.0,15.0,A01
201600022684,0.0,7,0,0.0,1.0,1.0,1.0,A01
201200036629,0.0,7,0,0.0,2.0,7.0,17.0,A01
201000008610,0.0,7,0,0.0,2.0,1.0,13.0,A01
200700002119,0.0,7,0,0.0,0.0,6.0,2.0,B01
201000041973,0.0,7,0,0.0,2.0,4.0,1.0,B01
200500020776,0.0,7,0,0.0,1.0,1.0,1.0,A01
200600081858,0.0,5,0,0.0,2.0,8.0,1.0,B01
200600070386,0.0,7,0,0.0,2.0,0.0,15.0,B01
201000002338,0.0,7,0,0.0,2.0,1.0,1.0,B02
200800076648,0.0,7,0,0.0,2.0,1.0,1.0,B01
201200027809,0.0,40,0,0.0,1.0,2.0,1.0,A01
200500026010,0.0,7,0,0.0,0.0,4.0,15.0,B02
201300018950,0.0,7,0,6.0,0.0,1.0,1.0,A01
200700030687,0.0,7,0,0.0,2.0,3.0,1.0,B01
200900004457,0.0,7,0,0.0,0.0,2.0,15.0,A01
201600049973,1.0,7,0,0.0,2.0,4.0,23.0,A01
201000017439,0.0,10,0,0.0,0.0,2.0,16.0,B01
201600023897,1.0,10,0,0.0,2.0,4.0,1.0,B01
201200060692,0.0,7,0,0.0,2.0,3.0,13.0,A01
200800041447,0.0,7,0,0.0,0.0,8.0,0.0,A01
201600040096,0.0,7,0,0.0,0.0,4.0,0.0,B01
200700004484,0.0,4,0,0.0,2.0,1.0,1.0,B01
201200052747,0.0,7,0,0.0,2.0,1.0,1.0,B01
200600042023,0.0,5,0,0.0,2.0,9.0,0.0,C01
200500057894,0.0,7,0,0.0,9.0,1.0,1.0,A01
201500026012,0.0,30,0,14.0,2.0,1.0,2.0,A01
201500034620,0.0,33,0,0.0,2.0,1.0,1.0,B01
200800068738,0.0,10,0,0.0,2.0,3.0,15.0,B02
201600054977,1.0,31,0,0.0,2.0,1.0,1.0,B01
201600037053,1.0,7,0,0.0,2.0,1.0,1.0,B01
200600025507,0.0,7,0,0.0,2.0,4.0,23.0,B01
200700079158,0.0,7,0,13.0,0.0,4.0,2.0,A01
200700047501,0.0,7,0,6.0,0.0,8.0,5.0,A01
201000004370,0.0,7,0,0.0,2.0,1.0,19.0,B02
201300039683,0.0,33,0,0.0,2.0,1.0,1.0,A01
201300052868,0.0,32,0,0.0,2.0,1.0,18.0,A01
200500064503,0.0,7,0,3.0,2.0,1.0,14.0,A01
201600057388,2.0,31,0,0.0,2.0,2.0,3.0,A01
200700043804,0.0,2,0,16.0,0.0,7.0,14.0,A01
200600005265,0.0,7,0,0.0,2.0,1.0,1.0,A01
200500084086,0.0,7,0,0.0,0.0,0.0,1.0,A01
200900020135,0.0,30,0,0.0,2.0,0.0,0.0,B01
201200007663,0.0,10,0,0.0,2.0,3.0,1.0,B02
200800039647,0.0,7,0,0.0,2.0,8.0,1.0,B01
200500017643,0.0,5,0,0.0,2.0,1.0,2.0,A01
200700030984,0.0,7,0,0.0,2.0,2.0,11.0,A01
201600037534,0.0,7,0,0.0,9.0,3.0,15.0,A01
201100064826,0.0,10,0,0.0,0.0,5.0,23.0,B01
201300051927,0.0,32,0,0.0,1.0,1.0,1.0,A01
201200049491,0.0,7,0,0.0,2.0,8.0,2.0,B01
200600032590,0.0,7,0,0.0,1.0,2.0,1.0,A01
201100060557,0.0,1,0,0.0,2.0,1.0,1.0,B01
200500039216,0.0,7,0,0.0,2.0,3.0,1.0,A01
201000021432,0.0,7,0,0.0,2.0,2.0,5.0,A01
201600019640,1.0,10,0,0.0,2.0,1.0,2.0,C03
201500044616,0.0,7,0,0.0,2.0,1.0,2.0,A01
200900016415,0.0,7,0,0.0,2.0,5.0,16.0,B02
201100033813,0.0,33,0,0.0,2.0,7.0,1.0,B01
200600053007,0.0,7,0,4.0,0.0,1.0,11.0,A01
200800047781,0.0,17,0,0.0,2.0,1.0,1.0,B02
200500060642,0.0,7,0,0.0,2.0,8.0,15.0,A01
200700007598,0.0,10,0,0.0,2.0,2.0,15.0,A01
201000028024,0.0,7,0,0.0,2.0,3.0,15.0,A01
201100046656,0.0,33,0,0.0,2.0,1.0,3.0,B01
200600037071,0.0,7,0,0.0,2.0,7.0,16.0,B01
200900013545,0.0,10,0,0.0,2.0,5.0,15.0,A01
200600075196,0.0,7,0,0.0,2.0,3.0,1.0,A01
201000002225,0.0,7,0,0.0,2.0,7.0,15.0,B02
201100016964,0.0,7,0,0.0,2.0,2.0,17.0,A01
200500020704,0.0,7,0,0.0,2.0,4.0,23.0,B01
201300048063,0.0,7,0,0.0,2.0,1.0,1.0,A01
201600025512,0.0,7,0,0.0,2.0,8.0,15.0,A01
201600021629,1.0,10,0,1.0,0.0,3.0,1.0,A01
200700066067,0.0,7,0,0.0,2.0,2.0,16.0,B01
201500033316,0.0,10,0,0.0,9.0,1.0,20.0,A01
201000048365,0.0,7,0,0.0,2.0,4.0,23.0,B01
200500029308,1.0,17,0,0.0,2.0,4.0,1.0,A01
200900045675,0.0,34,0,1.0,2.0,7.0,2.0,A01
201600029676,1.0,7,0,0.0,1.0,1.0,0.0,A01
201300013148,0.0,7,0,0.0,2.0,1.0,1.0,A01
200600015854,0.0,2,0,0.0,2.0,1.0,1.0,A01
201500010209,0.0,7,0,1.0,1.0,1.0,1.0,A01
201100018923,0.0,7,0,0.0,2.0,3.0,15.0,A01
201300031355,0.0,2,0,0.0,2.0,1.0,17.0,A01
200800046246,0.0,7,0,13.0,0.0,3.0,19.0,A01
200700042542,0.0,7,0,0.0,2.0,1.0,1.0,B01
201300009827,0.0,7,0,0.0,9.0,3.0,15.0,A01
201300046063,0.0,7,0,0.0,2.0,3.0,1.0,B01
200700073134,0.0,7,0,0.0,1.0,6.0,4.0,A01
201300002464,0.0,31,0,0.0,2.0,1.0,1.0,B02
200900006476,0.0,7,0,0.0,2.0,1.0,1.0,A01
201100039275,0.0,33,0,0.0,2.0,1.0,1.0,B01
200600052167,0.0,14,0,0.0,2.0,1.0,2.0,A01
201200032362,0.0,2,0,1.0,0.0,1.0,14.0,A01
201600027085,0.0,31,0,0.0,2.0,0.0,0.0,A01
200500004199,0.0,2,0,0.0,2.0,1.0,9.0,B01
201300037835,0.0,7,0,0.0,2.0,4.0,23.0,B01
200500033021,0.0,7,0,0.0,2.0,6.0,1.0,B01
201200032781,0.0,37,1,0.0,0.0,3.0,2.0,B01
200600022936,0.0,7,0,8.0,0.0,1.0,1.0,A01
200900036787,0.0,32,0,0.0,2.0,1.0,1.0,B02
200500081319,0.0,7,0,0.0,9.0,1.0,2.0,A01
201300026958,0.0,7,0,0.0,2.0,1.0,1.0,B01
200500047617,0.0,15,0,0.0,2.0,2.0,1.0,A01
200500055088,0.0,7,0,0.0,2.0,1.0,0.0,B02
200700031125,0.0,1,0,0.0,2.0,0.0,5.0,A01
200700036946,2.0,7,0,0.0,1.0,9.0,1.0,A01
200900033499,0.0,7,0,0.0,2.0,1.0,2.0,A01
200500052200,0.0,7,0,0.0,2.0,1.0,1.0,A01
200800019071,0.0,7,0,0.0,2.0,1.0,0.0,B01
200700051131,0.0,7,0,8.0,2.0,3.0,5.0,A01
201200017690,0.0,1,0,0.0,2.0,3.0,1.0,A01
200500039040,0.0,7,0,0.0,2.0,5.0,16.0,A01
201100028112,0.0,7,0,0.0,2.0,5.0,16.0,A01
200500017991,0.0,7,0,0.0,2.0,8.0,11.0,B01
201400002060,0.0,7,0,13.0,0.0,2.0,17.0,B02
201400012102,0.0,7,0,13.0,0.0,4.0,1.0,B02
201400052622,0.0,7,0,0.0,2.0,3.0,10.0,A01
200800001673,1.0,7,0,0.0,1.0,1.0,1.0,A01
200600033693,0.0,30,0,0.0,2.0,2.0,17.0,A01
200600027546,0.0,37,35,0.0,2.0,1.0,15.0,B01
200600019927,0.0,7,0,0.0,0.0,8.0,10.0,A01
200800070814,0.0,7,0,0.0,2.0,7.0,15.0,A01
200900073028,0.0,7,0,0.0,2.0,1.0,1.0,A01
201300050801,0.0,7,0,0.0,2.0,6.0,1.0,B01
200700055322,0.0,40,0,0.0,2.0,2.0,1.0,B01
200800005570,0.0,7,0,0.0,2.0,4.0,2.0,C01
201000027649,0.0,31,0,0.0,2.0,2.0,1.0,B01
201400046209,0.0,38,2,0.0,2.0,3.0,2.0,B01
201000001915,0.0,7,0,0.0,5.0,1.0,1.0,A01
201000002106,0.0,7,0,0.0,2.0,4.0,1.0,B02
201100057098,0.0,7,0,4.0,0.0,7.0,14.0,A01
200900070054,0.0,2,0,1.0,2.0,1.0,1.0,A01
200700077311,0.0,7,0,0.0,1.0,2.0,1.0,A01
201600012465,1.0,7,0,0.0,0.0,7.0,1.0,H08
201200005258,0.0,7,0,0.0,2.0,7.0,13.0,A01
201000029498,0.0,33,0,0.0,2.0,1.0,1.0,B01
201000021161,0.0,3,0,0.0,2.0,1.0,1.0,B01
200500059471,0.0,5,0,0.0,2.0,1.0,17.0,B01
200600061222,0.0,7,0,0.0,1.0,2.0,15.0,A01
200900016393,0.0,7,0,0.0,2.0,3.0,15.0,A01
200900032873,0.0,14,0,0.0,2.0,3.0,1.0,B01
200600038874,0.0,7,0,0.0,2.0,2.0,1.0,B01
201200045863,0.0,7,0,0.0,0.0,1.0,0.0,A01
201200019885,0.0,31,0,0.0,0.0,1.0,1.0,B02
200500023538,0.0,7,0,0.0,9.0,1.0,1.0,B02
200700077696,0.0,30,0,0.0,1.0,1.0,0.0,A01
201500048695,0.0,7,0,0.0,1.0,2.0,1.0,A01
201000056994,0.0,33,0,0.0,2.0,2.0,3.0,A01
200900011296,0.0,7,0,0.0,0.0,4.0,2.0,A01
200500020309,0.0,7,0,0.0,1.0,3.0,1.0,A01
201000003290,0.0,7,0,0.0,2.0,1.0,0.0,A01
200500065560,0.0,7,0,0.0,2.0,1.0,1.0,B01
201200042179,0.0,30,0,0.0,2.0,0.0,2.0,A01
201600059389,1.0,32,0,0.0,2.0,1.0,17.0,B01
200800037603,0.0,7,0,16.0,0.0,1.0,14.0,A01
201300011106,0.0,15,0,0.0,2.0,2.0,1.0,B01
200600067666,0.0,33,0,0.0,2.0,1.0,1.0,A01
201400000055,0.0,7,0,0.0,2.0,3.0,15.0,B02
201300042214,0.0,7,0,0.0,2.0,7.0,1.0,A01
201000062573,0.0,7,0,0.0,2.0,3.0,9.0,A01
201200035890,0.0,1,0,0.0,2.0,4.0,1.0,B01
200900040830,0.0,32,0,0.0,0.0,0.0,16.0,A01
201600056952,2.0,7,0,0.0,2.0,4.0,1.0,C01
201100033028,0.0,30,0,14.0,0.0,1.0,15.0,A01
200600052507,0.0,1,0,0.0,0.0,0.0,1.0,E05
200900051507,0.0,7,0,0.0,1.0,1.0,1.0,A01
201400059352,0.0,1,0,0.0,2.0,4.0,1.0,B01
201300027909,0.0,30,0,0.0,2.0,1.0,1.0,B01
201200023383,0.0,2,0,9.0,0.0,9.0,1.0,A01
200900009183,0.0,7,0,0.0,2.0,3.0,10.0,A01
201500022143,0.0,7,0,0.0,2.0,8.0,5.0,A01
201400055385,0.0,34,0,0.0,0.0,7.0,1.0,A01
201200055336,0.0,33,0,0.0,2.0,8.0,18.0,B01
201500026370,0.0,7,0,0.0,1.0,1.0,1.0,A01
201600025586,0.0,33,0,0.0,2.0,1.0,1.0,A01
201000055084,0.0,7,0,0.0,2.0,3.0,1.0,C01
200800010979,0.0,7,0,0.0,2.0,4.0,2.0,C01
200700021997,0.0,7,0,0.0,2.0,1.0,1.0,A01
200800026885,0.0,7,0,14.0,0.0,1.0,1.0,A01
201500005993,0.0,10,0,0.0,2.0,2.0,17.0,A01
201100054236,0.0,7,0,0.0,2.0,1.0,2.0,A01
201400042493,1.0,7,0,0.0,2.0,1.0,1.0,A01
201000035657,0.0,7,0,0.0,2.0,4.0,23.0,B01
200600002438,0.0,4,0,1.0,0.0,1.0,21.0,A01
201000050341,1.0,7,0,0.0,2.0,8.0,1.0,A01
200800073989,0.0,34,0,1.0,0.0,1.0,14.0,A01
201000000160,0.0,10,0,0.0,2.0,3.0,1.0,B02
201000027066,0.0,99,0,0.0,0.0,0.0,0.0,A01
200700013472,0.0,7,0,0.0,2.0,1.0,1.0,M13
200800052598,0.0,7,0,0.0,1.0,3.0,1.0,A01
200700031459,0.0,33,0,0.0,2.0,3.0,18.0,B01
200500009374,0.0,2,0,0.0,2.0,6.0,15.0,A01
200800041204,0.0,30,0,0.0,2.0,1.0,3.0,B01
201000023273,0.0,10,0,0.0,2.0,2.0,1.0,A01
201100036573,0.0,1,0,0.0,2.0,3.0,19.0,B01
200700066482,0.0,5,0,0.0,2.0,1.0,2.0,A01
200600047583,0.0,7,0,2.0,0.0,2.0,1.0,A01
200700044958,0.0,7,0,0.0,2.0,1.0,15.0,A01
201500025900,0.0,7,0,0.0,1.0,1.0,1.0,A01
201200028528,1.0,7,0,0.0,2.0,3.0,1.0,Z01
200600053232,0.0,30,0,0.0,2.0,8.0,15.0,A01
200900006005,0.0,7,0,4.0,2.0,6.0,1.0,B01
200700054860,0.0,7,0,0.0,2.0,6.0,2.0,B01
200700012076,0.0,7,0,0.0,2.0,2.0,1.0,A01
201600050940,2.0,15,0,0.0,2.0,1.0,12.0,B01
201500043385,0.0,10,0,0.0,2.0,0.0,15.0,B01
201000038603,0.0,10,0,0.0,2.0,1.0,1.0,A01
200600031489,0.0,7,0,0.0,2.0,8.0,9.0,A01
200800035747,1.0,7,0,0.0,1.0,2.0,2.0,A01
200900042827,0.0,7,0,0.0,2.0,1.0,15.0,A01
201000024338,0.0,7,0,0.0,1.0,4.0,4.0,A01
201400026095,0.0,7,0,0.0,2.0,2.0,1.0,B01
200500037482,0.0,7,0,0.0,4.0,8.0,15.0,A01
200500083459,0.0,7,0,0.0,9.0,5.0,2.0,B01
200800023474,0.0,15,0,0.0,0.0,1.0,15.0,A01
200500022091,0.0,13,0,0.0,2.0,6.0,15.0,A01
200500060925,0.0,1,0,0.0,2.0,1.0,2.0,A01
201300036242,0.0,1,0,0.0,2.0,6.0,2.0,B01
200900032438,0.0,30,0,0.0,2.0,1.0,1.0,B01
200800048192,0.0,33,0,0.0,2.0,1.0,1.0,B02
201400039115,1.0,7,0,0.0,2.0,1.0,2.0,A01
201400012386,0.0,15,0,0.0,2.0,2.0,12.0,A01
200900069447,0.0,7,0,0.0,0.0,1.0,1.0,B01
201200034583,0.0,7,0,0.0,0.0,4.0,23.0,C01
200600053152,0.0,7,0,0.0,2.0,1.0,13.0,A01
201000028874,0.0,2,0,0.0,2.0,1.0,1.0,A01
200800002175,0.0,7,0,1.0,0.0,4.0,24.0,B01
200900067395,0.0,7,0,0.0,1.0,1.0,1.0,A01
200900000112,0.0,34,0,12.0,0.0,2.0,14.0,A01
201000066554,0.0,7,0,0.0,2.0,4.0,23.0,B01
200800066982,0.0,7,0,0.0,1.0,2.0,1.0,A01
201000032160,0.0,33,0,0.0,2.0,1.0,1.0,A01
200500025398,0.0,2,0,0.0,2.0,1.0,1.0,B02
200700021733,0.0,33,0,0.0,2.0,1.0,1.0,B01
200500087282,0.0,7,0,0.0,0.0,1.0,0.0,A01
200900035585,0.0,30,0,0.0,2.0,1.0,1.0,B01
201100058428,0.0,7,0,0.0,1.0,1.0,1.0,A01
200500085092,0.0,7,0,0.0,2.0,1.0,1.0,A01
200500078135,0.0,7,0,14.0,0.0,1.0,1.0,A01
201400047320,0.0,7,0,0.0,2.0,2.0,1.0,B01
201300037868,0.0,31,0,0.0,2.0,1.0,1.0,A01
200900052887,0.0,7,0,0.0,1.0,3.0,15.0,A01
201300019694,0.0,7,0,0.0,2.0,4.0,4.0,A01
200500075969,0.0,7,0,0.0,0.0,0.0,15.0,B01
200900053833,0.0,7,0,0.0,0.0,6.0,2.0,C01
200800049107,0.0,21,0,0.0,2.0,8.0,19.0,A01
201500007585,0.0,7,0,0.0,2.0,1.0,1.0,A01
201500053380,0.0,31,0,0.0,2.0,2.0,1.0,B01
200700051730,0.0,15,0,0.0,0.0,1.0,0.0,A01
201300018603,0.0,7,0,0.0,2.0,1.0,1.0,B02
200800001735,0.0,7,0,0.0,2.0,3.0,15.0,B01
200900071751,0.0,7,0,0.0,2.0,1.0,1.0,A01
200800020745,0.0,2,0,0.0,0.0,7.0,1.0,A01
201100062484,0.0,7,0,0.0,2.0,0.0,23.0,D01
201600007287,1.0,33,0,0.0,2.0,1.0,1.0,C03
201400041456,0.0,7,0,0.0,2.0,3.0,15.0,A01
201100057732,0.0,7,0,4.0,0.0,2.0,0.0,A01
200900008923,1.0,7,0,0.0,1.0,1.0,15.0,Z01
201200053750,0.0,1,0,0.0,2.0,2.0,12.0,A01
200700064525,0.0,7,0,0.0,1.0,2.0,1.0,A01
201200023711,0.0,13,0,6.0,2.0,1.0,5.0,A01
201000041707,0.0,10,0,0.0,1.0,0.0,4.0,A01
200800018932,0.0,31,0,0.0,1.0,1.0,1.0,A01
200900010675,0.0,7,0,0.0,2.0,0.0,0.0,A01
201500024483,0.0,33,0,0.0,0.0,8.0,1.0,A01
201300019730,0.0,7,0,0.0,2.0,1.0,1.0,A01
201000025854,0.0,10,0,0.0,2.0,1.0,13.0,A01
201200060952,0.0,33,0,0.0,2.0,1.0,13.0,A01
200600065654,0.0,14,0,0.0,2.0,1.0,2.0,B01
201000053295,0.0,33,0,0.0,2.0,7.0,21.0,B01
200800065571,0.0,14,0,0.0,2.0,6.0,23.0,B01
200800063815,0.0,7,0,0.0,2.0,1.0,1.0,B01
201300036314,0.0,1,0,0.0,2.0,8.0,6.0,B01
200800052913,0.0,7,0,0.0,2.0,8.0,0.0,B01
201400017829,0.0,33,0,0.0,2.0,8.0,9.0,B01
200800012342,0.0,7,0,0.0,1.0,2.0,1.0,A01
200600004371,0.0,7,0,0.0,2.0,1.0,2.0,C01
201200018214,0.0,17,0,2.0,2.0,3.0,21.0,A01
201100014985,0.0,7,0,0.0,2.0,1.0,1.0,C01
200800054195,0.0,2,0,0.0,2.0,1.0,1.0,A01
200500040691,0.0,7,0,0.0,0.0,2.0,1.0,B02
200900055259,0.0,17,0,0.0,2.0,3.0,1.0,A01
201600014393,1.0,7,0,0.0,1.0,0.0,0.0,A01
201100040344,0.0,7,0,0.0,2.0,1.0,2.0,A01
201300044523,0.0,7,0,0.0,2.0,4.0,2.0,B01
200900028819,0.0,7,0,0.0,2.0,3.0,1.0,B02
200900017079,0.0,7,0,0.0,0.0,6.0,0.0,C01
200800046442,0.0,7,0,0.0,2.0,3.0,15.0,A01
200500034806,0.0,7,0,0.0,2.0,1.0,23.0,B01
200500063718,0.0,7,0,0.0,2.0,3.0,13.0,A01
201300018287,0.0,7,0,0.0,2.0,1.0,1.0,B02
201500032565,0.0,7,0,0.0,2.0,3.0,1.0,B01
201100034371,0.0,3,0,7.0,0.0,1.0,14.0,A01
200500065503,0.0,7,0,0.0,0.0,0.0,1.0,A01
200900019248,0.0,7,0,0.0,2.0,4.0,2.0,A01
201600046533,1.0,32,0,0.0,2.0,2.0,2.0,A01
200600055450,0.0,2,0,0.0,2.0,8.0,1.0,B01
201200001299,0.0,31,0,16.0,0.0,1.0,14.0,A01
200800006823,0.0,14,0,0.0,2.0,3.0,1.0,B02
200800051018,0.0,7,0,0.0,2.0,8.0,15.0,B01
200500022652,0.0,14,0,0.0,2.0,2.0,14.0,A01
200700079768,1.0,7,0,0.0,0.0,0.0,9.0,B01
200600035482,0.0,5,0,0.0,2.0,5.0,1.0,B01
201600050957,0.0,34,0,0.0,0.0,6.0,1.0,A01
201000064336,0.0,7,0,0.0,2.0,4.0,2.0,B01
200500075821,0.0,7,0,0.0,2.0,2.0,1.0,B01
201300051307,0.0,7,0,0.0,1.0,1.0,1.0,A01
201100009563,0.0,14,0,0.0,0.0,3.0,1.0,A01