Num_Acc,senc,catv,occutc,obs,obsm,choc,manv,num_veh
200800014701,0.0,7,0,3.0,2.0,2.0,12.0,A01
201400021017,0.0,7,0,0.0,2.0,3.0,15.0,A01
201200007530,0.0,7,0,0.0,2.0,7.0,14.0,A01
201600043036,0.0,10,0,0.0,0.0,3.0,9.0,A01
201600019351,2.0,33,0,0.0,2.0,7.0,1.0,A01
201300057770,0.0,7,0,0.0,2.0,6.0,1.0,A01
200600019083,0.0,7,0,0.0,1.0,1.0,0.0,A01
201400026672,0.0,33,0,0.0,2.0,4.0,2.0,B01
200800021451,0.0,10,0,0.0,2.0,1.0,2.0,A01
201600047061,2.0,7,0,0.0,2.0,8.0,0.0,B01
200700078491,0.0,30,0,0.0,2.0,1.0,1.0,B01
200900063276,0.0,10,0,0.0,0.0,0.0,12.0,B01
200800047303,0.0,7,0,0.0,2.0,1.0,1.0,B02
201000005734,0.0,7,0,2.0,0.0,1.0,1.0,A01
200500056574,0.0,4,0,0.0,1.0,1.0,1.0,A01
200800052152,0.0,7,0,0.0,2.0,8.0,10.0,A01
201300016512,0.0,7,0,0.0,2.0,1.0,1.0,B01
201100066914,0.0,7,0,0.0,2.0,3.0,1.0,A01
201300025435,0.0,1,0,0.0,2.0,0.0,1.0,B01
200600018589,0.0,7,0,0.0,5.0,8.0,1.0,A01
201100011538,0.0,7,0,0.0,2.0,2.0,1.0,B02
200800002341,0.0,7,0,0.0,1.0,1.0,1.0,A01
200700027484,0.0,2,0,0.0,2.0,0.0,23.0,B01
200700067104,0.0,7,0,0.0,1.0,3.0,2.0,A01
201300056322,0.0,7,0,0.0,2.0,6.0,1.0,B01
200800066249,0.0,2,0,0.0,2.0,1.0,1.0,B01
201300004491,0.0,7,0,0.0,2.0,3.0,1.0,A01
200800040661,0.0,7,0,0.0,2.0,6.0,10.0,A01
200700003125,0.0,2,0,0.0,2.0,1.0,1.0,B01
200500043641,0.0,7,0,0.0,2.0,1.0,1.0,B01
201300026100,0.0,7,0,0.0,1.0,1.0,1.0,A01
201000034641,0.0,30,0,0.0,2.0,1.0,1.0,B01
200700079570,0.0,7,0,0.0,2.0,1.0,1.0,A01
201100008488,0.0,7,0,0.0,1.0,2.0,1.0,A01
200900073330,0.0,7,0,0.0,2.0,1.0,17.0,A01
201100020899,0.0,31,0,0.0,2.0,1.0,1.0,B01
200800037103,0.0,30,0,0.0,0.0,0.0,0.0,A01
200800050618,0.0,7,0,0.0,1.0,7.0,1.0,A01
201000004255,0.0,38,0,0.0,2.0,3.0,13.0,A01
201500015079,0.0,7,0,0.0,2.0,5.0,1.0,B01
201000021927,1.0,7,0,0.0,2.0,0.0,14.0,Z01
200800033655,0.0,30,0,0.0,0.0,1.0,14.0,A01
201600019984,1.0,7,0,0.0,2.0,7.0,16.0,A01
201000067607,0.0,7,0,2.0,0.0,8.0,0.0,A01
200900049325,0.0,33,0,0.0,0.0,7.0,1.0,B01
201600042455,2.0,7,0,0.0,2.0,3.0,9.0,B01
201100003179,0.0,7,0,0.0,2.0,2.0,15.0,A01
200900056396,0.0,7,0,0.0,2.0,3.0,1.0,B01
201000025006,0.0,30,0,0.0,2.0,2.0,1.0,A01
200800001956,0.0,7,0,0.0,1.0,4.0,4.0,A01
201100053753,0.0,7,0,0.0,2.0,4.0,23.0,B01
201400005760,0.0,7,0,6.0,2.0,8.0,17.0,A01
201200002788,0.0,7,0,0.0,2.0,1.0,13.0,A01
201100002129,0.0,7,0,0.0,0.0,9.0,1.0,A01
200500032688,0.0,5,0,0.0,2.0,4.0,2.0,B01
201500029945,0.0,3,0,0.0,2.0,2.0,0.0,B01
201100005441,0.0,33,0,0.0,2.0,1.0,1.0,B02
201400014398,0.0,7,0,0.0,2.0,1.0,1.0,A01
200600023496,0.0,33,0,0.0,0.0,0.0,0.0,A01
201400020363,0.0,13,0,6.0,0.0,1.0,1.0,A01
200700042192,0.0,7,0,0.0,2.0,1.0,0.0,A01
201500056847,0.0,7,0,0.0,1.0,2.0,1.0,A01
201600051878,1.0,7,0,0.0,2.0,3.0,9.0,A01
200700079450,0.0,30,0,0.0,0.0,2.0,13.0,A01
201300007019,0.0,7,0,4.0,0.0,2.0,1.0,A01
201200048004,0.0,2,0,0.0,2.0,1.0,1.0,B01
200800059561,0.0,7,0,0.0,2.0,1.0,1.0,A01
200800059970,0.0,10,0,0.0,2.0,1.0,1.0,A01
201200016032,0.0,7,0,0.0,2.0,3.0,1.0,B01
201000019089,0.0,1,0,13.0,2.0,8.0,23.0,B02
200500008801,0.0,7,0,0.0,2.0,4.0,1.0,B01
200700073272,0.0,7,0,0.0,6.0,1.0,1.0,A01
201100002952,0.0,7,0,0.0,2.0,2.0,17.0,A01
200900001749,0.0,7,0,0.0,2.0,8.0,10.0,A01
200900062777,0.0,7,0,0.0,2.0,1.0,15.0,B01
200600024704,0.0,30,0,0.0,2.0,1.0,17.0,B02
201000054985,0.0,34,0,0.0,0.0,0.0,0.0,A01
201600040045,2.0,7,0,0.0,1.0,4.0,4.0,A01
201500045751,0.0,33,0,16.0,0.0,3.0,16.0,A01
201500011772,0.0,7,0,0.0,2.0,2.0,15.0,B02
201300027331,0.0,7,0,0.0,2.0,1.0,9.0,A01
201400039999,0.0,7,0,0.0,1.0,3.0,1.0,A01
201500032213,0.0,7,0,0.0,1.0,1.0,1.0,A01
200900069477,0.0,2,0,0.0,2.0,1.0,3.0,A01
200900052596,0.0,7,0,0.0,2.0,8.0,3.0,A01
201200013326,0.0,7,0,0.0,1.0,2.0,1.0,A01
201500006043,0.0,2,0,6.0,0.0,1.0,1.0,A01
201300016765,0.0,7,0,14.0,0.0,1.0,2.0,A01
201500046200,0.0,7,0,0.0,0.0,0.0,0.0,B01
201200044203,0.0,7,0,0.0,2.0,8.0,23.0,B01
200500049097,0.0,7,0,0.0,2.0,2.0,13.0,B02
200600003409,0.0,7,0,0.0,2.0,7.0,15.0,B01
200500024425,0.0,7,0,0.0,2.0,1.0,2.0,C03
201500031271,0.0,10,0,0.0,2.0,5.0,16.0,B01
201200026295,0.0,30,0,0.0,2.0,8.0,1.0,A01
201400041212,0.0,1,0,0.0,2.0,0.0,1.0,B01
201600045739,2.0,15,0,0.0,2.0,2.0,1.0,B01
200600080782,0.0,7,0,14.0,0.0,9.0,1.0,A01
200500034998,0.0,7,0,0.0,2.0,5.0,15.0,A01
201100023615,0.0,7,0,0.0,0.0,3.0,15.0,A01
201000068330,0.0,7,0,0.0,1.0,1.0,1.0,A01
201100058462,0.0,32,0,0.0,2.0,1.0,1.0,A01
200500042375,0.0,7,0,13.0,0.0,3.0,1.0,A01
200800049875,0.0,7,0,0.0,2.0,1.0,1.0,B01
200700083554,0.0,7,0,0.0,9.0,1.0,13.0,A01
201400050821,0.0,7,0,0.0,2.0,4.0,2.0,B01
201600053491,2.0,7,0,0.0,2.0,3.0,9.0,A01
201200036749,0.0,33,0,0.0,2.0,1.0,2.0,B01
200600016957,0.0,2,0,0.0,2.0,1.0,1.0,B02
200800000995,0.0,7,0,0.0,2.0,3.0,1.0,B02
201300001401,0.0,7,0,0.0,2.0,1.0,1.0,B02
200900011663,0.0,7,0,0.0,2.0,1.0,1.0,A01
200900053127,0.0,30,0,0.0,2.0,7.0,17.0,A01
201000005516,0.0,7,0,0.0,2.0,8.0,19.0,A01
200900023915,0.0,1,0,0.0,2.0,0.0,15.0,A01
201100032219,0.0,7,0,0.0,1.0,1.0,1.0,A01
201300003474,0.0,33,0,16.0,0.0,8.0,1.0,A01
201500020596,0.0,10,0,0.0,0.0,0.0,0.0,A01
200900069200,0.0,7,0,0.0,2.0,2.0,0.0,B01
200700075862,0.0,7,0,0.0,4.0,7.0,19.0,A01
201200018106,0.0,7,0,0.0,9.0,2.0,2.0,A01
200500039210,0.0,7,0,13.0,0.0,1.0,1.0,A01
200500019918,0.0,5,0,0.0,2.0,1.0,21.0,B01
200700081281,0.0,14,0,0.0,0.0,3.0,1.0,A01
201300031587,0.0,7,0,0.0,2.0,3.0,16.0,A01
200900021837,0.0,30,0,0.0,2.0,1.0,21.0,A01
201500048930,0.0,13,0,0.0,1.0,1.0,15.0,A01
201100029199,0.0,2,0,1.0,2.0,1.0,1.0,A01
201500040338,0.0,7,0,0.0,2.0,3.0,0.0,B01
201200023665,0.0,10,0,0.0,2.0,2.0,0.0,A01
200700038030,0.0,32,0,1.0,0.0,2.0,2.0,B01
201200029826,0.0,2,0,0.0,2.0,1.0,1.0,B01
200700066935,0.0,32,0,0.0,0.0,7.0,21.0,A01
200500066788,0.0,2,0,0.0,2.0,1.0,1.0,B01
201300053113,0.0,7,0,0.0,2.0,1.0,2.0,A01
201000051034,0.0,2,0,0.0,0.0,3.0,1.0,A01
201500006030,0.0,10,0,0.0,2.0,3.0,13.0,B02
201000037832,0.0,7,0,0.0,2.0,1.0,1.0,A01
201400001188,0.0,7,0,0.0,2.0,8.0,19.0,A01
201500055133,0.0,31,0,0.0,2.0,1.0,5.0,B01
201500039443,0.0,7,0,0.0,2.0,1.0,15.0,A01
200600021724,0.0,7,0,0.0,2.0,6.0,10.0,A01
201600010535,1.0,7,0,0.0,2.0,3.0,11.0,A01
201200044906,0.0,7,0,1.0,0.0,2.0,2.0,A01
200800025079,0.0,33,0,0.0,2.0,1.0,9.0,A01
201500033569,0.0,7,0,0.0,2.0,1.0,5.0,A01
201400016243,0.0,7,0,0.0,2.0,1.0,1.0,C01
201600031430,0.0,10,0,0.0,2.0,3.0,23.0,C01
200700049852,0.0,2,0,0.0,2.0,7.0,1.0,A01
200900068284,0.0,7,0,0.0,2.0,1.0,15.0,A01
200600022441,0.0,7,0,0.0,0.0,0.0,12.0,B01
201200049473,0.0,7,0,0.0,2.0,3.0,11.0,A01
200600023364,0.0,14,0,0.0,2.0,8.0,1.0,B02
201200035633,0.0,10,0,0.0,2.0,2.0,0.0,B01
201500042156,0.0,7,0,0.0,1.0,3.0,4.0,A01
200900042411,0.0,33,0,0.0,2.0,1.0,1.0,B01
201100043548,0.0,7,0,0.0,2.0,1.0,15.0,A01
200800057484,0.0,2,0,0.0,2.0,1.0,2.0,A01
201300012456,0.0,7,0,2.0,0.0,2.0,14.0,A01
201600051855,2.0,32,0,0.0,2.0,3.0,1.0,A01
200800037377,0.0,7,0,0.0,2.0,1.0,1.0,B02
201100012497,0.0,7,0,0.0,2.0,3.0,1.0,A01
200500003046,0.0,7,0,0.0,1.0,3.0,2.0,A01
201500000272,0.0,3,0,0.0,2.0,2.0,13.0,A01
200800012546,0.0,1,0,0.0,2.0,8.0,1.0,B01
200800034363,0.0,33,0,0.0,2.0,9.0,0.0,A01
201400006733,0.0,30,0,0.0,2.0,1.0,1.0,B02
201100064056,0.0,7,0,0.0,2.0,4.0,4.0,A01
200600047725,0.0,7,0,0.0,2.0,4.0,1.0,C01
200700014504,0.0,7,0,0.0,2.0,1.0,1.0,B01
200900057095,2.0,7,0,0.0,2.0,1.0,2.0,A01
201600007588,1.0,7,0,0.0,2.0,3.0,0.0,B02
201000052672,0.0,7,0,0.0,2.0,1.0,15.0,A01
201600009735,1.0,15,0,0.0,2.0,3.0,13.0,B02
200500062979,0.0,7,0,0.0,2.0,2.0,1.0,A01
200600002029,0.0,7,0,0.0,0.0,4.0,23.0,C01
201100059978,0.0,30,0,0.0,2.0,1.0,1.0,B01
201000011211,0.0,14,0,0.0,2.0,6.0,1.0,B02
200900053070,0.0,30,0,4.0,0.0,1.0,1.0,A01
201600013892,1.0,10,0,0.0,2.0,7.0,15.0,Z01
200600034888,0.0,14,0,0.0,2.0,0.0,1.0,A01
201100029820,0.0,7,0,0.0,2.0,0.0,1.0,A01
201000063708,0.0,7,0,0.0,2.0,4.0,2.0,B01
200600034935,0.0,2,0,0.0,2.0,1.0,1.0,B01
201400056025,0.0,7,0,11.0,0.0,3.0,1.0,A01
201000042695,0.0,31,0,1.0,0.0,1.0,1.0,A01
200900065397,1.0,7,0,14.0,0.0,1.0,1.0,A01
200800020805,0.0,7,0,0.0,2.0,2.0,15.0,A01
201400018146,0.0,7,0,13.0,0.0,3.0,1.0,A01
201100000891,0.0,7,0,0.0,0.0,7.0,0.0,B02
200600064661,0.0,7,0,0.0,1.0,3.0,1.0,A01
200900034799,0.0,7,0,0.0,2.0,2.0,15.0,A01
200800002219,0.0,7,0,0.0,1.0,2.0,1.0,A01
201400046559,0.0,34,0,0.0,2.0,2.0,3.0,A01
200900050777,0.0,99,0,14.0,0.0,2.0,19.0,A01
200600027405,0.0,7,0,1.0,0.0,1.0,13.0,A01
200700044900,1.0,7,0,0.0,0.0,2.0,1.0,A01
200500044184,0.0,2,0,11.0,0.0,1.0,1.0,A01
200900048955,0.0,1,0,0.0,0.0,4.0,15.0,B01
201300051386,0.0,7,0,0.0,2.0,3.0,2.0,G02
200500001849,0.0,7,0,0.0,2.0,1.0,1.0,C03
201300037551,0.0,7,0,0.0,0.0,6.0,1.0,B01
201300005125,0.0,1,0,0.0,2.0,1.0,1.0,B02
200600019736,0.0,7,0,0.0,2.0,8.0,15.0,B01
201500046625,0.0,7,0,0.0,2.0,5.0,6.0,A01
200600010840,0.0,17,0,14.0,0.0,5.0,14.0,E01
200500027306,0.0,2,0,0.0,2.0,1.0,21.0,B01
200800003153,0.0,1,0,0.0,2.0,1.0,1.0,B01
200500076915,0.0,4,0,0.0,0.0,1.0,1.0,A01
200900052739,0.0,10,0,0.0,2.0,2.0,1.0,A01
201200052005,0.0,7,0,0.0,2.0,3.0,11.0,B01
200500022886,0.0,17,0,1.0,0.0,0.0,24.0,B02
200500058356,0.0,5,0,0.0,2.0,1.0,0.0,B01
201400014262,0.0,7,0,0.0,2.0,1.0,2.0,A01
201600049706,2.0,7,0,0.0,0.0,4.0,2.0,C01
201200039517,0.0,7,0,0.0,2.0,3.0,9.0,A01
201200021050,0.0,30,0,0.0,2.0,1.0,1.0,B01
200700037599,0.0,30,0,0.0,0.0,1.0,0.0,B01
201400000421,0.0,7,0,0.0,2.0,1.0,13.0,A01
201100029233,0.0,7,0,0.0,2.0,1.0,1.0,A01
200700001419,0.0,7,0,0.0,2.0,6.0,24.0,C03
200500009571,1.0,17,0,0.0,2.0,0.0,17.0,B01
201000038311,0.0,7,0,0.0,1.0,1.0,1.0,A01
201300026003,0.0,32,0,0.0,2.0,7.0,1.0,B01
200600034036,0.0,7,0,0.0,2.0,1.0,15.0,A01
200800055495,0.0,1,0,0.0,2.0,3.0,15.0,B02
200900067653,0.0,33,0,0.0,2.0,9.0,1.0,B01
200900045493,0.0,10,0,1.0,0.0,8.0,1.0,B01
201400002779,0.0,7,0,0.0,0.0,8.0,19.0,A01
201400009406,0.0,7,0,0.0,2.0,1.0,1.0,A01
201600019010,1.0,2,0,0.0,2.0,1.0,13.0,B02
200500002802,0.0,7,0,0.0,2.0,6.0,1.0,B01
201400042069,0.0,7,0,0.0,2.0,1.0,1.0,B01
200800025584,0.0,7,0,0.0,1.0,1.0,1.0,A01
201400054827,0.0,31,0,0.0,0.0,8.0,1.0,A01
200500023199,0.0,7,0,0.0,2.0,2.0,17.0,A01
200500081679,0.0,2,0,0.0,2.0,1.0,13.0,A01
201500007294,0.0,15,0,0.0,2.0,3.0,1.0,B02
200900004055,0.0,1,0,0.0,2.0,1.0,1.0,B01
201300004363,0.0,7,0,0.0,2.0,4.0,15.0,A01
201600031195,1.0,7,0,0.0,2.0,1.0,1.0,A01
200900028383,0.0,10,0,0.0,2.0,1.0,2.0,A01
200500028010,0.0,7,0,0.0,2.0,7.0,15.0,A01
200900012422,0.0,7,0,0.0,2.0,5.0,23.0,B01
200900012641,0.0,2,0,0.0,2.0,1.0,1.0,A01
201300058322,0.0,7,0,0.0,1.0,1.0,1.0,A01
201600002690,1.0,7,0,0.0,2.0,1.0,1.0,A01
201200032603,1.0,7,0,0.0,2.0,4.0,4.0,Z01
201500042330,0.0,7,0,0.0,1.0,2.0,2.0,A01
200800002803,0.0,7,0,0.0,2.0,2.0,12.0,A01
201200050021,0.0,7,0,0.0,0.0,1.0,0.0,A01
201000005020,0.0,7,0,0.0,2.0,1.0,1.0,B02
201400005602,0.0,33,0,2.0,0.0,1.0,13.0,A01
201400009018,0.0,33,0,0.0,2.0,1.0,1.0,B02
200500050811,0.0,7,0,0.0,9.0,1.0,1.0,A01
200500039235,0.0,5,0,0.0,2.0,1.0,2.0,A01
200600060341,0.0,7,0,0.0,2.0,1.0,1.0,A01
201300019072,0.0,31,0,0.0,2.0,1.0,1.0,B02
201200049867,0.0,15,0,0.0,0.0,8.0,1.0,B01
201500017010,0.0,7,0,0.0,2.0,3.0,1.0,B02
201400011637,0.0,15,0,0.0,2.0,1.0,2.0,B02
201200054189,0.0,33,0,0.0,0.0,8.0,1.0,A01
200700009464,0.0,7,0,0.0,2.0,4.0,1.0,A01
201500047348,0.0,10,0,0.0,2.0,4.0,21.0,A01
200700081088,0.0,32,0,0.0,1.0,1.0,1.0,A01
201500007368,0.0,7,0,0.0,1.0,2.0,1.0,A01
200600075727,0.0,7,0,0.0,2.0,2.0,17.0,A01
201400056539,0.0,7,0,0.0,2.0,8.0,22.0,A01
201100050772,1.0,7,0,0.0,2.0,8.0,15.0,B01
200700045190,0.0,15,0,16.0,0.0,3.0,0.0,A01
200600002292,0.0,7,0,0.0,1.0,4.0,4.0,A01
200800038114,0.0,1,0,0.0,2.0,7.0,23.0,B01
201300015540,0.0,7,0,0.0,2.0,4.0,2.0,B01
201500001990,0.0,7,0,2.0,0.0,7.0,1.0,A01
200500031494,0.0,13,0,0.0,0.0,1.0,17.0,A01
200900006758,0.0,7,0,0.0,2.0,1.0,9.0,A01
201300026543,0.0,7,0,0.0,2.0,2.0,1.0,A01
201100003753,0.0,7,0,0.0,2.0,1.0,13.0,A01
201500034074,0.0,7,0,0.0,2.0,4.0,2.0,B01
200500072696,0.0,10,0,1.0,2.0,3.0,1.0,B01
200900047431,0.0,10,0,1.0,2.0,1.0,14.0,A01
200700023058,0.0,7,0,0.0,2.0,2.0,1.0,C01
200900031432,0.0,7,0,0.0,2.0,4.0,2.0,C01
201600041598,1.0,2,0,0.0,2.0,1.0,18.0,B01
201600029508,1.0,7,0,0.0,1.0,0.0,1.0,A01
200700043733,0.0,7,0,0.0,1.0,1.0,1.0,A01
200900024860,0.0,10,0,0.0,1.0,2.0,0.0,A01
200500087580,0.0,4,0,0.0,2.0,1.0,1.0,B01
201300013161,0.0,7,0,0.0,2.0,2.0,1.0,A01
201600018283,1.0,7,0,0.0,2.0,1.0,5.0,A01
200500079159,0.0,7,0,0.0,2.0,8.0,19.0,A01
200900002403,0.0,30,0,0.0,0.0,2.0,1.0,A01
201100051600,0.0,7,0,0.0,2.0,3.0,15.0,A01
201500019292,0.0,7,0,0.0,2.0,1.0,1.0,A01
201500002718,0.0,7,0,0.0,2.0,6.0,1.0,B02
200800028645,0.0,33,0,0.0,2.0,2.0,21.0,B02
200700046818,0.0,7,0,0.0,2.0,1.0,1.0,A01
201600031875,1.0,32,0,0.0,2.0,1.0,17.0,B01
200600061682,0.0,7,0,0.0,2.0,2.0,16.0,A01
201500018351,0.0,7,0,0.0,2.0,7.0,13.0,A01
200900020753,0.0,31,0,0.0,2.0,2.0,1.0,D01
200500074535,0.0,7,0,0.0,2.0,2.0,15.0,A01
200800019285,0.0,7,0,0.0,0.0,3.0,15.0,B01
201000055841,0.0,7,0,0.0,2.0,4.0,2.0,B01
201400054394,1.0,10,0,0.0,1.0,0.0,16.0,Z01
200800028212,0.0,30,0,0.0,2.0,8.0,2.0,B02
201300026554,0.0,7,0,0.0,2.0,8.0,1.0,B01
201600055013,1.0,34,0,0.0,2.0,1.0,1.0,B01
201000003273,0.0,7,0,0.0,2.0,8.0,15.0,A01
200700019601,0.0,7,0,0.0,0.0,0.0,0.0,C03
201300007276,0.0,7,0,0.0,2.0,3.0,15.0,A01
201300054190,1.0,7,0,0.0,2.0,0.0,5.0,Z01
200800041549,0.0,14,0,0.0,2.0,6.0,11.0,A01
200800033472,0.0,1,0,0.0,1.0,0.0,1.0,A01
200800066119,0.0,7,0,0.0,2.0,7.0,13.0,B01
200500069414,0.0,15,0,0.0,2.0,4.0,2.0,B01
200700030264,0.0,7,0,3.0,0.0,1.0,14.0,A01
200600061199,0.0,7,0,0.0,2.0,2.0,15.0,B01
201100007220,0.0,7,0,16.0,0.0,9.0,1.0,C03
200700037323,0.0,7,0,0.0,2.0,3.0,1.0,A01
200800017988,0.0,7,0,0.0,0.0,2.0,17.0,A01
200700061448,0.0,7,0,0.0,0.0,6.0,16.0,A01
201600001921,1.0,30,0,6.0,0.0,5.0,1.0,A01
200700057969,0.0,31,0,0.0,2.0,1.0,1.0,B01
200900010606,0.0,30,0,0.0,2.0,8.0,3.0,A01
200700063020,0.0,7,0,1.0,0.0,1.0,1.0,A01
201200003979,0.0,7,0,0.0,0.0,9.0,14.0,A01
200700007607,0.0,30,0,0.0,0.0,0.0,1.0,A01
200900010071,0.0,7,0,0.0,0.0,4.0,16.0,B02
200500065944,0.0,2,0,0.0,0.0,0.0,1.0,A01
200900070366,0.0,7,0,0.0,2.0,6.0,1.0,B02
200600064153,0.0,7,0,0.0,1.0,0.0,0.0,A01
200900030561,0.0,7,0,3.0,0.0,1.0,1.0,B01
201300045571,0.0,33,0,0.0,0.0,7.0,1.0,A01
201300031732,0.0,7,0,0.0,2.0,3.0,1.0,B01
200900053417,0.0,7,0,0.0,2.0,2.0,2.0,A01
200900024655,0.0,7,0,0.0,2.0,1.0,1.0,A01
200500058750,0.0,7,0,0.0,2.0,7.0,1.0,A01
201000057711,0.0,14,0,0.0,2.0,4.0,1.0,B01
201100003959,0.0,7,0,0.0,2.0,1.0,1.0,B02
201100022674,0.0,7,0,0.0,2.0,1.0,1.0,A01
201400026181,0.0,7,0,0.0,2.0,4.0,2.0,C01
201600044347,1.0,32,0,0.0,2.0,4.0,2.0,A01
201100049404,0.0,7,0,0.0,2.0,4.0,1.0,B01
201300026451,0.0,7,0,0.0,2.0,4.0,2.0,B01
200800025068,0.0,10,0,0.0,2.0,2.0,17.0,A01
200500054506,0.0,21,0,0.0,2.0,6.0,15.0,B02
201600032051,1.0,7,0,0.0,2.0,4.0,2.0,B01
200800011219,1.0,37,29,0.0,2.0,0.0,7.0,B01
200600003762,0.0,7,0,0.0,0.0,2.0,9.0,A01
201100047911,0.0,10,0,0.0,2.0,3.0,23.0,C01
201600003083,0.0,7,0,0.0,0.0,4.0,15.0,B02
201200006123,0.0,14,0,0.0,1.0,3.0,1.0,A01
200800014397,0.0,7,0,0.0,2.0,5.0,15.0,B01
200600080983,0.0,7,0,0.0,0.0,4.0,2.0,B01
200900061212,0.0,7,0,2.0,0.0,1.0,13.0,A01
200900021593,0.0,33,0,0.0,0.0,7.0,1.0,A01
200700027938,0.0,7,0,0.0,2.0,1.0,0.0,C01
201300004778,0.0,7,0,0.0,0.0,4.0,23.0,B01
200700017998,0.0,7,0,0.0,0.0,7.0,2.0,C01
201400055738,0.0,2,0,0.0,2.0,4.0,16.0,A01
201100033259,0.0,7,0,0.0,0.0,7.0,1.0,B01
201300017275,0.0,1,0,0.0,2.0,8.0,13.0,B02
201100031367,0.0,2,0,0.0,2.0,1.0,17.0,B01
201300030696,0.0,7,0,0.0,0.0,5.0,2.0,B01
201400014247,0.0,7,0,0.0,2.0,6.0,9.0,B01
200500001304,0.0,7,0,13.0,0.0,1.0,13.0,A01
201400013143,0.0,30,0,0.0,2.0,2.0,0.0,A01
201400004604,0.0,7,0,0.0,2.0,6.0,15.0,A01
200900006386,0.0,7,0,0.0,2.0,1.0,13.0,A01
200700006648,0.0,7,0,0.0,2.0,1.0,1.0,A01
201400013616,0.0,7,0,0.0,2.0,3.0,9.0,A01
200700079929,0.0,7,0,0.0,2.0,7.0,0.0,A01
200700072827,0.0,32,0,0.0,2.0,0.0,0.0,A01
201100063599,1.0,7,0,0.0,1.0,0.0,1.0,Z01
201400031167,0.0,7,0,0.0,2.0,3.0,0.0,B01
201200029291,0.0,33,0,1.0,2.0,1.0,1.0,B01
201000051702,0.0,7,0,0.0,2.0,7.0,1.0,A01
200900001263,0.0,7,0,0.0,0.0,0.0,1.0,A01
201100012364,0.0,1,0,0.0,2.0,3.0,1.0,B02
200800045239,0.0,31,0,0.0,0.0,0.0,0.0,A01
200800063820,0.0,7,0,0.0,1.0,1.0,1.0,A01
201500013693,0.0,37,0,0.0,2.0,1.0,23.0,B01
201100059978,0.0,7,0,0.0,2.0,7.0,15.0,A01
201400056029,0.0,7,0,0.0,2.0,6.0,16.0,B01
200900023139,0.0,7,0,0.0,2.0,2.0,1.0,B02
201000067241,0.0,34,0,0.0,0.0,8.0,3.0,A01
201000010226,0.0,33,0,0.0,0.0,0.0,1.0,A01
200500076860,0.0,7,0,0.0,1.0,4.0,2.0,A01
200500029089,0.0,7,0,0.0,2.0,1.0,1.0,A01
201000033803,0.0,7,0,0.0,2.0,8.0,1.0,B01
200600028138,0.0,7,0,0.0,1.0,4.0,4.0,A01
200700017978,0.0,7,0,0.0,2.0,6.0,1.0,C01
200800037798,0.0,7,0,1.0,0.0,1.0,14.0,A01
201500031765,0.0,7,0,0.0,1.0,1.0,1.0,A01
200800050050,0.0,31,0,0.0,2.0,1.0,1.0,B01
200900022229,0.0,7,0,0.0,1.0,7.0,1.0,A01
200700001228,0.0,30,0,0.0,2.0,1.0,16.0,B02
201400037225,0.0,7,0,0.0,2.0,8.0,1.0,B01
200500026742,0.0,5,0,0.0,2.0,1.0,1.0,B02
201400028835,0.0,7,0,0.0,1.0,2.0,15.0,A01
201200041348,0.0,7,0,1.0,0.0,6.0,4.0,A01
201500019308,0.0,2,0,0.0,0.0,0.0,0.0,A01
200500001077,0.0,2,0,0.0,2.0,1.0,5.0,A01
200900068810,0.0,7,0,0.0,2.0,8.0,0.0,B01
201400057620,0.0,7,0,0.0,1.0,1.0,1.0,A01
200700019507,0.0,1,0,0.0,0.0,7.0,11.0,B02
201300049179,0.0,7,0,0.0,2.0,3.0,14.0,B01
201300032824,0.0,7,0,0.0,2.0,1.0,1.0,A01
201200051937,0.0,7,0,4.0,0.0,1.0,2.0,A01
200500081878,0.0,7,0,0.0,2.0,8.0,16.0,A01
201000066518,0.0,10,0,0.0,2.0,2.0,1.0,A01
200800007613,2.0,7,0,0.0,1.0,1.0,1.0,A01
201100047811,0.0,7,0,0.0,0.0,8.0,1.0,B01
201100016300,0.0,10,0,0.0,2.0,1.0,1.0,C01
201100034060,0.0,7,0,0.0,1.0,4.0,2.0,B01
201600048435,2.0,7,0,0.0,1.0,2.0,2.0,A01
200800074386,0.0,31,0,0.0,2.0,3.0,17.0,B01
201500006189,0.0,30,0,0.0,0.0,1.0,1.0,B02
200500077596,0.0,5,0,0.0,2.0,2.0,1.0,A01
200800038573,0.0,7,0,0.0,1.0,3.0,15.0,A01
200800012934,0.0,7,0,0.0,2.0,2.0,20.0,A01
200800045297,0.0,40,0,0.0,2.0,0.0,1.0,B01
200600034613,0.0,7,0,0.0,2.0,4.0,1.0,B01
200700079969,0.0,7,0,0.0,2.0,1.0,0.0,A01
201100014752,0.0,7,0,0.0,2.0,2.0,1.0,B01
201500003167,0.0,7,0,0.0,2.0,1.0,1.0,B02
201100048276,0.0,7,0,0.0,2.0,1.0,1.0,B01
201000000248,0.0,7,0,2.0,0.0,7.0,1.0,A01
200900001305,0.0,30,0,0.0,2.0,1.0,1.0,B01
200900032293,0.0,7,0,0.0,2.0,3.0,15.0,A01
201100051333,0.0,7,0,0.0,2.0,1.0,2.0,A01
201200016707,0.0,7,0,0.0,9.0,6.0,2.0,B01
201000006017,0.0,33,0,0.0,2.0,1.0,2.0,A01
201600012221,2.0,7,0,0.0,9.0,1.0,1.0,A01