Num_Acc,senc,catv,occutc,obs,obsm,choc,manv,num_veh
201100055382,0.0,7,0,0.0,2.0,1.0,1.0,A01
200800003620,0.0,7,0,0.0,1.0,8.0,1.0,A01
201000020846,0.0,7,0,0.0,2.0,1.0,1.0,B01
200600042773,0.0,1,0,0.0,2.0,5.0,14.0,B02
201100012760,0.0,7,0,0.0,2.0,1.0,0.0,A01
200600045865,0.0,7,0,0.0,0.0,0.0,1.0,A01
200700067296,0.0,2,0,0.0,2.0,7.0,2.0,A01
201300031628,0.0,7,0,0.0,2.0,1.0,1.0,A01
200900000799,0.0,7,0,0.0,2.0,6.0,2.0,B01
201200039324,0.0,34,0,0.0,1.0,1.0,1.0,A01
201400055336,0.0,30,0,0.0,0.0,8.0,1.0,A01
200700079083,0.0,7,0,0.0,2.0,8.0,1.0,C01
201400030945,0.0,2,0,0.0,2.0,5.0,1.0,A01
200900037710,0.0,33,0,0.0,2.0,1.0,1.0,B01
200800011676,0.0,32,0,0.0,2.0,3.0,0.0,B01
201300028141,1.0,7,0,0.0,2.0,4.0,2.0,A01
201600058502,1.0,7,0,0.0,1.0,1.0,1.0,A01
200700067971,1.0,7,0,0.0,1.0,2.0,1.0,A01
200900023527,0.0,7,0,13.0,0.0,2.0,14.0,A01
200800021416,0.0,32,0,0.0,0.0,0.0,2.0,A01
200800027988,0.0,7,0,0.0,2.0,1.0,1.0,B02
200900030291,0.0,7,0,0.0,1.0,2.0,1.0,A01
201000066687,0.0,31,0,0.0,2.0,4.0,3.0,B01
201600037553,0.0,7,0,1.0,0.0,1.0,23.0,D01
200500042113,0.0,5,0,5.0,0.0,7.0,1.0,A01
201600009198,2.0,7,0,0.0,2.0,3.0,13.0,A01
201300028159,0.0,7,0,13.0,0.0,2.0,14.0,A01
200900027846,0.0,7,0,0.0,2.0,8.0,20.0,A01
200900014632,0.0,30,0,0.0,2.0,1.0,13.0,B02
201200055239,0.0,32,0,0.0,0.0,0.0,1.0,A01
201000008090,0.0,10,0,0.0,2.0,3.0,15.0,A01
200500057761,0.0,7,0,0.0,2.0,1.0,2.0,A01
201400058253,0.0,7,0,0.0,2.0,8.0,1.0,B02
201000001447,0.0,7,0,0.0,1.0,2.0,1.0,A01
200500024052,0.0,14,0,0.0,2.0,3.0,1.0,A01
200800021219,0.0,10,0,0.0,1.0,1.0,1.0,A01
201100032174,0.0,13,0,0.0,2.0,1.0,2.0,C01
200700020151,0.0,7,0,0.0,2.0,6.0,2.0,B02
201600004059,1.0,7,0,14.0,0.0,1.0,1.0,C03
201500037897,0.0,33,0,0.0,2.0,1.0,1.0,B01
201000036247,0.0,7,0,0.0,0.0,1.0,1.0,A01
200600011758,0.0,7,0,0.0,2.0,5.0,20.0,B01
201100043875,0.0,17,0,0.0,2.0,7.0,15.0,A01
200500007061,0.0,5,0,0.0,2.0,0.0,1.0,A01
200900065993,0.0,15,0,0.0,2.0,1.0,2.0,A01
200500064613,0.0,7,0,0.0,2.0,8.0,17.0,A01
200700054679,0.0,7,0,0.0,0.0,5.0,0.0,B01
201200024527,0.0,33,0,8.0,0.0,0.0,0.0,A01
201300001825,0.0,7,0,0.0,2.0,3.0,13.0,A01
201300036608,0.0,33,0,0.0,2.0,7.0,16.0,B01
201200022966,0.0,14,0,0.0,0.0,4.0,2.0,B02
200800014967,0.0,7,0,0.0,2.0,2.0,12.0,A01
201100004582,0.0,7,0,13.0,0.0,1.0,13.0,A01
201500032367,0.0,1,0,0.0,2.0,3.0,19.0,A01
200600055719,0.0,7,0,0.0,2.0,1.0,1.0,A01
200500023777,0.0,7,0,0.0,2.0,3.0,17.0,A01
200900015902,0.0,7,0,0.0,2.0,2.0,2.0,A01
200600008604,0.0,7,0,0.0,2.0,1.0,2.0,B01
201300052684,0.0,7,0,0.0,2.0,5.0,23.0,B01
200500080080,0.0,7,0,0.0,0.0,4.0,2.0,B01
200600025473,0.0,7,0,0.0,2.0,2.0,1.0,B01
201100044414,0.0,7,0,0.0,2.0,1.0,2.0,A01
200800029934,0.0,7,0,0.0,2.0,7.0,1.0,B02
200800038570,0.0,30,0,0.0,2.0,7.0,3.0,B01
200600014519,0.0,4,0,0.0,2.0,1.0,1.0,B01
201000024446,0.0,30,0,0.0,2.0,1.0,17.0,A01
200700022122,0.0,33,0,0.0,2.0,1.0,17.0,A01
200600038657,0.0,7,0,0.0,2.0,2.0,14.0,A01
200900040124,0.0,10,0,0.0,2.0,1.0,11.0,A01
200600054393,0.0,10,0,0.0,1.0,0.0,1.0,A01
200900042753,0.0,7,0,0.0,0.0,1.0,2.0,A01
201100054733,0.0,32,0,0.0,0.0,7.0,1.0,A01
201000054781,0.0,7,0,0.0,2.0,1.0,1.0,A01
201100038114,0.0,7,0,0.0,2.0,4.0,1.0,B01
201200021821,0.0,1,0,0.0,2.0,2.0,15.0,B01
201500017945,0.0,30,0,0.0,2.0,0.0,21.0,A01
200700061726,0.0,7,0,0.0,2.0,8.0,15.0,A01
200600067475,0.0,14,0,0.0,0.0,6.0,23.0,A01
200800006750,0.0,7,0,0.0,2.0,7.0,1.0,A01
200600021998,0.0,7,0,0.0,9.0,1.0,1.0,D01
200900008634,0.0,7,0,0.0,2.0,0.0,1.0,B01
201000038696,0.0,31,0,0.0,2.0,4.0,23.0,B01
200700061318,0.0,7,0,0.0,2.0,1.0,1.0,B02
201100033494,0.0,7,0,0.0,2.0,3.0,1.0,B01
200800025215,0.0,1,0,0.0,2.0,1.0,1.0,A01
201300029993,0.0,1,0,0.0,2.0,8.0,9.0,B01
201500043635,0.0,33,0,0.0,2.0,7.0,1.0,B01
200600008617,0.0,7,0,10.0,2.0,2.0,10.0,A01
201300057401,0.0,7,0,0.0,2.0,2.0,1.0,B02
201600028747,2.0,33,0,0.0,2.0,3.0,1.0,B01
201200044650,0.0,7,0,0.0,2.0,1.0,1.0,A01
200500042403,0.0,7,0,0.0,2.0,3.0,1.0,A01
201500013986,0.0,34,0,0.0,2.0,1.0,1.0,B01
201400049542,0.0,7,0,0.0,2.0,1.0,2.0,A01
200600075740,0.0,1,0,0.0,2.0,1.0,2.0,A01
201000049005,0.0,2,0,1.0,2.0,1.0,1.0,B01
200900038228,0.0,31,0,0.0,2.0,1.0,17.0,A01
201200002149,0.0,7,0,0.0,2.0,3.0,13.0,B02
200800058812,0.0,2,0,0.0,2.0,3.0,1.0,A01
200900064865,0.0,7,0,0.0,2.0,1.0,13.0,A01
201600003843,1.0,7,0,0.0,9.0,7.0,17.0,A01
201000013559,1.0,7,0,15.0,1.0,7.0,1.0,A01
200500009285,0.0,7,0,0.0,2.0,1.0,2.0,A01
201600018126,1.0,7,0,0.0,0.0,2.0,13.0,A01
201000009336,0.0,7,0,0.0,9.0,3.0,1.0,A01
200800014264,0.0,1,0,0.0,0.0,1.0,1.0,B01
200900004344,0.0,7,0,6.0,0.0,2.0,1.0,A01
201400036306,0.0,2,0,0.0,2.0,1.0,16.0,B01
200800068734,0.0,10,0,0.0,2.0,3.0,23.0,C03
200500045613,0.0,2,0,13.0,0.0,2.0,1.0,A01
201300015623,0.0,7,0,6.0,1.0,1.0,1.0,A01
201300016945,0.0,33,0,0.0,0.0,1.0,1.0,B02
201300021685,2.0,7,0,0.0,1.0,5.0,20.0,A01
200700011667,0.0,7,0,1.0,2.0,4.0,17.0,A01
201600030047,1.0,7,0,0.0,1.0,2.0,2.0,A01
200700015154,0.0,30,0,0.0,2.0,8.0,18.0,B01
201300016693,0.0,7,0,0.0,2.0,4.0,23.0,B01
201100009365,0.0,7,0,8.0,0.0,2.0,0.0,A01
200700068457,0.0,10,0,0.0,2.0,3.0,15.0,A01
200900020582,0.0,7,0,0.0,2.0,3.0,15.0,A01
200500014948,1.0,7,0,0.0,0.0,0.0,12.0,A01
201100029845,0.0,10,0,0.0,2.0,3.0,9.0,A01
200800011042,0.0,7,0,0.0,1.0,3.0,1.0,A01
201200018399,0.0,7,0,0.0,2.0,3.0,9.0,B02
200900033086,0.0,7,0,0.0,2.0,4.0,2.0,B01
201200022660,0.0,1,0,0.0,2.0,3.0,1.0,B02
201500057749,0.0,7,0,0.0,2.0,2.0,15.0,A01
200900042536,0.0,33,0,0.0,2.0,1.0,0.0,A01
201100057969,0.0,34,0,0.0,2.0,1.0,1.0,B01
201100019571,0.0,7,0,0.0,2.0,5.0,10.0,A01
200800071791,0.0,7,0,0.0,2.0,1.0,1.0,C01
200700055729,0.0,33,0,0.0,2.0,1.0,1.0,B01
200800041557,0.0,2,0,16.0,0.0,7.0,1.0,A01
201300042103,1.0,7,0,0.0,1.0,1.0,15.0,A01
201100066418,0.0,7,0,0.0,2.0,1.0,2.0,A01
200500060148,0.0,5,0,0.0,0.0,3.0,21.0,A01
200900020435,0.0,7,0,0.0,2.0,7.0,1.0,B01
201100048625,0.0,30,0,0.0,2.0,2.0,3.0,A01
200800009680,0.0,7,0,0.0,2.0,1.0,1.0,A01
201400023539,0.0,7,0,0.0,2.0,4.0,0.0,B01
201500005715,0.0,7,0,0.0,2.0,1.0,1.0,C03
201500026275,0.0,7,0,0.0,2.0,1.0,13.0,A01
200500080348,0.0,7,0,0.0,2.0,3.0,1.0,A01
201200024200,0.0,2,0,0.0,2.0,1.0,1.0,A01
200600019818,0.0,7,0,0.0,2.0,2.0,12.0,A01
200800035022,0.0,7,0,3.0,0.0,4.0,2.0,B01
200600073269,0.0,7,0,0.0,0.0,1.0,15.0,A01
201400057694,0.0,33,0,0.0,2.0,3.0,1.0,B01
200700028015,0.0,7,0,6.0,0.0,1.0,0.0,A01
201500020866,0.0,2,0,0.0,2.0,1.0,1.0,B01
201100046559,0.0,33,0,0.0,2.0,1.0,17.0,A01
200600025062,0.0,7,0,13.0,0.0,1.0,0.0,A01
200900065719,0.0,7,0,0.0,2.0,1.0,1.0,C01
201000018069,0.0,7,0,0.0,1.0,1.0,15.0,A01
200500065202,0.0,2,0,0.0,2.0,3.0,2.0,B01
201200000310,1.0,15,0,0.0,1.0,3.0,22.0,Z02
201100056136,0.0,15,0,4.0,0.0,1.0,16.0,A01
201000061323,0.0,34,0,0.0,2.0,3.0,1.0,B01
200900034740,0.0,7,0,0.0,2.0,1.0,1.0,B02
201200022761,0.0,7,0,0.0,2.0,3.0,1.0,A01
200800053618,0.0,7,0,0.0,0.0,4.0,1.0,B01
201100051651,0.0,7,0,0.0,2.0,4.0,2.0,C01
201200032555,0.0,2,0,0.0,2.0,1.0,1.0,B01
201500032009,0.0,7,0,0.0,2.0,4.0,2.0,A01
200900050715,0.0,7,0,0.0,2.0,3.0,1.0,B01
201600045551,2.0,7,0,0.0,2.0,4.0,2.0,C01
200700067231,0.0,2,0,0.0,2.0,3.0,7.0,B01
201200054031,0.0,7,0,0.0,1.0,3.0,15.0,A01
201000049366,0.0,2,0,0.0,2.0,1.0,1.0,A01
200600066002,0.0,7,0,0.0,2.0,2.0,10.0,A01
201300020998,0.0,7,0,1.0,0.0,9.0,0.0,A01
201400002123,0.0,31,0,0.0,2.0,9.0,2.0,A01
201600021949,1.0,7,0,0.0,2.0,1.0,0.0,A01
200500051598,0.0,2,0,0.0,0.0,0.0,1.0,A01
201200052548,0.0,7,0,0.0,2.0,3.0,2.0,A01
201400056577,0.0,7,0,0.0,2.0,4.0,23.0,B01
200500068052,0.0,7,0,0.0,2.0,7.0,22.0,A01
201600000951,0.0,7,0,0.0,2.0,2.0,1.0,C03
201000045633,0.0,7,0,0.0,2.0,1.0,0.0,B01
201200007057,0.0,10,0,0.0,2.0,5.0,15.0,A01
200900021936,0.0,7,0,0.0,2.0,6.0,19.0,A01
200600020992,0.0,7,0,0.0,2.0,4.0,1.0,B01
201300024746,0.0,34,0,0.0,0.0,6.0,15.0,B01
201400024168,0.0,32,0,0.0,2.0,1.0,1.0,B01
201300042717,0.0,3,0,0.0,2.0,1.0,2.0,D01
200500040455,0.0,7,0,0.0,2.0,1.0,2.0,A01
201000025088,0.0,7,0,0.0,2.0,1.0,15.0,A01
201400031887,0.0,7,0,0.0,2.0,1.0,0.0,A01
200500004253,0.0,7,0,0.0,2.0,8.0,10.0,A01
200800014555,0.0,7,0,0.0,0.0,1.0,2.0,A01
201300017295,0.0,7,0,0.0,2.0,3.0,1.0,A01
200700057516,0.0,7,0,0.0,0.0,4.0,1.0,B01
201400047781,0.0,7,0,0.0,2.0,1.0,2.0,C01
200700036033,0.0,7,0,0.0,2.0,1.0,1.0,A01
200800001425,0.0,7,0,13.0,0.0,2.0,0.0,A01
201600001393,2.0,7,0,8.0,0.0,1.0,14.0,A01
200800031237,0.0,7,0,0.0,2.0,3.0,1.0,B01
200500080049,0.0,7,0,0.0,2.0,2.0,15.0,A01
200800067372,0.0,33,0,0.0,2.0,1.0,1.0,A01
200800020978,0.0,7,0,0.0,2.0,2.0,1.0,B01
201400003294,0.0,7,0,0.0,2.0,1.0,2.0,A01
201500041925,0.0,7,0,0.0,2.0,1.0,1.0,A01
201200021472,0.0,7,0,0.0,2.0,4.0,2.0,D04
201000060529,0.0,7,0,0.0,2.0,5.0,23.0,C01
200800033615,0.0,7,0,0.0,2.0,1.0,1.0,B01
201600020912,1.0,7,0,0.0,2.0,5.0,0.0,C01
201300015044,0.0,7,0,0.0,2.0,4.0,1.0,C01
201300020170,0.0,1,0,0.0,2.0,1.0,1.0,B02
200800010980,0.0,10,0,0.0,1.0,4.0,4.0,A01
200600073406,0.0,7,0,0.0,2.0,7.0,15.0,A01
201600021823,0.0,10,0,0.0,1.0,1.0,1.0,A01
201600013822,1.0,7,0,1.0,0.0,1.0,0.0,A01
201000006907,0.0,7,0,0.0,5.0,0.0,19.0,A01
200600001723,0.0,2,0,0.0,0.0,7.0,1.0,A01
200800052467,0.0,7,0,0.0,1.0,2.0,1.0,A01
201500045369,0.0,99,0,0.0,2.0,4.0,2.0,D01
201200028017,0.0,33,0,0.0,2.0,1.0,1.0,B01
200600039583,0.0,7,0,0.0,2.0,4.0,2.0,C01
201600022363,2.0,37,0,0.0,1.0,1.0,1.0,A01
201100035574,0.0,37,1,0.0,1.0,2.0,1.0,A01
201100034890,0.0,1,0,0.0,2.0,1.0,0.0,B01
200700022668,0.0,31,0,0.0,2.0,7.0,16.0,B01
201400035455,0.0,7,0,0.0,0.0,1.0,0.0,A01
200800048786,0.0,7,0,0.0,2.0,2.0,13.0,A01
200500025113,0.0,7,0,0.0,0.0,2.0,1.0,A01
201300000782,0.0,7,0,0.0,0.0,1.0,1.0,A01
201000045872,0.0,7,0,0.0,0.0,3.0,0.0,B01
200800002100,0.0,7,0,0.0,2.0,3.0,9.0,B01
201400044237,0.0,33,0,0.0,2.0,1.0,2.0,B01
201300030163,0.0,7,0,2.0,2.0,2.0,1.0,B01
201100024634,0.0,7,0,13.0,0.0,3.0,13.0,A01
201200020084,0.0,7,0,0.0,0.0,3.0,1.0,B02
201100065021,0.0,7,0,0.0,0.0,5.0,23.0,D01
201000006316,0.0,7,0,13.0,0.0,2.0,1.0,A01
200700064596,0.0,3,0,0.0,2.0,2.0,2.0,A01
200700008442,0.0,7,0,0.0,2.0,0.0,19.0,A01
201100019533,0.0,7,0,0.0,0.0,1.0,0.0,B01
200700045303,0.0,33,0,0.0,2.0,1.0,1.0,A01
200600043003,0.0,7,0,0.0,2.0,2.0,15.0,A01
201200019805,0.0,33,0,15.0,0.0,7.0,1.0,A01
200600048456,0.0,7,0,0.0,2.0,1.0,2.0,A01
201300047875,0.0,7,0,0.0,2.0,4.0,2.0,B01
201100042248,0.0,7,0,0.0,2.0,3.0,13.0,A01
201300008318,0.0,7,0,0.0,2.0,1.0,9.0,A01
201100021965,0.0,7,0,0.0,2.0,2.0,17.0,A01
201600044678,2.0,7,0,4.0,2.0,5.0,1.0,B01
201500030892,2.0,10,0,0.0,0.0,1.0,1.0,A01
200900040117,0.0,7,0,0.0,9.0,1.0,2.0,A01
201300039229,0.0,7,0,0.0,0.0,0.0,0.0,B01
201600004850,2.0,15,0,0.0,2.0,3.0,2.0,A01
200700016471,0.0,7,0,1.0,2.0,4.0,1.0,B01
201200034797,0.0,2,0,0.0,2.0,7.0,1.0,B01
201000051417,0.0,7,0,0.0,2.0,3.0,10.0,A01
200600068809,0.0,2,0,0.0,2.0,3.0,1.0,A01
200600021946,0.0,7,0,0.0,1.0,1.0,1.0,A01
201000068977,0.0,31,0,0.0,2.0,1.0,0.0,B01
201200035467,0.0,2,0,0.0,1.0,1.0,1.0,A01
200500076396,0.0,1,0,0.0,2.0,4.0,1.0,B01
201600043652,2.0,7,0,0.0,2.0,4.0,1.0,G01
200800026952,0.0,7,0,0.0,2.0,8.0,10.0,B01
200500020238,0.0,7,0,0.0,2.0,2.0,1.0,A01
200700005736,0.0,7,0,0.0,0.0,0.0,0.0,B01
200600043241,0.0,7,0,0.0,2.0,8.0,15.0,B02
200500060741,0.0,7,0,0.0,0.0,0.0,1.0,C01
200900070211,0.0,10,0,0.0,0.0,4.0,23.0,B01
200900005685,0.0,10,0,0.0,2.0,3.0,2.0,B01
200700070328,0.0,7,0,0.0,0.0,1.0,1.0,B01
201100028319,0.0,7,0,0.0,1.0,2.0,1.0,A01
200600029258,0.0,7,0,0.0,0.0,4.0,2.0,B01
200500045073,0.0,7,0,2.0,2.0,4.0,1.0,A01
201600008448,1.0,2,0,0.0,0.0,7.0,14.0,A01
201300032690,0.0,7,0,0.0,2.0,1.0,1.0,A01
200700080033,0.0,7,0,0.0,1.0,3.0,15.0,A01
201200057911,0.0,33,0,0.0,2.0,1.0,17.0,A01
200900024391,0.0,33,0,0.0,2.0,1.0,1.0,B02
201200061619,0.0,10,0,13.0,0.0,1.0,14.0,A01
201500007347,0.0,34,0,0.0,2.0,1.0,17.0,A01
201100061107,0.0,30,0,0.0,0.0,0.0,1.0,A01
200900065120,0.0,30,0,0.0,2.0,1.0,1.0,A01
201600011492,2.0,7,0,6.0,0.0,0.0,19.0,A01
201400057212,0.0,7,0,0.0,2.0,4.0,2.0,A01
201100044338,0.0,7,0,0.0,2.0,3.0,15.0,A01
200500052074,0.0,7,0,0.0,2.0,8.0,10.0,B01
201100004343,0.0,7,0,0.0,2.0,1.0,1.0,A01
201500010994,0.0,7,0,0.0,2.0,4.0,2.0,B01
201200047650,0.0,7,0,0.0,0.0,7.0,1.0,B01
201500054952,0.0,32,0,0.0,2.0,1.0,1.0,A01
200900058520,0.0,7,0,0.0,1.0,1.0,15.0,A01
201600021353,1.0,7,0,0.0,2.0,1.0,1.0,C01
200900068197,0.0,33,0,0.0,2.0,1.0,1.0,B01
201400054966,0.0,31,0,0.0,2.0,1.0,2.0,A01
200900002846,0.0,30,0,0.0,2.0,2.0,7.0,A01
201100024923,0.0,7,0,0.0,1.0,1.0,1.0,A01
200600049352,0.0,7,0,0.0,2.0,3.0,15.0,B01
201600051962,1.0,10,0,0.0,1.0,8.0,1.0,A01
201600000866,0.0,7,0,0.0,2.0,1.0,15.0,A01
201400017376,0.0,7,0,0.0,2.0,1.0,1.0,B02
200900000035,0.0,7,0,0.0,2.0,2.0,1.0,A01
200600055509,0.0,30,0,0.0,2.0,1.0,1.0,B01
201100056261,0.0,15,0,4.0,0.0,3.0,0.0,A01
201100024838,0.0,7,0,0.0,2.0,3.0,1.0,B01
201200009288,0.0,7,0,0.0,2.0,7.0,13.0,A01
201100048250,0.0,7,0,0.0,1.0,4.0,4.0,A01
201100007380,0.0,7,0,0.0,2.0,2.0,15.0,A01
200700041327,0.0,33,0,0.0,2.0,7.0,1.0,A01
200500024725,0.0,5,0,0.0,2.0,8.0,13.0,A01
201400025761,0.0,7,0,0.0,2.0,1.0,1.0,B01
200900035201,0.0,7,0,0.0,1.0,4.0,2.0,B01
200800012828,0.0,7,0,0.0,2.0,1.0,9.0,A01
201400053315,0.0,7,0,0.0,2.0,4.0,1.0,B01
200600012380,0.0,7,0,0.0,2.0,4.0,1.0,B01
201200058286,0.0,33,0,0.0,2.0,8.0,21.0,A01
201500044618,0.0,7,0,0.0,2.0,6.0,2.0,B01
200700007604,0.0,7,0,0.0,2.0,3.0,15.0,B01
200800008240,0.0,7,0,0.0,2.0,7.0,16.0,B01
200800076349,0.0,30,0,1.0,0.0,2.0,1.0,A01
200900052930,0.0,10,0,0.0,2.0,7.0,14.0,A01
201000044641,0.0,7,0,0.0,2.0,1.0,1.0,A01
201200012456,0.0,30,0,0.0,0.0,1.0,1.0,B02
201500020393,0.0,7,0,0.0,2.0,3.0,0.0,C01
201300001405,0.0,21,0,0.0,0.0,4.0,23.0,A01
201000047154,0.0,7,0,0.0,1.0,1.0,0.0,A01
201300019414,0.0,30,0,0.0,2.0,1.0,2.0,A01
200600031334,0.0,7,0,0.0,0.0,9.0,1.0,A01
201600011511,0.0,10,0,0.0,2.0,3.0,10.0,B02
200500059954,0.0,2,0,0.0,2.0,1.0,13.0,B01
201600001747,2.0,7,0,0.0,2.0,8.0,15.0,A01
200700071170,1.0,30,0,0.0,1.0,0.0,0.0,A01
200700055042,0.0,30,0,0.0,2.0,7.0,2.0,B01
200700032232,0.0,1,0,0.0,2.0,7.0,1.0,B02
200700030168,0.0,7,0,0.0,2.0,6.0,10.0,A01
201100049483,0.0,7,0,0.0,2.0,6.0,1.0,B01
201300008294,0.0,7,0,0.0,2.0,2.0,1.0,A01
201500020209,0.0,7,0,0.0,2.0,2.0,1.0,B01
200900062314,0.0,7,0,0.0,2.0,1.0,23.0,D01
200800010685,0.0,1,0,0.0,1.0,1.0,1.0,A01
200700034182,0.0,32,0,0.0,2.0,1.0,1.0,B01
201100058456,0.0,7,0,0.0,2.0,3.0,15.0,B01
200700028997,0.0,30,0,1.0,0.0,1.0,1.0,A01
200600075863,0.0,7,0,0.0,2.0,4.0,1.0,B01
200900014027,0.0,7,0,1.0,0.0,1.0,2.0,A01
201300035149,0.0,7,0,0.0,9.0,5.0,15.0,A01
201000010185,0.0,7,0,0.0,0.0,4.0,2.0,B02
201300030389,0.0,7,0,0.0,2.0,1.0,0.0,A01
201100063446,0.0,33,0,0.0,2.0,7.0,1.0,C01
200700045955,0.0,32,0,0.0,0.0,4.0,2.0,B01
200500048144,0.0,7,0,0.0,2.0,8.0,15.0,A01
200500027674,0.0,5,0,0.0,2.0,7.0,2.0,A01
201300054200,0.0,7,0,1.0,2.0,1.0,9.0,A01
201000001851,0.0,7,0,0.0,2.0,1.0,13.0,A01
201200003396,0.0,7,0,0.0,2.0,8.0,15.0,A01
200900056433,1.0,99,0,0.0,2.0,0.0,2.0,C01
201300011356,0.0,32,0,0.0,1.0,1.0,21.0,A01
201000035063,0.0,7,0,0.0,2.0,3.0,13.0,A01
201400056386,0.0,30,0,0.0,2.0,2.0,16.0,B01
201500030299,0.0,33,0,0.0,2.0,0.0,0.0,B01
201400013507,0.0,7,0,0.0,2.0,3.0,1.0,A01
201200025994,0.0,40,0,0.0,4.0,3.0,1.0,A01
201200038208,0.0,7,0,0.0,2.0,7.0,11.0,A01
201300057140,0.0,1,0,0.0,2.0,4.0,2.0,A01
200700004466,0.0,5,0,0.0,0.0,0.0,1.0,A01
200700037092,0.0,7,0,0.0,2.0,2.0,0.0,B01
200800013510,0.0,7,0,0.0,2.0,2.0,15.0,A01
201000021641,0.0,33,0,0.0,2.0,0.0,0.0,A01
201000048113,0.0,7,0,0.0,1.0,1.0,1.0,A01
201200033714,0.0,7,0,0.0,0.0,0.0,19.0,C01
200900043132,0.0,33,0,0.0,2.0,0.0,1.0,B01
200500030574,0.0,11,0,0.0,2.0,2.0,10.0,A01
200500023480,0.0,7,0,0.0,0.0,8.0,1.0,B02
200500021237,0.0,2,0,0.0,2.0,1.0,1.0,B01
201500014077,0.0,33,0,0.0,2.0,1.0,17.0,A01
201300031489,0.0,1,0,0.0,2.0,1.0,19.0,B01
201300024042,0.0,7,0,0.0,2.0,8.0,0.0,B01
200600054035,0.0,1,0,0.0,2.0,3.0,19.0,B01
201300056895,0.0,7,0,13.0,0.0,2.0,1.0,A01
201300011748,0.0,10,0,0.0,2.0,3.0,1.0,A01
200900041077,0.0,32,0,0.0,0.0,0.0,1.0,A01
201100015258,0.0,32,0,0.0,0.0,0.0,0.0,A01
201200045445,0.0,7,0,0.0,2.0,2.0,1.0,B01
201300043312,0.0,30,0,1.0,0.0,1.0,19.0,A01
201100064367,0.0,31,0,0.0,2.0,1.0,13.0,A01
200800029173,0.0,33,0,0.0,2.0,1.0,1.0,B02
200600076528,0.0,7,0,0.0,2.0,4.0,2.0,C01
201000009483,0.0,1,0,0.0,2.0,1.0,1.0,A01
200800036566,0.0,7,0,0.0,2.0,2.0,16.0,A01
201400034035,0.0,1,0,0.0,2.0,1.0,12.0,B01
200500064593,0.0,7,0,0.0,2.0,3.0,1.0,A01
201200049322,0.0,7,0,4.0,0.0,9.0,1.0,A01
200800023246,0.0,7,0,0.0,1.0,8.0,1.0,A01
201600047930,1.0,13,0,0.0,2.0,2.0,12.0,B01
201400037233,0.0,10,0,0.0,1.0,3.0,1.0,A01
200900035203,0.0,31,0,0.0,2.0,4.0,1.0,B01
200800030175,0.0,7,0,0.0,0.0,6.0,0.0,B02
201100032728,0.0,7,0,0.0,2.0,3.0,1.0,B01
201500034946,0.0,7,0,0.0,2.0,7.0,1.0,B01
201300042363,0.0,1,0,0.0,2.0,7.0,2.0,B01
200900064572,0.0,37,20,0.0,2.0,2.0,1.0,B01
200500016523,0.0,5,0,0.0,0.0,1.0,21.0,A01
201300028665,0.0,7,0,0.0,2.0,3.0,15.0,A01
201600015265,0.0,7,0,0.0,2.0,8.0,16.0,A01
201500033248,0.0,7,0,0.0,0.0,0.0,0.0,B01
201400038259,0.0,7,0,13.0,2.0,1.0,1.0,B01
201000020493,0.0,7,0,14.0,0.0,1.0,23.0,A01
200600039005,0.0,7,0,0.0,1.0,1.0,1.0,A01
201300019054,0.0,7,0,0.0,2.0,3.0,19.0,A01
201600031627,1.0,7,0,0.0,2.0,4.0,1.0,B01
200700007049,0.0,7,0,0.0,2.0,2.0,17.0,A01
200800049182,0.0,7,0,0.0,2.0,8.0,1.0,B02
200800067413,0.0,33,0,0.0,2.0,2.0,1.0,B01
201300055688,0.0,7,0,0.0,1.0,1.0,1.0,A01
200900032181,0.0,7,0,0.0,2.0,1.0,1.0,A01
201600027150,0.0,2,0,0.0,2.0,1.0,1.0,A01
200600004666,0.0,7,0,0.0,2.0,1.0,1.0,A01
201500035942,0.0,7,0,0.0,2.0,4.0,2.0,B01
201200023870,0.0,7,0,0.0,2.0,2.0,16.0,A01
201600009103,1.0,7,0,0.0,2.0,1.0,13.0,A01
201600034148,1.0,1,0,0.0,2.0,4.0,2.0,B01
201100004342,0.0,30,0,0.0,2.0,7.0,1.0,A01
200500013370,0.0,7,0,0.0,1.0,2.0,1.0,A01
201100042820,0.0,1,0,0.0,2.0,7.0,1.0,B01
200600036109,0.0,30,0,0.0,0.0,7.0,0.0,A01
200800067042,0.0,7,0,0.0,1.0,2.0,1.0,A01
201100026605,0.0,7,0,0.0,2.0,1.0,0.0,A01
201400029978,0.0,7,0,0.0,2.0,1.0,13.0,A01
200700005154,0.0,37,1,0.0,1.0,1.0,1.0,A01
200700078530,0.0,7,0,0.0,2.0,3.0,1.0,A01
201400044865,0.0,33,0,14.0,0.0,1.0,1.0,A01
201100010704,0.0,7,0,0.0,2.0,8.0,19.0,B02
201100032543,0.0,7,0,0.0,2.0,5.0,15.0,A01
200800065514,0.0,3,0,0.0,2.0,1.0,1.0,A01
200600062636,0.0,7,0,0.0,2.0,4.0,23.0,C01
200900049187,0.0,2,0,0.0,2.0,1.0,1.0,B01
200700048892,0.0,7,0,0.0,2.0,8.0,1.0,B01
201300050568,0.0,7,0,0.0,0.0,2.0,1.0,B01