Num_Acc,senc,catv,occutc,obs,obsm,choc,manv,num_veh
201400013772,0.0,7,0,0.0,1.0,4.0,4.0,A01
200600001888,0.0,2,0,0.0,2.0,1.0,1.0,B01
200500048479,0.0,7,0,2.0,0.0,4.0,17.0,A01
201200049769,0.0,7,0,0.0,2.0,0.0,0.0,C01
201600042083,2.0,7,0,0.0,2.0,2.0,10.0,A01
201000039492,0.0,7,0,0.0,9.0,3.0,15.0,A01
200900067466,0.0,7,0,0.0,2.0,5.0,1.0,A01
200500074029,0.0,7,0,0.0,2.0,6.0,1.0,B01
200500029013,0.0,5,0,0.0,2.0,1.0,1.0,B01
200500011701,0.0,7,0,0.0,0.0,6.0,24.0,B02
200700075224,0.0,7,0,6.0,2.0,2.0,23.0,B02
200500014097,0.0,7,0,0.0,2.0,5.0,15.0,A01
201300021888,0.0,7,0,0.0,1.0,2.0,15.0,A01
200900072746,0.0,33,0,0.0,2.0,4.0,1.0,B01
200500037655,0.0,7,0,0.0,0.0,0.0,0.0,A01
200800051945,0.0,7,0,0.0,2.0,4.0,23.0,B01
201300003443,0.0,10,0,13.0,0.0,1.0,0.0,A01
201000002015,0.0,30,0,0.0,2.0,7.0,1.0,A01
201200058055,0.0,32,0,1.0,2.0,8.0,5.0,A01
200700056718,0.0,7,0,0.0,2.0,3.0,1.0,B01
200700074066,0.0,7,0,0.0,6.0,2.0,1.0,A01
201000064455,0.0,33,0,0.0,2.0,1.0,1.0,B01
200800010328,0.0,36,0,0.0,2.0,8.0,15.0,B01
200700056364,0.0,15,0,0.0,2.0,1.0,1.0,B01
201500012101,0.0,7,0,3.0,0.0,2.0,1.0,A01
200600045669,0.0,7,0,0.0,2.0,3.0,6.0,A01
201400002493,0.0,7,0,0.0,2.0,1.0,1.0,B02
200500007688,0.0,7,0,0.0,9.0,6.0,15.0,B01
200700013206,0.0,7,0,0.0,2.0,1.0,0.0,B02
201400029208,0.0,7,0,0.0,2.0,1.0,1.0,A01
200600076360,0.0,14,0,0.0,2.0,2.0,1.0,A01
200800047483,0.0,7,0,0.0,0.0,3.0,15.0,A01
200500002824,0.0,7,0,0.0,2.0,2.0,16.0,A01
200500001979,0.0,7,0,7.0,0.0,6.0,1.0,A01
200700062490,0.0,32,0,0.0,2.0,1.0,17.0,B01
200500006441,0.0,10,0,3.0,0.0,8.0,1.0,A01
201400045085,0.0,7,0,0.0,2.0,1.0,1.0,B01
201500018232,0.0,7,0,0.0,2.0,3.0,1.0,C03
201100004783,0.0,7,0,13.0,6.0,9.0,1.0,A01
200500061194,0.0,7,0,1.0,0.0,4.0,2.0,B01
200700051909,0.0,7,0,16.0,0.0,9.0,2.0,A01
201300029888,0.0,7,0,1.0,2.0,1.0,2.0,A01
200800068122,0.0,7,0,0.0,2.0,1.0,0.0,A01
201300011444,0.0,7,0,0.0,2.0,3.0,11.0,A01
201200061779,0.0,7,0,0.0,9.0,7.0,1.0,A01
200700046091,0.0,32,0,0.0,2.0,0.0,0.0,A01
201600031844,0.0,7,0,0.0,1.0,2.0,16.0,A01
200800044716,0.0,33,0,0.0,2.0,8.0,1.0,B01
200700025765,0.0,33,0,16.0,6.0,0.0,1.0,A01
201300036438,0.0,1,0,0.0,2.0,3.0,1.0,B01
201500026035,0.0,7,0,0.0,2.0,5.0,0.0,B01
201100014939,0.0,34,0,1.0,0.0,1.0,1.0,A01
200600025127,0.0,7,0,0.0,2.0,7.0,16.0,A01
201200045108,0.0,30,0,0.0,2.0,7.0,17.0,B01
201000009276,0.0,2,0,0.0,2.0,8.0,1.0,B02
200500053330,0.0,7,0,0.0,2.0,3.0,2.0,A01
200800039501,0.0,2,0,8.0,0.0,1.0,0.0,A01
201200034777,0.0,7,0,0.0,2.0,2.0,1.0,B01
201300056370,0.0,7,0,0.0,0.0,6.0,1.0,C01
200700002886,0.0,7,0,0.0,2.0,2.0,10.0,A01
201300025108,0.0,7,0,0.0,2.0,4.0,1.0,B01
201600046581,1.0,7,0,0.0,2.0,2.0,9.0,A01
200700048583,0.0,7,0,0.0,2.0,7.0,16.0,A01
200900024607,0.0,1,0,0.0,0.0,4.0,1.0,B01
201100006186,0.0,2,0,6.0,0.0,1.0,1.0,A01
201100047980,0.0,7,0,0.0,2.0,1.0,1.0,B01
201100047335,0.0,7,0,0.0,2.0,1.0,2.0,A01
200800048871,0.0,7,0,6.0,2.0,5.0,13.0,B02
200500028000,0.0,7,0,0.0,2.0,4.0,1.0,C01
200800069323,0.0,30,0,12.0,0.0,7.0,1.0,A01
201000043078,0.0,7,0,0.0,1.0,2.0,15.0,A01
201400019753,0.0,7,0,0.0,2.0,1.0,1.0,B01
200500001701,0.0,7,0,0.0,9.0,1.0,1.0,B02
200800007059,0.0,30,0,0.0,1.0,3.0,1.0,A01
201000019316,0.0,7,0,0.0,2.0,0.0,0.0,A01
201600000136,0.0,7,0,0.0,1.0,2.0,1.0,A01
201200027456,0.0,2,0,0.0,2.0,6.0,15.0,A01
200700019575,0.0,7,0,0.0,2.0,2.0,15.0,A01
201600034352,2.0,33,0,1.0,0.0,1.0,21.0,A01
201200022440,0.0,2,0,0.0,2.0,2.0,1.0,A01
201300036183,0.0,7,0,12.0,0.0,2.0,14.0,A01
201400026422,0.0,7,0,0.0,2.0,1.0,1.0,B01
200900066695,0.0,7,0,0.0,2.0,1.0,15.0,A01
201400048397,0.0,7,0,0.0,2.0,4.0,2.0,D01
200500028050,0.0,7,0,0.0,2.0,1.0,5.0,A01
200500053111,0.0,7,0,13.0,0.0,1.0,1.0,A01
200600077857,0.0,10,0,0.0,2.0,1.0,16.0,A01
200800044718,0.0,30,0,1.0,2.0,1.0,16.0,A01
201300006059,0.0,7,0,0.0,1.0,1.0,1.0,A01
201500006626,0.0,10,0,0.0,2.0,1.0,1.0,B02
201300011015,0.0,7,0,0.0,2.0,1.0,2.0,B01
201000008115,0.0,7,0,0.0,0.0,2.0,1.0,A01
200500039843,0.0,7,0,0.0,2.0,2.0,1.0,B02
201400046484,0.0,10,0,0.0,2.0,4.0,1.0,B01
201200045478,0.0,10,0,0.0,2.0,3.0,1.0,A01
200900000120,0.0,33,0,9.0,2.0,8.0,1.0,B01
201400016784,0.0,7,0,0.0,2.0,2.0,16.0,B02
200900042744,0.0,7,0,0.0,2.0,1.0,1.0,A01
201200024472,0.0,31,0,0.0,2.0,2.0,15.0,A01
200500027429,0.0,5,0,0.0,2.0,1.0,1.0,B01
201500046109,0.0,7,0,0.0,2.0,4.0,2.0,B01
201100056202,0.0,10,0,0.0,2.0,1.0,2.0,A01
200700009802,0.0,5,0,0.0,0.0,0.0,1.0,A01
200700026563,0.0,7,0,6.0,0.0,1.0,14.0,A01
200900014939,0.0,10,0,0.0,9.0,2.0,17.0,A01
200700039428,0.0,7,0,0.0,2.0,1.0,1.0,A01
201500029718,0.0,2,0,0.0,2.0,1.0,2.0,A01
201200058738,0.0,33,0,0.0,2.0,8.0,1.0,A01
200700030908,0.0,1,0,0.0,2.0,0.0,0.0,A01
201000067923,0.0,7,0,0.0,2.0,1.0,1.0,A01
201600013301,2.0,7,0,0.0,0.0,5.0,0.0,E05
201600010057,2.0,7,0,16.0,0.0,1.0,0.0,A01
201300032158,0.0,1,0,0.0,9.0,8.0,1.0,B01
201300018995,0.0,7,0,0.0,2.0,3.0,1.0,B02
201600015930,1.0,33,0,0.0,2.0,1.0,0.0,B01
201300052846,0.0,31,0,0.0,1.0,1.0,1.0,A01
201100027502,0.0,7,0,0.0,4.0,3.0,15.0,A01
200600013263,0.0,5,0,16.0,0.0,1.0,1.0,A01
200600054913,0.0,30,0,0.0,2.0,1.0,1.0,B01
201100043401,0.0,7,0,0.0,2.0,1.0,2.0,A01
201500043433,0.0,7,0,0.0,2.0,6.0,23.0,B01
200800001633,0.0,7,0,0.0,2.0,1.0,1.0,B01
200700066035,0.0,1,0,0.0,9.0,8.0,1.0,B01
200600059029,0.0,1,0,0.0,0.0,7.0,9.0,A01
200600053465,0.0,7,0,0.0,1.0,2.0,1.0,A01
200500038657,0.0,7,0,0.0,2.0,1.0,13.0,A01
201000068490,0.0,7,0,0.0,2.0,4.0,2.0,B01
201600022021,1.0,33,0,0.0,2.0,1.0,1.0,A01
201100051796,0.0,7,0,0.0,2.0,5.0,1.0,B01
201500043338,0.0,7,0,0.0,2.0,4.0,2.0,A01
200600061929,0.0,7,0,0.0,2.0,4.0,2.0,B01
201100061411,0.0,7,0,0.0,2.0,2.0,15.0,A01
201000042657,0.0,31,0,16.0,0.0,0.0,1.0,A01
201500025120,0.0,7,0,0.0,2.0,7.0,22.0,A01
200800026217,0.0,1,0,0.0,9.0,1.0,1.0,A01
201300041683,0.0,7,0,0.0,2.0,3.0,1.0,A01
201400010033,0.0,7,0,0.0,0.0,2.0,9.0,A01
200800054246,0.0,7,0,0.0,2.0,2.0,16.0,A01
200700017571,0.0,7,0,0.0,2.0,4.0,23.0,B01
201500048807,0.0,31,0,0.0,2.0,0.0,0.0,B01
201000067053,0.0,33,0,0.0,2.0,1.0,1.0,A01
200800005094,1.0,7,0,0.0,1.0,4.0,4.0,A01
200900021892,0.0,2,0,0.0,2.0,2.0,1.0,B02
201600027584,0.0,7,0,0.0,0.0,0.0,0.0,B01
200700021545,0.0,32,0,0.0,2.0,1.0,1.0,B01
201400037018,0.0,7,0,0.0,2.0,2.0,1.0,A01
200500051000,0.0,7,0,0.0,0.0,2.0,15.0,A01
201100050816,0.0,1,0,0.0,2.0,1.0,1.0,B01
201200053852,0.0,32,0,0.0,2.0,7.0,17.0,A01
200900046163,0.0,34,0,0.0,2.0,4.0,1.0,B01
201000019672,0.0,7,0,0.0,2.0,1.0,2.0,B01
201200027283,0.0,7,0,0.0,2.0,0.0,0.0,B01
200900052667,0.0,7,0,8.0,0.0,1.0,1.0,A01
201200019391,0.0,10,0,0.0,2.0,3.0,1.0,B02
200800044766,0.0,30,0,0.0,2.0,1.0,1.0,A01
201200041701,0.0,7,0,0.0,1.0,1.0,1.0,A01
201200016315,0.0,7,0,0.0,2.0,8.0,9.0,A01
201500024643,0.0,7,0,0.0,2.0,3.0,1.0,B01
200500055366,0.0,7,0,6.0,0.0,1.0,1.0,A01
201200061393,0.0,33,0,16.0,0.0,2.0,14.0,Z01
200900059708,0.0,2,0,0.0,0.0,1.0,17.0,B01
201000009937,0.0,7,0,2.0,0.0,7.0,1.0,A01
200500053728,0.0,7,0,0.0,2.0,1.0,2.0,B01
200500081595,0.0,7,0,15.0,0.0,1.0,0.0,B01
200700061174,0.0,7,0,2.0,0.0,1.0,1.0,A01
200600004010,0.0,7,0,0.0,0.0,4.0,0.0,C01
201600024454,1.0,32,0,0.0,2.0,1.0,1.0,B01
200500005543,0.0,5,0,0.0,2.0,1.0,17.0,B01
201200020432,0.0,10,0,13.0,6.0,3.0,1.0,A01
201300032557,0.0,33,0,0.0,2.0,1.0,16.0,A01
200500070641,0.0,7,0,0.0,0.0,2.0,15.0,A01
200700084029,0.0,7,0,0.0,2.0,4.0,1.0,B01
201200020033,0.0,7,0,0.0,0.0,1.0,15.0,A01
200700029398,0.0,7,0,0.0,1.0,3.0,16.0,A01
200600075654,0.0,7,0,0.0,2.0,8.0,1.0,B01
201600005153,0.0,7,0,0.0,0.0,9.0,1.0,A01
201600021760,0.0,7,0,0.0,2.0,1.0,1.0,A01
200600060916,0.0,7,0,0.0,2.0,1.0,15.0,B01
200900055006,0.0,7,0,0.0,2.0,1.0,2.0,A01
201600056703,0.0,10,0,0.0,1.0,2.0,9.0,A01
201300010705,0.0,2,0,0.0,2.0,1.0,1.0,B01
200500043057,0.0,17,0,3.0,0.0,3.0,1.0,A01
201500030623,0.0,7,0,0.0,9.0,1.0,1.0,C03
201400009086,0.0,7,0,0.0,2.0,1.0,1.0,B02
201400038035,2.0,32,0,0.0,2.0,0.0,0.0,A01
200600072791,0.0,30,0,8.0,0.0,0.0,1.0,A01
201600023483,2.0,7,0,0.0,2.0,1.0,1.0,A01
201500012467,0.0,33,0,0.0,2.0,1.0,17.0,B02
200500038661,0.0,7,0,0.0,0.0,7.0,1.0,A01
201100020873,0.0,7,0,0.0,1.0,3.0,1.0,A01
201500037791,0.0,7,0,0.0,2.0,2.0,2.0,B01
200600048668,0.0,7,0,0.0,2.0,1.0,1.0,B01
200600040001,0.0,7,0,0.0,2.0,3.0,1.0,B01
201000059131,0.0,15,0,0.0,2.0,2.0,2.0,A01
200900026633,0.0,7,0,0.0,1.0,3.0,1.0,A01
200900014308,0.0,7,0,0.0,2.0,1.0,2.0,C03
200800039607,0.0,1,0,0.0,2.0,1.0,1.0,A01
200600030528,0.0,2,0,0.0,2.0,1.0,13.0,B02
201000066791,0.0,7,0,0.0,2.0,1.0,2.0,A01
201200060506,0.0,7,0,0.0,1.0,0.0,1.0,A01
201500051476,0.0,30,0,0.0,0.0,0.0,1.0,A01
200900074120,0.0,7,0,0.0,2.0,1.0,5.0,B01
200900067428,0.0,7,0,0.0,2.0,0.0,9.0,A01
201000067333,0.0,1,0,0.0,2.0,1.0,13.0,C03
200800037409,0.0,2,0,0.0,2.0,1.0,17.0,A01
200500082096,0.0,7,0,0.0,2.0,2.0,15.0,A01
200500077669,0.0,7,0,0.0,2.0,5.0,15.0,A01
200600015433,0.0,32,0,0.0,0.0,1.0,1.0,A01
200500078336,0.0,7,0,0.0,0.0,9.0,0.0,A01
201100036676,0.0,2,0,0.0,2.0,1.0,1.0,A01
201100038964,0.0,7,0,0.0,2.0,7.0,15.0,A01
200600002267,0.0,5,0,0.0,2.0,2.0,1.0,B01
200600025634,0.0,18,0,1.0,0.0,7.0,7.0,A01
200700039556,0.0,7,0,0.0,2.0,8.0,9.0,B02
201600000706,0.0,7,0,0.0,2.0,2.0,1.0,B02
200800002427,0.0,7,0,0.0,2.0,8.0,1.0,B01
200500026421,0.0,7,0,7.0,2.0,1.0,1.0,A01
200800064142,0.0,30,0,0.0,2.0,1.0,15.0,A01
201300021117,0.0,7,0,0.0,2.0,1.0,9.0,A01
200500006314,0.0,7,0,0.0,9.0,6.0,12.0,B01
200600035824,0.0,33,0,0.0,2.0,4.0,2.0,B01
200800011262,0.0,7,0,5.0,2.0,2.0,16.0,A01
201500006968,0.0,30,0,0.0,2.0,1.0,5.0,A01
201600029870,1.0,33,0,0.0,0.0,0.0,0.0,A01
200800073843,0.0,7,0,0.0,2.0,2.0,20.0,A01
200700046033,0.0,10,0,0.0,0.0,5.0,23.0,E01
200600066267,1.0,99,0,0.0,0.0,0.0,0.0,D01
201000065608,0.0,33,0,0.0,2.0,1.0,1.0,A01
201600007618,2.0,7,0,0.0,0.0,2.0,1.0,A01
200900011564,0.0,7,0,14.0,0.0,9.0,1.0,A01
201400049122,0.0,7,0,0.0,2.0,1.0,1.0,B01
201100001399,0.0,33,0,0.0,2.0,0.0,1.0,B02
200500076345,0.0,7,0,0.0,2.0,4.0,4.0,A01
200600034231,0.0,7,0,0.0,0.0,4.0,23.0,C01
200900000003,0.0,10,0,0.0,2.0,2.0,15.0,A01
200600003879,0.0,7,0,0.0,1.0,3.0,1.0,A01
200900000573,0.0,7,0,8.0,0.0,1.0,14.0,A01
201000064234,0.0,7,0,1.0,0.0,1.0,14.0,A01
201000031034,0.0,7,0,0.0,2.0,1.0,1.0,A01
201100023495,0.0,17,0,0.0,2.0,4.0,2.0,B02
201600030779,1.0,7,0,0.0,0.0,9.0,1.0,A01
200900014053,0.0,7,0,0.0,2.0,1.0,17.0,A01
201600032218,0.0,7,0,0.0,2.0,3.0,24.0,C01
200600055270,0.0,7,0,0.0,2.0,8.0,1.0,B01
201000054954,0.0,7,0,0.0,2.0,1.0,2.0,A01
201300018161,1.0,7,0,0.0,1.0,1.0,1.0,A01
201100052364,0.0,7,0,0.0,2.0,6.0,1.0,A01
200500022252,0.0,7,0,0.0,2.0,1.0,2.0,B01
200600046867,0.0,7,0,3.0,0.0,9.0,2.0,A01
200900035581,0.0,7,0,0.0,2.0,1.0,24.0,C01
201300010978,0.0,32,0,0.0,2.0,1.0,2.0,A01
201400034595,0.0,30,0,0.0,2.0,1.0,1.0,B01
200600058651,0.0,7,0,13.0,0.0,1.0,0.0,A01
200900036346,0.0,7,0,0.0,2.0,1.0,1.0,A01
200500073970,0.0,7,0,0.0,2.0,2.0,15.0,A01
201100024333,0.0,3,0,0.0,2.0,2.0,15.0,B02
201100052800,0.0,2,0,14.0,0.0,8.0,1.0,A01
200900038141,0.0,33,0,0.0,2.0,1.0,17.0,B01
201400044000,0.0,7,0,0.0,2.0,3.0,10.0,A01
200600017723,0.0,7,0,0.0,2.0,7.0,1.0,A01
200700058938,0.0,7,0,0.0,2.0,1.0,2.0,A01
201200023926,0.0,7,0,0.0,2.0,3.0,1.0,A01
201000025233,0.0,7,0,0.0,2.0,1.0,21.0,B01
201600022998,1.0,7,0,0.0,1.0,1.0,1.0,A01
200700026591,0.0,10,0,0.0,2.0,1.0,1.0,B02
200900043916,0.0,7,0,0.0,2.0,1.0,2.0,B01
201500054646,0.0,10,0,0.0,2.0,1.0,2.0,A01
201600028698,2.0,7,0,0.0,1.0,1.0,1.0,A01
201200004054,0.0,7,0,0.0,2.0,2.0,1.0,B02
201500003989,0.0,7,0,0.0,2.0,1.0,1.0,A01
201100031159,0.0,7,0,0.0,1.0,3.0,0.0,A01
200800030199,0.0,7,0,0.0,2.0,2.0,15.0,A01
201300022221,0.0,7,0,0.0,2.0,3.0,1.0,A01
200800071814,0.0,7,0,0.0,4.0,8.0,1.0,A01
200500050898,0.0,4,0,0.0,2.0,1.0,1.0,A01
200900021141,0.0,33,0,8.0,0.0,1.0,1.0,A01
200800030486,0.0,7,0,0.0,2.0,2.0,1.0,B02
201400031064,0.0,1,0,0.0,0.0,6.0,2.0,A01
200800034320,0.0,7,0,0.0,0.0,6.0,2.0,B01
200800012810,0.0,7,0,0.0,2.0,1.0,1.0,B01
200600017515,0.0,7,0,0.0,1.0,2.0,0.0,A01
200800073495,0.0,7,0,0.0,2.0,3.0,15.0,A01
200900011423,0.0,7,0,0.0,2.0,1.0,1.0,A01
200600070648,0.0,10,0,0.0,0.0,4.0,2.0,B01
200600037931,0.0,7,0,0.0,1.0,3.0,1.0,A01
200800059627,0.0,2,0,0.0,0.0,0.0,1.0,B01
200800074929,0.0,7,0,0.0,2.0,8.0,1.0,A01
201000043291,0.0,7,0,0.0,0.0,4.0,2.0,B01
200600007590,0.0,7,0,0.0,2.0,1.0,2.0,A01
200800073655,0.0,33,0,0.0,2.0,1.0,1.0,B01
200600083783,0.0,5,0,0.0,2.0,1.0,1.0,B01
200900002875,0.0,7,0,0.0,2.0,8.0,1.0,B01
201000039304,0.0,20,0,0.0,2.0,4.0,2.0,B01
200500057769,0.0,7,0,0.0,2.0,5.0,15.0,A01
200900058579,0.0,33,0,0.0,0.0,0.0,0.0,A01
201200001295,0.0,30,0,0.0,2.0,1.0,1.0,B02
201500001944,0.0,7,0,0.0,1.0,2.0,1.0,A01
200500048180,0.0,1,0,0.0,2.0,4.0,15.0,B02
201100058053,0.0,30,0,0.0,2.0,1.0,1.0,A01
200500050399,0.0,4,0,0.0,2.0,1.0,1.0,B01
200900038900,0.0,7,0,13.0,0.0,9.0,1.0,A01
200700060600,0.0,7,0,0.0,0.0,4.0,21.0,D04
201200011277,0.0,40,0,0.0,1.0,3.0,1.0,A01
200900059237,1.0,30,0,0.0,1.0,1.0,16.0,A01
200800050044,0.0,13,0,0.0,1.0,4.0,4.0,A01
200600057605,0.0,7,0,0.0,2.0,1.0,1.0,B01
201100020690,0.0,7,0,0.0,2.0,8.0,24.0,B01
200700076115,0.0,7,0,0.0,2.0,4.0,2.0,B02
201500006619,0.0,7,0,0.0,2.0,2.0,1.0,B02
201500019982,0.0,7,0,3.0,2.0,6.0,21.0,C03
200900032957,0.0,33,0,0.0,2.0,1.0,1.0,B01
201000006461,0.0,7,0,0.0,2.0,2.0,15.0,A01
200800004899,0.0,7,0,0.0,2.0,1.0,2.0,A01
201500058498,0.0,7,0,0.0,2.0,7.0,15.0,A01
201000054491,0.0,33,0,15.0,2.0,1.0,1.0,A01
201200044986,0.0,7,0,0.0,2.0,7.0,15.0,A01
200900032249,0.0,15,0,0.0,2.0,1.0,1.0,B02
201400051625,1.0,7,0,0.0,0.0,1.0,2.0,B01
200500082833,0.0,7,0,0.0,2.0,2.0,12.0,B01
201400058128,0.0,32,0,0.0,2.0,2.0,1.0,A01
200600024075,0.0,1,0,0.0,2.0,1.0,6.0,A01
200700042693,0.0,7,0,0.0,1.0,2.0,1.0,A01
201600001483,1.0,10,0,0.0,2.0,8.0,10.0,A01
200900071016,0.0,7,0,0.0,2.0,2.0,14.0,A01
201500056470,0.0,31,0,0.0,2.0,5.0,3.0,A01
201500026570,0.0,7,0,1.0,0.0,0.0,0.0,B01
201300019701,0.0,3,0,0.0,2.0,3.0,15.0,A01
201000005745,0.0,33,0,0.0,0.0,8.0,15.0,A01
201500057926,0.0,7,0,0.0,0.0,4.0,2.0,B01
201500040427,0.0,7,0,0.0,9.0,1.0,15.0,A01
200700055276,0.0,30,0,0.0,2.0,1.0,1.0,B01
201000064049,0.0,7,0,0.0,2.0,9.0,23.0,B01
200600046994,0.0,7,0,0.0,0.0,7.0,15.0,B02
200600054331,0.0,7,0,0.0,2.0,3.0,3.0,A01
201000059361,0.0,7,0,0.0,0.0,6.0,2.0,B01
201100053487,0.0,33,0,0.0,2.0,1.0,2.0,B01
200600061066,0.0,7,0,0.0,1.0,1.0,20.0,A01
201100007768,0.0,7,0,6.0,0.0,3.0,19.0,A01
200800047797,0.0,33,0,0.0,2.0,2.0,13.0,A01
201600036942,1.0,34,0,0.0,2.0,4.0,2.0,B01
200700020299,0.0,7,0,0.0,2.0,3.0,1.0,B02
201300045634,0.0,7,0,0.0,2.0,7.0,19.0,A01
200600038582,0.0,7,0,0.0,2.0,3.0,0.0,B01
201000006654,0.0,31,0,13.0,0.0,1.0,1.0,A01
201300024451,0.0,7,0,0.0,2.0,3.0,1.0,B01
200600015295,0.0,7,0,0.0,0.0,6.0,24.0,B01
201100028607,0.0,7,0,0.0,2.0,5.0,1.0,B01
201300020964,0.0,7,0,0.0,2.0,2.0,15.0,A01
200500012561,0.0,7,0,6.0,0.0,1.0,21.0,A01
201000028084,0.0,7,0,5.0,0.0,0.0,0.0,A01
201200050713,0.0,33,0,0.0,2.0,1.0,1.0,A01
200500019332,0.0,7,0,0.0,2.0,1.0,15.0,A01
201400038014,0.0,30,0,0.0,2.0,2.0,0.0,A01
201300047159,0.0,7,0,0.0,0.0,4.0,2.0,C01
200500058255,0.0,2,0,0.0,2.0,6.0,1.0,A01
201400013483,0.0,33,0,0.0,0.0,1.0,21.0,A01
200600033951,1.0,30,0,0.0,1.0,1.0,1.0,A01
200700008553,0.0,10,0,7.0,0.0,1.0,1.0,A01
200800028002,0.0,7,0,0.0,2.0,1.0,17.0,A01
201200061765,0.0,33,0,0.0,2.0,1.0,17.0,A01
200500027617,0.0,7,0,0.0,1.0,1.0,15.0,A01
200800045881,1.0,7,0,0.0,1.0,1.0,2.0,A01
201100031178,0.0,7,0,0.0,2.0,4.0,2.0,C01
200500080853,0.0,10,0,0.0,1.0,1.0,1.0,A01
200900025419,0.0,7,0,0.0,2.0,2.0,15.0,B01
201400015746,0.0,7,0,0.0,2.0,4.0,1.0,C01
200600050489,0.0,7,0,0.0,2.0,0.0,0.0,B01
200900024381,0.0,33,0,0.0,2.0,3.0,21.0,B02
200500053670,0.0,7,0,0.0,0.0,6.0,24.0,A01
201300017781,0.0,7,0,0.0,1.0,3.0,5.0,A01
201400014714,0.0,32,0,0.0,2.0,1.0,17.0,A01
200900059218,0.0,7,0,0.0,2.0,3.0,15.0,A01
201500005523,0.0,7,0,0.0,2.0,3.0,1.0,A01
200500058043,0.0,7,0,0.0,2.0,4.0,2.0,B01
201100027248,0.0,33,0,0.0,0.0,7.0,1.0,A01
201600051565,0.0,2,0,0.0,2.0,2.0,16.0,A01
201500007005,0.0,7,0,0.0,2.0,1.0,1.0,A01
200500024030,0.0,7,0,0.0,2.0,2.0,15.0,A01
200600031944,0.0,7,0,14.0,0.0,3.0,1.0,A01
200600024103,0.0,7,0,0.0,2.0,6.0,1.0,B02
201100039753,0.0,7,0,0.0,2.0,3.0,1.0,A01
200800071961,0.0,7,0,0.0,2.0,1.0,1.0,A01
201000050958,0.0,7,0,0.0,2.0,1.0,15.0,A01
201200054004,0.0,1,0,0.0,2.0,7.0,1.0,A01
200600058590,0.0,2,0,0.0,2.0,1.0,1.0,B02
201400046537,0.0,7,0,0.0,2.0,9.0,2.0,C01
200500041464,0.0,1,0,0.0,2.0,1.0,13.0,B02
200800026910,0.0,7,0,0.0,0.0,4.0,1.0,A01
201100037931,0.0,7,0,0.0,2.0,4.0,1.0,C01
201500027958,0.0,7,0,0.0,1.0,2.0,1.0,A01
201000022367,0.0,30,0,0.0,2.0,1.0,1.0,B01
201600049725,1.0,7,0,0.0,2.0,1.0,2.0,A01
201600053714,2.0,1,0,0.0,2.0,2.0,1.0,B01
200700037606,0.0,7,0,0.0,2.0,4.0,1.0,C01
200700055665,0.0,7,0,0.0,2.0,1.0,1.0,A01
201000042370,0.0,14,0,0.0,1.0,1.0,1.0,A01
200500059168,0.0,7,0,0.0,2.0,4.0,2.0,B01
201100048031,0.0,10,0,0.0,2.0,1.0,2.0,A01
201500023000,0.0,10,0,0.0,2.0,1.0,0.0,A01
201200034362,0.0,7,0,0.0,9.0,1.0,1.0,C01
201200040875,0.0,7,0,0.0,2.0,1.0,1.0,A01
201300039237,2.0,7,0,0.0,0.0,0.0,0.0,A01
201300019174,0.0,10,0,3.0,0.0,0.0,14.0,A01
201300045624,0.0,7,0,0.0,2.0,4.0,2.0,A01
201500039966,0.0,3,0,0.0,0.0,0.0,2.0,F01
201300036317,0.0,7,0,0.0,2.0,3.0,9.0,A01
201000028885,0.0,7,0,0.0,1.0,1.0,1.0,A01
201200020158,0.0,7,0,0.0,2.0,3.0,5.0,A01
200600007818,0.0,7,0,0.0,1.0,3.0,15.0,A01
200700016082,0.0,4,0,0.0,1.0,1.0,1.0,A01
201500057448,0.0,7,0,0.0,2.0,4.0,1.0,B01
200900058126,0.0,10,0,0.0,2.0,2.0,2.0,B01
200600018210,0.0,2,0,6.0,0.0,1.0,1.0,A01
201200009844,0.0,7,0,8.0,0.0,9.0,17.0,A01
200700052750,0.0,7,0,2.0,0.0,7.0,13.0,A01
200500037507,0.0,7,0,0.0,0.0,6.0,2.0,D01
201200014649,1.0,7,0,0.0,0.0,0.0,0.0,Z01
200500028331,0.0,7,0,0.0,2.0,4.0,23.0,B01
201500040088,0.0,7,0,0.0,0.0,4.0,23.0,B01
200800006389,0.0,7,0,13.0,2.0,3.0,13.0,A01
200600054493,0.0,2,0,0.0,0.0,1.0,1.0,A01
201600023215,1.0,7,0,0.0,2.0,1.0,13.0,A01
200600015762,0.0,2,0,0.0,2.0,1.0,19.0,B02
200600063593,0.0,7,0,0.0,2.0,3.0,10.0,A01
200500032025,0.0,7,0,0.0,9.0,1.0,1.0,C01
200600033289,0.0,7,0,0.0,2.0,1.0,0.0,B01
201000010967,0.0,7,0,0.0,2.0,1.0,1.0,B02
200900033030,0.0,7,0,0.0,1.0,2.0,1.0,A01
200500047109,0.0,5,0,0.0,2.0,4.0,1.0,B01
201400005586,0.0,33,0,0.0,0.0,8.0,1.0,A01
201200029686,0.0,7,0,0.0,2.0,4.0,1.0,B01
200500052728,0.0,7,0,0.0,2.0,2.0,1.0,A01
201500009947,0.0,7,0,0.0,2.0,2.0,1.0,A01
201600010989,1.0,7,0,12.0,2.0,2.0,1.0,B01
201400005611,0.0,7,0,0.0,2.0,2.0,15.0,A01