Num_Acc,senc,catv,occutc,obs,obsm,choc,manv,num_veh
200800060175,0.0,7,0,0.0,2.0,2.0,17.0,A01
201400000557,2.0,7,0,3.0,2.0,1.0,13.0,A01
201500028536,0.0,7,0,0.0,2.0,6.0,0.0,B01
200900065445,0.0,7,0,0.0,2.0,4.0,15.0,C01
201300011916,0.0,2,0,0.0,2.0,8.0,19.0,A01
200900027746,0.0,7,0,0.0,2.0,3.0,1.0,A01
200900037203,0.0,33,0,0.0,2.0,1.0,9.0,A01
200800029846,0.0,10,0,0.0,2.0,3.0,1.0,B02
201200040405,0.0,7,0,0.0,2.0,3.0,15.0,A01
201400047626,1.0,99,0,0.0,2.0,1.0,1.0,Z01
200700055197,0.0,7,0,0.0,2.0,4.0,1.0,A01
201300035758,0.0,2,0,0.0,2.0,3.0,2.0,B01
200700007843,0.0,7,0,0.0,2.0,2.0,12.0,A01
201000004097,0.0,7,0,2.0,0.0,7.0,1.0,A01
200700063174,0.0,31,0,14.0,0.0,1.0,1.0,A01
201600036740,0.0,7,0,0.0,1.0,1.0,0.0,A01
200900059594,0.0,7,0,0.0,2.0,1.0,1.0,B01
201300020208,0.0,7,0,0.0,2.0,1.0,1.0,A01
200600039905,0.0,7,0,0.0,2.0,5.0,23.0,A01
200700057729,0.0,7,0,0.0,2.0,1.0,9.0,A01
201400003462,0.0,7,0,0.0,2.0,3.0,13.0,A01
201000047087,0.0,32,0,0.0,2.0,8.0,1.0,A01
201200002520,0.0,7,0,16.0,0.0,9.0,14.0,A01
200800063400,0.0,7,0,0.0,2.0,3.0,1.0,A01
200500012358,0.0,7,0,0.0,0.0,1.0,1.0,A01
200600079300,0.0,32,0,0.0,2.0,4.0,23.0,B01
201000034627,0.0,7,0,0.0,2.0,4.0,2.0,B01
201200047613,0.0,7,0,0.0,2.0,5.0,1.0,A01
200800036739,0.0,33,0,3.0,0.0,3.0,6.0,A01
200500071405,0.0,7,0,0.0,0.0,0.0,0.0,A01
201000005264,0.0,30,0,0.0,2.0,2.0,15.0,A01
200500070081,0.0,7,0,0.0,2.0,2.0,1.0,B01
201400011227,0.0,10,0,3.0,0.0,1.0,19.0,A01
200600036919,0.0,10,0,0.0,2.0,4.0,1.0,A01
201600044251,2.0,30,0,0.0,1.0,1.0,17.0,A01
200900066592,0.0,7,0,0.0,2.0,1.0,2.0,A01
201500003718,0.0,7,0,13.0,0.0,1.0,1.0,A01
201400059551,0.0,7,0,0.0,2.0,1.0,15.0,A01
200700000311,0.0,7,0,0.0,0.0,1.0,0.0,A01
201300047093,0.0,7,0,14.0,0.0,1.0,2.0,H02
200700050934,0.0,7,0,0.0,2.0,3.0,1.0,B01
200800071607,0.0,10,0,0.0,2.0,1.0,1.0,A01
201100037808,0.0,1,0,0.0,2.0,0.0,0.0,B01
201600028591,1.0,15,0,0.0,2.0,6.0,1.0,B01
201500031282,0.0,1,0,0.0,2.0,1.0,0.0,A01
201600016597,2.0,7,0,0.0,0.0,5.0,2.0,F06
201400056560,0.0,7,0,0.0,2.0,3.0,10.0,A01
201200024914,0.0,7,0,0.0,0.0,0.0,15.0,A01
200500043117,0.0,10,0,4.0,2.0,4.0,2.0,B02
201100061969,0.0,33,0,0.0,2.0,3.0,16.0,B01
200700051814,0.0,7,0,4.0,0.0,1.0,2.0,A01
200800056864,0.0,7,0,0.0,2.0,1.0,1.0,B01
201600046766,2.0,7,0,0.0,2.0,4.0,0.0,B01
200600005760,0.0,7,0,0.0,2.0,1.0,0.0,B02
200700041629,0.0,30,0,0.0,2.0,1.0,9.0,A01
200700026985,0.0,7,0,7.0,0.0,9.0,0.0,A01
200900002718,1.0,7,0,0.0,2.0,0.0,17.0,Z01
201200024838,0.0,7,0,0.0,2.0,1.0,2.0,A01
201500002461,0.0,33,0,2.0,0.0,1.0,0.0,A01
201300056284,0.0,33,0,0.0,2.0,1.0,3.0,B01
200700037691,0.0,33,0,0.0,2.0,3.0,1.0,A01
201300042175,0.0,37,1,0.0,2.0,6.0,24.0,B01
201000035502,0.0,7,0,0.0,2.0,3.0,20.0,A01
200900006331,0.0,33,0,12.0,0.0,1.0,1.0,A01
200800038483,0.0,7,0,0.0,2.0,8.0,15.0,B01
201000033464,0.0,7,0,0.0,1.0,1.0,1.0,A01
201100030254,0.0,30,0,0.0,2.0,1.0,1.0,A01
201000037024,0.0,7,0,0.0,1.0,1.0,1.0,A01
201000016120,0.0,7,0,0.0,2.0,3.0,1.0,B01
200700035075,0.0,7,0,0.0,2.0,3.0,1.0,B01
200600007129,0.0,17,0,4.0,2.0,1.0,2.0,A01
201300050459,0.0,34,0,1.0,2.0,1.0,13.0,A01
201300015443,0.0,34,0,0.0,2.0,5.0,17.0,B01
201600019344,0.0,7,0,0.0,2.0,3.0,9.0,A01
201600035364,1.0,7,0,0.0,1.0,1.0,1.0,A01
200700009574,0.0,7,0,0.0,0.0,4.0,15.0,B01
200500039267,0.0,7,0,0.0,9.0,1.0,15.0,A01
201200031954,0.0,7,0,0.0,2.0,0.0,0.0,A01
200600055095,0.0,2,0,1.0,0.0,7.0,1.0,A01
201000041168,0.0,7,0,0.0,0.0,0.0,1.0,A01
201600055354,1.0,33,0,0.0,2.0,1.0,1.0,A01
201500025279,0.0,7,0,0.0,1.0,1.0,1.0,A01
201600054939,1.0,7,0,0.0,2.0,7.0,12.0,B01
201400043417,0.0,2,0,0.0,2.0,1.0,1.0,A01
201600037147,1.0,32,0,0.0,2.0,4.0,1.0,C01
200700078158,0.0,7,0,15.0,2.0,1.0,2.0,A01
201600026632,1.0,7,0,0.0,1.0,0.0,0.0,A01
201500045621,0.0,7,0,4.0,2.0,1.0,1.0,B01
200500084331,0.0,7,0,0.0,2.0,4.0,23.0,B01
200500015157,0.0,7,0,4.0,0.0,3.0,1.0,A01
200700021924,0.0,7,0,0.0,2.0,4.0,23.0,C01
201000068378,0.0,33,0,16.0,0.0,0.0,14.0,A01
200600008961,0.0,7,0,0.0,1.0,1.0,15.0,A01
200800007802,0.0,7,0,0.0,2.0,3.0,19.0,A01
201600020833,1.0,1,0,0.0,0.0,0.0,0.0,C01
201300039432,0.0,32,0,0.0,0.0,0.0,0.0,A01
201300020414,0.0,10,0,1.0,0.0,2.0,1.0,B01
200900003671,0.0,7,0,0.0,2.0,3.0,0.0,A01
200500083343,0.0,7,0,0.0,2.0,1.0,2.0,C01
201300004870,0.0,33,0,0.0,0.0,1.0,1.0,B01
200900066134,0.0,1,0,6.0,0.0,1.0,1.0,A01
201400046590,0.0,7,0,0.0,2.0,6.0,1.0,A01
201400014644,0.0,7,0,8.0,2.0,3.0,1.0,B01
200700020718,1.0,7,0,0.0,0.0,0.0,5.0,B01
200900042521,0.0,7,0,0.0,2.0,8.0,9.0,A01
200900005806,0.0,10,0,0.0,2.0,5.0,23.0,C01
201600028428,0.0,33,0,0.0,2.0,1.0,1.0,B01
201300052582,0.0,32,0,0.0,2.0,5.0,1.0,B01
200900011585,0.0,1,0,0.0,2.0,0.0,0.0,B01
201500026152,0.0,1,0,0.0,2.0,1.0,1.0,B01
200500082545,0.0,10,0,0.0,1.0,1.0,16.0,A01
201500018573,0.0,7,0,0.0,2.0,3.0,13.0,A01
200600004858,0.0,5,0,13.0,0.0,1.0,1.0,A01
201200005777,0.0,7,0,0.0,2.0,7.0,13.0,A01
201300017645,0.0,7,0,0.0,2.0,3.0,1.0,A01
201400044117,0.0,7,0,0.0,2.0,1.0,1.0,A01
201400010532,0.0,30,0,0.0,2.0,1.0,2.0,A01
201000031278,0.0,7,0,0.0,2.0,4.0,23.0,B01
201200034189,0.0,32,0,0.0,0.0,9.0,21.0,A01
200600043552,0.0,7,0,0.0,2.0,2.0,15.0,A01
201600014602,0.0,7,0,0.0,2.0,1.0,1.0,B01
200700011491,0.0,10,0,0.0,2.0,1.0,2.0,B01
201600029982,1.0,7,0,0.0,0.0,0.0,0.0,A01
200700082194,0.0,30,0,1.0,0.0,1.0,1.0,A01
201400009501,0.0,7,0,0.0,2.0,1.0,21.0,B02
201100011579,0.0,7,0,0.0,2.0,2.0,17.0,A01
200900024741,0.0,2,0,13.0,0.0,1.0,1.0,A01
200500046899,0.0,7,0,0.0,2.0,0.0,1.0,A01
201500044575,0.0,7,0,4.0,0.0,1.0,1.0,A01
200900071935,0.0,7,0,0.0,2.0,1.0,1.0,A01
200900033529,0.0,7,0,0.0,2.0,1.0,1.0,B01
201100006590,0.0,33,0,0.0,2.0,1.0,1.0,B02
201300035478,0.0,7,0,0.0,0.0,4.0,2.0,B01
201400006475,0.0,7,0,0.0,2.0,1.0,1.0,A01
201500012595,0.0,7,0,0.0,9.0,7.0,0.0,A01
201400005499,0.0,7,0,0.0,2.0,1.0,1.0,A01
200500021300,0.0,7,0,0.0,2.0,2.0,2.0,B01
201100022440,0.0,7,0,0.0,2.0,3.0,1.0,A01
201400016762,0.0,7,0,0.0,0.0,7.0,9.0,A01
200500069120,0.0,10,0,0.0,2.0,7.0,16.0,B01
201000046556,0.0,33,0,0.0,2.0,1.0,1.0,B01
200800059257,0.0,7,0,0.0,1.0,2.0,1.0,A01
201600056216,0.0,7,0,0.0,2.0,3.0,1.0,A01
200500007924,0.0,7,0,0.0,2.0,3.0,17.0,A01
201100045106,0.0,7,0,0.0,2.0,2.0,1.0,A01
201100017504,0.0,31,0,0.0,2.0,5.0,11.0,A01
201600018074,2.0,7,0,0.0,0.0,4.0,0.0,B02
201500017967,0.0,7,0,0.0,2.0,8.0,1.0,A01
201200000112,0.0,7,0,0.0,2.0,3.0,1.0,A01
201200001641,0.0,7,0,0.0,2.0,8.0,19.0,B01
200700025517,0.0,7,0,0.0,2.0,3.0,1.0,B02
200800029980,0.0,7,0,0.0,2.0,7.0,17.0,A01
201000028324,0.0,7,0,0.0,2.0,4.0,23.0,D01
201600004247,2.0,7,0,0.0,2.0,3.0,1.0,B01
200500020016,0.0,7,0,13.0,0.0,9.0,0.0,A01
200800006998,0.0,7,0,2.0,0.0,8.0,1.0,A01
201400048847,0.0,7,0,0.0,2.0,1.0,13.0,A01
201400055448,0.0,33,0,0.0,2.0,8.0,1.0,B01
201000014146,0.0,7,0,2.0,0.0,1.0,1.0,A01
201500049292,0.0,7,0,0.0,2.0,1.0,2.0,B01
200800041484,0.0,7,0,0.0,2.0,3.0,10.0,B01
200600045138,0.0,33,0,0.0,2.0,1.0,1.0,B02
201400040871,0.0,30,0,0.0,2.0,1.0,1.0,A01
200800013194,0.0,7,0,0.0,2.0,0.0,1.0,A01
200700015813,0.0,7,0,1.0,2.0,9.0,1.0,B01
200900060845,0.0,33,0,4.0,0.0,0.0,1.0,A01
201100054610,0.0,7,0,0.0,9.0,1.0,2.0,F01
200800017798,0.0,7,0,0.0,2.0,4.0,2.0,C03
201300048282,0.0,7,0,0.0,0.0,0.0,0.0,C01
201100001542,0.0,33,0,0.0,0.0,8.0,1.0,A01
201100040736,0.0,31,0,14.0,0.0,8.0,1.0,A01
200500052739,0.0,1,0,0.0,2.0,1.0,5.0,A01
201200012268,0.0,7,0,3.0,2.0,9.0,17.0,A01
200900008590,0.0,7,0,0.0,2.0,8.0,1.0,B02
201100000838,0.0,7,0,0.0,2.0,3.0,17.0,A01
201000057206,0.0,7,0,0.0,0.0,5.0,2.0,B01
200600021805,0.0,7,0,0.0,2.0,2.0,0.0,A01
201500012353,0.0,17,0,4.0,2.0,2.0,1.0,A01
200700010944,0.0,7,0,0.0,0.0,1.0,0.0,A01
200500029422,0.0,5,0,0.0,2.0,7.0,15.0,A01
200500074895,0.0,14,0,0.0,2.0,7.0,12.0,A01
201000064556,0.0,30,0,12.0,0.0,1.0,1.0,A01
201300027052,1.0,7,0,0.0,2.0,1.0,2.0,A01
200500071701,0.0,7,0,2.0,0.0,7.0,1.0,A01
200700074361,0.0,7,0,0.0,2.0,1.0,21.0,G07
200500041171,0.0,7,0,0.0,2.0,3.0,13.0,A01
201100012292,0.0,7,0,0.0,2.0,1.0,1.0,B02
201200014255,0.0,33,0,0.0,1.0,5.0,21.0,A01
201400038255,0.0,7,0,0.0,2.0,1.0,13.0,B01
200600009554,0.0,2,0,0.0,1.0,1.0,1.0,A01
200600079918,0.0,31,0,0.0,2.0,1.0,3.0,A01
200800010759,0.0,7,0,0.0,2.0,2.0,2.0,A01
201600005490,1.0,7,0,0.0,1.0,1.0,1.0,A01
200600081149,0.0,7,0,0.0,2.0,7.0,15.0,A01
200900043897,0.0,31,0,0.0,2.0,1.0,13.0,B01
200500046070,0.0,5,0,0.0,2.0,4.0,23.0,B01
201500054872,0.0,7,0,0.0,2.0,3.0,15.0,B01
200900051123,0.0,31,0,0.0,2.0,1.0,17.0,B01
200700002152,0.0,7,0,0.0,1.0,3.0,1.0,A01
200600026443,0.0,7,0,14.0,4.0,3.0,13.0,A01
201500041482,0.0,7,0,0.0,2.0,1.0,0.0,B01
200500054902,0.0,7,0,0.0,2.0,3.0,1.0,B02
200700041628,0.0,2,0,0.0,2.0,1.0,13.0,A01
200500029048,0.0,7,0,0.0,0.0,4.0,23.0,B01
200500009109,0.0,7,0,0.0,2.0,2.0,12.0,A01
201300042254,0.0,10,0,0.0,2.0,1.0,13.0,A01
200800039969,0.0,7,0,0.0,2.0,1.0,15.0,A01
200800034282,0.0,7,0,0.0,2.0,1.0,1.0,B01
201100046604,0.0,7,0,0.0,1.0,2.0,1.0,A01
201100004689,0.0,7,0,0.0,2.0,3.0,19.0,B02
200900015720,1.0,7,0,0.0,2.0,1.0,15.0,A01
201600008230,2.0,31,0,0.0,2.0,1.0,13.0,A01
201300048396,0.0,7,0,0.0,2.0,4.0,2.0,B01
200900049635,0.0,7,0,0.0,2.0,3.0,13.0,A01
200700058746,0.0,7,0,0.0,2.0,4.0,2.0,B01
200900060379,0.0,30,0,0.0,2.0,3.0,1.0,B01
201400015577,0.0,7,0,0.0,2.0,2.0,15.0,A01
201400054048,0.0,7,0,0.0,2.0,6.0,23.0,B01
201200043607,0.0,32,0,0.0,2.0,1.0,1.0,B01
200500023410,0.0,7,0,0.0,2.0,1.0,2.0,A01
200500081144,0.0,7,0,9.0,1.0,4.0,4.0,A01
201200052800,0.0,17,0,0.0,2.0,1.0,1.0,A01
200900021569,0.0,7,0,0.0,2.0,2.0,2.0,A01
200700034852,0.0,7,0,0.0,2.0,0.0,1.0,B01
200600083615,0.0,7,0,0.0,2.0,1.0,1.0,B01
201000025725,0.0,7,0,0.0,2.0,1.0,9.0,A01
200700000615,0.0,7,0,0.0,2.0,3.0,15.0,B02
201400056706,0.0,33,0,0.0,2.0,2.0,17.0,B01
201000021518,0.0,30,0,0.0,2.0,1.0,1.0,A01
201300011753,0.0,7,0,0.0,2.0,4.0,1.0,C03
201100053338,0.0,7,0,0.0,2.0,7.0,1.0,D01
200700026336,0.0,7,0,0.0,2.0,1.0,1.0,A01
200900062499,0.0,37,0,0.0,2.0,1.0,1.0,A01
201100011109,0.0,7,0,0.0,2.0,3.0,13.0,A01
201000009395,0.0,7,0,0.0,2.0,3.0,16.0,A01
201600040814,0.0,7,0,0.0,2.0,4.0,23.0,B01
200800025282,0.0,7,0,0.0,9.0,3.0,15.0,A01
201400017568,0.0,7,0,0.0,2.0,0.0,1.0,B02
200900055939,0.0,7,0,0.0,2.0,1.0,15.0,A01
201300004783,0.0,7,0,0.0,2.0,2.0,19.0,A01
200900014359,0.0,7,0,0.0,2.0,7.0,10.0,A01
200500066649,0.0,7,0,0.0,2.0,3.0,1.0,A01
200800053591,0.0,7,0,0.0,0.0,1.0,9.0,A01
200600029736,0.0,7,0,0.0,9.0,1.0,1.0,B01
201200060136,0.0,33,0,0.0,2.0,8.0,1.0,A01
200500065502,0.0,5,0,12.0,0.0,1.0,1.0,A01
200500033381,0.0,5,0,0.0,2.0,8.0,1.0,A01
201200038634,0.0,7,0,0.0,1.0,3.0,1.0,A01
200600030641,0.0,10,0,0.0,9.0,2.0,1.0,A01
201200053265,0.0,7,0,0.0,2.0,4.0,2.0,B01
201200022319,0.0,10,0,0.0,2.0,1.0,19.0,A01
201000047052,0.0,7,0,0.0,2.0,1.0,1.0,B01
201000029407,0.0,31,0,0.0,2.0,1.0,1.0,A01
201200005897,0.0,7,0,2.0,0.0,1.0,2.0,A01
201600037187,0.0,7,0,0.0,2.0,7.0,15.0,B01
200800047468,0.0,7,0,0.0,9.0,1.0,1.0,B02
200900017943,0.0,7,0,0.0,2.0,1.0,1.0,A01
200900019376,0.0,30,0,0.0,2.0,1.0,1.0,B02
200900002998,0.0,7,0,0.0,2.0,6.0,5.0,A01
201000057239,0.0,33,0,0.0,0.0,0.0,0.0,B01
200600016460,0.0,7,0,0.0,2.0,1.0,17.0,A01
200600022518,0.0,7,0,0.0,2.0,5.0,9.0,A01
201300017711,0.0,7,0,0.0,2.0,7.0,21.0,B02
200700064938,0.0,1,0,0.0,2.0,1.0,1.0,A01
201500020221,0.0,7,0,0.0,2.0,7.0,15.0,B02
201200011059,0.0,31,0,0.0,2.0,2.0,2.0,B01
200700036289,0.0,30,0,0.0,2.0,1.0,17.0,A01
201200039181,0.0,7,0,0.0,2.0,3.0,1.0,A01
200900055759,0.0,2,0,8.0,2.0,1.0,17.0,A01
200800016966,0.0,7,0,3.0,0.0,1.0,14.0,A01
201600011450,2.0,7,0,0.0,2.0,1.0,2.0,A01
200900054405,0.0,30,0,14.0,0.0,1.0,1.0,A01
201000019299,0.0,30,0,0.0,0.0,0.0,1.0,A01
200700071961,0.0,7,0,0.0,2.0,4.0,2.0,A01
200900024709,0.0,33,0,0.0,2.0,1.0,17.0,B01
201000038780,0.0,2,0,0.0,2.0,1.0,0.0,B01
200700031421,0.0,7,0,0.0,2.0,1.0,12.0,B01
200900057819,0.0,33,0,0.0,2.0,1.0,17.0,B01
200700067470,0.0,7,0,0.0,0.0,3.0,11.0,B01
201400047267,0.0,7,0,0.0,2.0,6.0,11.0,B01
201000031464,0.0,7,0,8.0,0.0,0.0,0.0,A01
200800064069,0.0,7,0,0.0,2.0,8.0,15.0,B01
200700039424,0.0,7,0,0.0,2.0,1.0,2.0,A01
200900045587,0.0,7,0,0.0,2.0,3.0,1.0,B02
200900033880,0.0,1,0,0.0,2.0,1.0,1.0,A01
201500012260,0.0,7,0,13.0,0.0,2.0,1.0,A01
201600017459,1.0,7,0,0.0,2.0,8.0,19.0,A01
200700000688,0.0,1,0,0.0,2.0,7.0,1.0,B02
200600047889,0.0,2,0,0.0,0.0,7.0,0.0,A01
200900043373,0.0,32,0,0.0,0.0,0.0,1.0,B01
200600057587,0.0,2,0,0.0,2.0,1.0,1.0,A01
200600064952,0.0,7,0,0.0,0.0,4.0,23.0,B01
201100018988,0.0,30,0,0.0,2.0,1.0,16.0,B01
201100054332,0.0,7,0,0.0,2.0,3.0,21.0,A01
201300027951,0.0,7,0,0.0,2.0,2.0,21.0,A01
201500052655,0.0,1,0,0.0,2.0,8.0,1.0,A01
200500005268,0.0,7,0,12.0,0.0,0.0,1.0,A01
201400035464,0.0,7,0,0.0,2.0,5.0,2.0,B01
201100018008,0.0,17,0,0.0,2.0,1.0,2.0,A01
200600027714,0.0,30,0,0.0,2.0,8.0,16.0,A01
201600024396,2.0,7,0,0.0,2.0,1.0,15.0,A01
201200031486,0.0,30,0,0.0,2.0,1.0,1.0,A01
200500070888,0.0,7,0,0.0,2.0,3.0,0.0,C03
200800066158,0.0,7,0,0.0,2.0,7.0,15.0,A01
201100033845,0.0,33,0,0.0,2.0,4.0,2.0,A01
201100060835,0.0,33,0,0.0,2.0,2.0,21.0,B01
201200027170,0.0,7,0,0.0,2.0,9.0,2.0,C01
200500069584,0.0,7,0,0.0,2.0,2.0,1.0,A01
200500028707,0.0,7,0,0.0,2.0,2.0,15.0,A01
201600031340,0.0,33,0,0.0,0.0,0.0,17.0,A01
200700029634,0.0,7,0,0.0,2.0,8.0,10.0,A01
201300011662,0.0,15,0,0.0,2.0,5.0,1.0,B02
200700021893,0.0,30,0,0.0,2.0,1.0,15.0,A01
201400045725,0.0,7,0,0.0,2.0,8.0,1.0,B01
201400031475,0.0,7,0,0.0,2.0,2.0,15.0,B02
201600002767,1.0,7,0,0.0,2.0,1.0,0.0,B02
201400031844,0.0,7,0,0.0,2.0,1.0,15.0,A01
201400033888,0.0,7,0,0.0,2.0,2.0,16.0,B01
200700049994,0.0,7,0,0.0,1.0,3.0,1.0,A01
201100038703,0.0,7,0,0.0,2.0,7.0,1.0,A01
200700028931,0.0,7,0,0.0,1.0,2.0,1.0,A01
201600021363,0.0,31,0,0.0,2.0,1.0,1.0,B01
200900040580,0.0,7,0,0.0,2.0,5.0,12.0,A01
201500008807,0.0,7,0,0.0,2.0,1.0,1.0,C03
201200025042,0.0,40,0,0.0,1.0,2.0,1.0,A01
200600045388,0.0,14,0,0.0,2.0,2.0,1.0,B02
201500053492,0.0,32,0,0.0,2.0,1.0,1.0,C01
201000027413,0.0,7,0,0.0,2.0,3.0,1.0,B01
200500061546,1.0,7,0,0.0,2.0,0.0,19.0,B01
201400047718,0.0,7,0,13.0,0.0,1.0,14.0,A01
201600012835,1.0,7,0,0.0,2.0,1.0,1.0,B02
200800076409,0.0,7,0,0.0,0.0,0.0,0.0,A01
200800063841,0.0,7,0,0.0,2.0,1.0,15.0,A01
200900061474,0.0,7,0,0.0,0.0,0.0,0.0,A01
200800046885,0.0,7,0,0.0,2.0,8.0,19.0,A01
201400018850,0.0,7,0,6.0,0.0,3.0,1.0,A01
201200040627,0.0,7,0,0.0,2.0,1.0,1.0,A01
200800053333,0.0,7,0,0.0,2.0,3.0,15.0,A01
201600038801,0.0,7,0,1.0,0.0,9.0,1.0,A01
201600051330,1.0,7,0,0.0,2.0,4.0,1.0,B01
200700063742,0.0,30,0,12.0,0.0,1.0,1.0,A01
201400026501,0.0,30,0,0.0,2.0,1.0,0.0,A01
200500026912,0.0,7,0,0.0,2.0,2.0,14.0,A01
201000047649,0.0,7,0,0.0,2.0,2.0,1.0,A01
201200050745,0.0,7,0,0.0,2.0,3.0,11.0,A01
200700010219,0.0,7,0,0.0,2.0,1.0,1.0,B01
201400028707,0.0,7,0,0.0,2.0,3.0,15.0,B01
200500001298,0.0,7,0,0.0,2.0,2.0,0.0,A01
200500032916,0.0,7,0,0.0,2.0,3.0,1.0,B01
200800060358,1.0,30,0,0.0,1.0,0.0,0.0,A01
201000058355,0.0,7,0,0.0,1.0,1.0,1.0,A01
200600067704,0.0,10,0,0.0,2.0,3.0,15.0,A01
200800064996,0.0,7,0,1.0,2.0,1.0,0.0,A01
201300051287,0.0,30,0,0.0,2.0,5.0,1.0,A01
200700081687,0.0,7,0,4.0,0.0,9.0,1.0,A01
201300020433,0.0,30,0,0.0,2.0,2.0,0.0,B01
201200036022,0.0,7,0,0.0,2.0,2.0,15.0,A01
200500064549,0.0,17,0,0.0,2.0,1.0,1.0,A01
200500083348,0.0,7,0,1.0,0.0,1.0,1.0,A01
201100058384,0.0,7,0,0.0,1.0,1.0,15.0,A01
200500052472,0.0,7,0,0.0,2.0,1.0,1.0,A01
200500032012,0.0,7,0,0.0,2.0,2.0,21.0,A01
200800036998,0.0,7,0,13.0,0.0,1.0,13.0,A01
201400023110,0.0,7,0,0.0,2.0,0.0,0.0,A01
201100034596,0.0,32,0,0.0,2.0,1.0,1.0,A01
201600015656,2.0,7,0,0.0,2.0,1.0,0.0,A01
200800026458,0.0,7,0,0.0,2.0,8.0,15.0,B01
201000005951,0.0,7,0,6.0,0.0,6.0,13.0,A01
200500082585,0.0,10,0,0.0,1.0,1.0,1.0,A01
200500074834,0.0,2,0,0.0,0.0,1.0,1.0,B01
201600031754,1.0,7,0,0.0,2.0,4.0,23.0,B01
201300007661,0.0,7,0,0.0,2.0,2.0,1.0,B02
201500057162,0.0,7,0,0.0,2.0,2.0,2.0,A01
201400021479,0.0,33,0,0.0,2.0,1.0,1.0,B01
201000052483,0.0,7,0,0.0,2.0,3.0,15.0,A01
201000044155,0.0,7,0,0.0,1.0,3.0,15.0,A01
201000067031,0.0,7,0,0.0,2.0,7.0,1.0,A01
200500017031,0.0,7,0,0.0,2.0,4.0,2.0,B01
201400024525,0.0,2,0,0.0,0.0,7.0,1.0,C01
200700024934,0.0,17,0,0.0,0.0,0.0,0.0,A01
200700001921,0.0,7,0,0.0,2.0,1.0,1.0,A01
201300044353,0.0,7,0,0.0,2.0,3.0,1.0,A01
200900070587,0.0,7,0,0.0,2.0,7.0,12.0,B01
201000040056,0.0,7,0,0.0,2.0,1.0,2.0,A01
200800023855,0.0,30,0,0.0,2.0,8.0,1.0,B01
200600022658,0.0,7,0,0.0,2.0,1.0,2.0,B01
200600035552,0.0,7,0,0.0,2.0,1.0,1.0,B01
200500040959,0.0,7,0,0.0,2.0,0.0,15.0,B02
200600017945,0.0,7,0,0.0,2.0,1.0,19.0,A01
200800050269,0.0,7,0,0.0,2.0,1.0,15.0,B01
200500012542,0.0,7,0,0.0,2.0,2.0,17.0,A01
201300043102,0.0,7,0,0.0,2.0,1.0,2.0,A01
201400002934,0.0,7,0,0.0,2.0,3.0,15.0,A01
200600065573,0.0,7,0,0.0,1.0,2.0,1.0,A01
200500013596,0.0,5,0,0.0,2.0,0.0,1.0,B02
200600016184,0.0,38,0,0.0,0.0,2.0,21.0,A01
201400038242,0.0,7,0,0.0,1.0,2.0,15.0,A01
201400024736,0.0,7,0,0.0,2.0,2.0,15.0,A01
201400022725,0.0,1,0,0.0,2.0,1.0,1.0,A01
200700018231,0.0,7,0,0.0,2.0,4.0,2.0,C01
200900030611,0.0,7,0,0.0,2.0,3.0,1.0,B02
200700066279,0.0,10,0,0.0,2.0,1.0,2.0,C01
200900058397,0.0,32,0,0.0,0.0,2.0,0.0,A01
201000039642,0.0,7,0,0.0,2.0,1.0,9.0,B01
201100054417,0.0,7,0,0.0,2.0,8.0,2.0,B01
201400035057,0.0,7,0,0.0,2.0,7.0,0.0,C01
201600043855,0.0,34,0,0.0,2.0,4.0,23.0,B01
200800036839,0.0,7,0,0.0,2.0,7.0,21.0,A01
201400039998,0.0,7,0,0.0,1.0,8.0,1.0,A01
201500055235,0.0,30,0,0.0,2.0,1.0,10.0,A01
200800003537,0.0,7,0,0.0,2.0,1.0,15.0,A01
201300014372,0.0,31,0,0.0,2.0,0.0,1.0,B01
200900012121,0.0,7,0,14.0,0.0,9.0,0.0,A01
200600048017,0.0,7,0,0.0,2.0,2.0,15.0,A01
201300051590,0.0,7,0,0.0,1.0,8.0,16.0,A01
201600030371,1.0,2,0,0.0,2.0,1.0,1.0,A01
201600022755,0.0,7,0,0.0,2.0,3.0,1.0,A01
200500070198,0.0,7,0,0.0,2.0,2.0,2.0,A01
200500070522,0.0,7,0,0.0,2.0,3.0,1.0,B02
200700022977,1.0,4,0,0.0,1.0,1.0,0.0,A01
200800045693,0.0,10,0,0.0,2.0,6.0,9.0,B01
200600004532,0.0,7,0,0.0,2.0,2.0,15.0,C03
201200030485,0.0,33,0,14.0,0.0,1.0,1.0,A01
200700009082,0.0,7,0,0.0,1.0,1.0,1.0,A01
200900064746,0.0,37,8,0.0,2.0,1.0,1.0,B01
201500033635,0.0,7,0,0.0,2.0,1.0,2.0,A01
200600027053,0.0,33,0,1.0,0.0,1.0,1.0,A01
201200049952,0.0,7,0,4.0,0.0,1.0,15.0,A01
201400042585,0.0,7,0,0.0,2.0,3.0,15.0,B01
201200051833,0.0,10,0,0.0,2.0,3.0,1.0,B01
200900021518,0.0,2,0,0.0,2.0,1.0,13.0,A01
201500036438,0.0,7,0,0.0,2.0,1.0,9.0,A01
201600041230,0.0,7,0,0.0,2.0,3.0,15.0,A01
201200011535,0.0,7,0,0.0,2.0,5.0,1.0,B01
201600016143,2.0,2,0,0.0,2.0,1.0,1.0,B01