Num_Acc,senc,catv,occutc,obs,obsm,choc,manv,num_veh
201200034782,0.0,7,0,0.0,2.0,1.0,2.0,A01
200800014860,0.0,32,0,0.0,2.0,7.0,15.0,A01
201400006390,0.0,7,0,0.0,2.0,6.0,1.0,B02
201600021934,0.0,7,0,0.0,1.0,1.0,15.0,A01
200800015886,0.0,30,0,0.0,2.0,1.0,1.0,A01
201000005552,0.0,7,0,0.0,2.0,3.0,15.0,A01
201400016389,0.0,7,0,0.0,0.0,4.0,1.0,B01
201500042236,0.0,7,0,0.0,1.0,1.0,9.0,A01
201400013934,0.0,7,0,0.0,9.0,6.0,2.0,B01
200800030298,0.0,14,0,0.0,2.0,8.0,1.0,B02
200500048555,0.0,7,0,0.0,0.0,1.0,1.0,B02
200500064228,0.0,7,0,6.0,0.0,1.0,0.0,A01
201100043788,0.0,7,0,0.0,2.0,1.0,1.0,A01
200700077126,0.0,7,0,0.0,1.0,1.0,1.0,A01
200900056822,0.0,7,0,0.0,0.0,0.0,17.0,B02
201300024624,0.0,10,0,0.0,2.0,4.0,4.0,A01
201600019749,2.0,7,0,0.0,2.0,1.0,2.0,C01
201000000744,0.0,7,0,0.0,1.0,3.0,1.0,A01
200800055122,0.0,7,0,0.0,2.0,8.0,21.0,B02
201000061223,0.0,7,0,0.0,2.0,4.0,23.0,B01
200500069001,0.0,7,0,0.0,2.0,2.0,1.0,A01
200500060944,0.0,7,0,0.0,2.0,3.0,1.0,B01
200600024876,0.0,7,0,0.0,2.0,8.0,19.0,A01
201000050126,0.0,33,0,0.0,2.0,1.0,0.0,B01
200600072368,0.0,7,0,0.0,9.0,3.0,1.0,B02
200800058614,0.0,7,0,2.0,0.0,8.0,1.0,A01
200500087909,0.0,7,0,0.0,9.0,5.0,0.0,A01
200600052756,0.0,7,0,0.0,0.0,0.0,1.0,A01
200600057956,0.0,7,0,0.0,2.0,3.0,15.0,A01
200500037527,0.0,14,0,0.0,2.0,7.0,12.0,A01
201600055068,2.0,7,0,0.0,2.0,1.0,15.0,B01
200500083244,0.0,7,0,0.0,2.0,1.0,13.0,A01
201400012110,0.0,7,0,0.0,1.0,2.0,1.0,A01
200900015349,0.0,7,0,16.0,0.0,9.0,1.0,A01
201400050706,0.0,7,0,0.0,2.0,2.0,12.0,A01
201500033954,0.0,7,0,0.0,2.0,1.0,2.0,A01
200900023062,0.0,30,0,0.0,2.0,1.0,1.0,A01
200800067513,0.0,7,0,0.0,0.0,4.0,2.0,B01
200700060147,0.0,33,0,2.0,0.0,1.0,1.0,A01
200900041229,0.0,7,0,0.0,2.0,8.0,15.0,B02
201000048694,0.0,7,0,12.0,0.0,1.0,0.0,A01
200700010172,0.0,7,0,0.0,2.0,8.0,1.0,B01
201600035042,2.0,33,0,0.0,2.0,8.0,1.0,B01
201300002206,0.0,1,0,0.0,2.0,7.0,16.0,B02
200700018950,0.0,33,0,0.0,2.0,1.0,2.0,B02
200500041827,0.0,7,0,0.0,2.0,3.0,1.0,A01
200600001029,0.0,2,0,1.0,0.0,1.0,1.0,B01
200600034509,0.0,33,0,1.0,0.0,9.0,1.0,A01
201600024771,1.0,7,0,0.0,2.0,4.0,23.0,B01
200900024223,0.0,7,0,13.0,0.0,2.0,1.0,A01
200600056091,0.0,1,0,0.0,2.0,1.0,1.0,A01
201400055181,0.0,7,0,0.0,2.0,1.0,9.0,A01
201200061331,0.0,31,0,0.0,2.0,1.0,1.0,B01
201000059945,0.0,7,0,3.0,2.0,7.0,14.0,B01
201600057938,1.0,10,0,0.0,2.0,2.0,1.0,B02
200600010179,0.0,7,0,0.0,2.0,3.0,13.0,A01
201100044981,0.0,7,0,0.0,2.0,4.0,1.0,B01
201500032185,0.0,7,0,0.0,1.0,2.0,1.0,A01
201200018663,0.0,7,0,0.0,2.0,1.0,1.0,B02
201400031445,0.0,7,0,0.0,2.0,7.0,0.0,B02
200700050944,0.0,7,0,0.0,2.0,4.0,2.0,B01
201300002889,0.0,10,0,16.0,0.0,9.0,1.0,A01
200700047379,0.0,2,0,0.0,2.0,7.0,19.0,A01
200600079421,0.0,14,0,0.0,1.0,1.0,1.0,A01
200600045747,0.0,7,0,0.0,1.0,3.0,19.0,A01
201100030454,0.0,1,0,1.0,0.0,1.0,1.0,B01
201600032420,1.0,7,0,0.0,2.0,1.0,1.0,B01
200700022890,0.0,7,0,0.0,2.0,2.0,15.0,A01
200900066289,0.0,7,0,0.0,1.0,8.0,1.0,A01
200800044015,0.0,7,0,0.0,2.0,1.0,15.0,A01
200600069007,0.0,7,0,0.0,2.0,8.0,22.0,A01
201400006522,0.0,30,0,9.0,0.0,1.0,1.0,A01
200500010226,0.0,7,0,4.0,0.0,3.0,13.0,A01
200700063269,0.0,7,0,0.0,2.0,8.0,15.0,A01
201000007215,0.0,7,0,0.0,0.0,6.0,15.0,A01
201500047152,0.0,33,0,0.0,2.0,1.0,1.0,B01
200800066398,0.0,33,0,0.0,2.0,1.0,1.0,B01
201500036705,0.0,2,0,0.0,2.0,1.0,1.0,B01
200700078506,0.0,7,0,0.0,1.0,1.0,0.0,A01
200800067712,0.0,7,0,0.0,2.0,4.0,1.0,A01
201600050053,2.0,15,0,0.0,2.0,7.0,12.0,A01
201000030359,0.0,40,0,0.0,1.0,1.0,1.0,A01
201100016616,0.0,7,0,0.0,2.0,3.0,13.0,B02
200600061613,0.0,2,0,0.0,2.0,3.0,1.0,A01
201300011022,0.0,37,1,0.0,2.0,6.0,1.0,B01
200700031015,0.0,7,0,15.0,0.0,2.0,2.0,A01
201000050879,0.0,32,0,0.0,2.0,1.0,0.0,B01
201300032251,0.0,30,0,0.0,2.0,2.0,1.0,A01
200500025770,0.0,7,0,0.0,2.0,1.0,5.0,A01
201200024937,0.0,7,0,0.0,2.0,1.0,1.0,B01
201100046223,0.0,7,0,0.0,2.0,4.0,2.0,B01
201200003468,0.0,7,0,0.0,1.0,7.0,1.0,A01
200700077658,0.0,7,0,9.0,0.0,1.0,14.0,A01
201400024652,0.0,7,0,0.0,2.0,2.0,0.0,B01
201100049184,0.0,7,0,0.0,2.0,2.0,1.0,A01
200500058649,0.0,7,0,0.0,2.0,4.0,1.0,B01
200500045740,0.0,1,0,0.0,2.0,1.0,1.0,B01
201500038380,0.0,33,0,0.0,2.0,1.0,1.0,B01
200700080162,0.0,7,0,0.0,2.0,4.0,2.0,C01
201100014730,0.0,7,0,0.0,2.0,1.0,2.0,A01
201100054351,0.0,17,0,0.0,2.0,1.0,1.0,A01
200600013186,0.0,7,0,0.0,1.0,1.0,1.0,A01
201400040103,0.0,7,0,0.0,2.0,2.0,17.0,A01
200600076510,0.0,7,0,0.0,2.0,3.0,15.0,B01
201500026701,1.0,32,0,0.0,2.0,8.0,0.0,A01
200500002468,0.0,7,0,0.0,0.0,7.0,1.0,B01
201400036386,0.0,7,0,0.0,2.0,8.0,15.0,A01
201200002549,0.0,1,0,0.0,2.0,1.0,1.0,B02
200700040776,0.0,33,0,0.0,2.0,1.0,13.0,A01
201400029642,0.0,7,0,0.0,0.0,1.0,15.0,A01
201000055678,0.0,13,0,3.0,0.0,1.0,1.0,A01
201200057429,1.0,7,0,0.0,1.0,8.0,1.0,Z01
200600004875,0.0,7,0,6.0,0.0,2.0,19.0,A01
200500013142,0.0,7,0,0.0,2.0,1.0,1.0,C03
200700083411,0.0,13,0,0.0,9.0,6.0,0.0,A01
201000060698,0.0,7,0,0.0,2.0,1.0,2.0,A01
201000026981,0.0,7,0,0.0,2.0,2.0,1.0,B01
201300005241,0.0,7,0,0.0,2.0,3.0,1.0,B02
200900054620,0.0,15,0,0.0,2.0,1.0,0.0,A01
201300037312,0.0,7,0,0.0,2.0,4.0,23.0,D01
201500000428,0.0,7,0,0.0,2.0,1.0,1.0,B02
200500005808,0.0,7,0,0.0,1.0,2.0,1.0,A01
201000066991,0.0,7,0,0.0,2.0,4.0,23.0,C01
201000021545,0.0,7,0,14.0,0.0,1.0,10.0,A01
201400041658,0.0,7,0,0.0,2.0,5.0,10.0,B01
201300002050,0.0,7,0,0.0,0.0,1.0,13.0,A01
200700016489,0.0,7,0,0.0,2.0,2.0,1.0,A01
201300037003,0.0,33,0,0.0,2.0,1.0,1.0,B01
200500051615,0.0,7,0,0.0,2.0,1.0,1.0,A01
200700045792,0.0,7,0,0.0,0.0,1.0,1.0,A01
200600023717,0.0,7,0,0.0,2.0,1.0,1.0,B02
200800025075,0.0,7,0,0.0,2.0,4.0,23.0,C01
200700006576,0.0,7,0,13.0,0.0,4.0,1.0,A01
200700028700,0.0,7,0,0.0,2.0,7.0,1.0,B01
200600010581,0.0,4,0,1.0,0.0,1.0,1.0,A01
201600011685,1.0,7,0,2.0,2.0,9.0,1.0,D04
200700068824,0.0,2,0,0.0,2.0,1.0,15.0,A01
201100060968,0.0,7,0,0.0,2.0,7.0,1.0,A01
200900004080,0.0,30,0,0.0,2.0,7.0,1.0,B01
200500056446,0.0,7,0,0.0,2.0,1.0,0.0,A01
200700051234,0.0,7,0,0.0,1.0,2.0,0.0,A01
201100061609,0.0,7,0,0.0,1.0,4.0,20.0,A01
201300023233,0.0,10,0,0.0,0.0,0.0,0.0,A01
201600033108,2.0,7,0,0.0,2.0,3.0,15.0,B01
201300047331,0.0,7,0,0.0,2.0,6.0,11.0,A01
200900040718,0.0,7,0,0.0,1.0,1.0,15.0,A01
201400053745,0.0,7,0,0.0,1.0,1.0,15.0,A01
200900073143,0.0,7,0,0.0,2.0,1.0,2.0,A01
200800017721,0.0,30,0,0.0,2.0,3.0,6.0,A01
200500073818,0.0,7,0,0.0,2.0,3.0,1.0,B01
200900014964,0.0,7,0,0.0,2.0,3.0,1.0,B01
201500028779,0.0,7,0,0.0,2.0,4.0,2.0,C01
201100019705,0.0,7,0,0.0,2.0,4.0,23.0,B01
201500046705,0.0,10,0,0.0,2.0,8.0,11.0,B01
200800003330,0.0,7,0,0.0,2.0,3.0,15.0,A01
201200008133,0.0,7,0,13.0,0.0,9.0,13.0,A01
200600083111,0.0,7,0,0.0,0.0,8.0,1.0,B01
201100047754,0.0,7,0,0.0,0.0,7.0,9.0,A01
200900019660,0.0,7,0,0.0,9.0,1.0,9.0,A01
201100019850,0.0,7,0,0.0,2.0,6.0,2.0,B01
200900011761,0.0,7,0,0.0,1.0,1.0,1.0,A01
201100058950,0.0,7,0,0.0,2.0,2.0,15.0,A01
201300031144,0.0,7,0,0.0,0.0,6.0,23.0,B01
201500048412,0.0,33,0,0.0,2.0,4.0,1.0,B01
201200011939,0.0,31,0,0.0,2.0,1.0,1.0,B01
200500070151,0.0,5,0,0.0,2.0,1.0,1.0,A01
200600048522,0.0,7,0,0.0,2.0,1.0,2.0,A01
200800077336,0.0,7,0,0.0,2.0,2.0,9.0,A01
200500058773,0.0,7,0,0.0,2.0,6.0,15.0,B01
201500011264,0.0,33,0,15.0,0.0,1.0,0.0,A01
200500008501,0.0,5,0,0.0,2.0,7.0,0.0,B01
200500043846,0.0,4,0,0.0,2.0,2.0,1.0,B01
201600033571,1.0,7,0,0.0,9.0,1.0,1.0,E01
201000049062,0.0,1,0,0.0,2.0,4.0,0.0,B01
201400027487,0.0,10,0,0.0,2.0,1.0,13.0,A01
200800019401,0.0,7,0,0.0,2.0,6.0,1.0,B01
200800034365,0.0,7,0,1.0,2.0,3.0,16.0,B01
201400043923,0.0,7,0,0.0,2.0,1.0,1.0,A01
200800037858,0.0,31,0,4.0,0.0,1.0,0.0,A01
200800065889,0.0,7,0,0.0,2.0,8.0,19.0,B01
200700038085,0.0,15,0,0.0,2.0,1.0,1.0,A01
201500044861,0.0,7,0,1.0,2.0,1.0,2.0,C01
200800048057,0.0,7,0,6.0,2.0,3.0,1.0,B01
200600070157,0.0,7,0,0.0,2.0,0.0,1.0,B01
200900040177,0.0,7,0,13.0,0.0,2.0,1.0,A01
201200029394,0.0,7,0,0.0,2.0,4.0,23.0,A01
200900005295,0.0,7,0,0.0,1.0,2.0,16.0,A01
200700011240,0.0,2,0,0.0,2.0,4.0,1.0,B01
201000003885,0.0,7,0,13.0,0.0,7.0,1.0,A01
200500001389,0.0,7,0,0.0,1.0,2.0,1.0,A01
201400038690,0.0,7,0,0.0,1.0,1.0,1.0,A01
201300048062,0.0,7,0,0.0,2.0,1.0,1.0,A01
200600041155,0.0,7,0,0.0,2.0,2.0,1.0,A01
201000038612,0.0,7,0,0.0,2.0,1.0,1.0,A01
201600055233,0.0,7,0,0.0,2.0,3.0,11.0,A01
201600033955,0.0,1,0,0.0,2.0,0.0,0.0,B01
200800029376,0.0,33,0,0.0,1.0,2.0,1.0,A01
201000053884,0.0,7,0,0.0,2.0,1.0,1.0,A01
200700060708,0.0,7,0,0.0,2.0,1.0,1.0,B02
201000041560,0.0,7,0,0.0,1.0,1.0,2.0,A01
200600002817,0.0,7,0,0.0,2.0,8.0,21.0,B01
200800052488,0.0,7,0,0.0,2.0,1.0,9.0,A01
200500015711,0.0,7,0,0.0,2.0,1.0,2.0,A01
201100064962,0.0,17,0,0.0,2.0,2.0,1.0,B01
201600022427,0.0,7,0,0.0,1.0,0.0,0.0,A01
201100063057,0.0,30,0,0.0,2.0,1.0,1.0,A01
200600070915,0.0,99,0,0.0,0.0,4.0,2.0,B01
201500017069,0.0,33,0,0.0,2.0,1.0,1.0,B02
201600027800,1.0,7,0,0.0,2.0,4.0,1.0,C01
200800052865,0.0,2,0,0.0,2.0,1.0,1.0,B01
201400002856,0.0,2,0,0.0,2.0,1.0,1.0,B02
201100028568,0.0,7,0,0.0,2.0,4.0,2.0,C01
201000030460,0.0,7,0,0.0,2.0,4.0,2.0,B01
200700049852,0.0,2,0,0.0,2.0,8.0,9.0,B01
200800039258,0.0,2,0,0.0,2.0,1.0,1.0,A01
201600010256,1.0,7,0,0.0,2.0,2.0,5.0,A01
201500011690,0.0,14,0,0.0,2.0,3.0,1.0,B02
200500028599,0.0,7,0,0.0,2.0,1.0,2.0,A01
201200025404,0.0,7,0,0.0,0.0,7.0,2.0,B01
201600030288,0.0,10,0,0.0,2.0,7.0,0.0,B01
200700068800,0.0,1,0,0.0,2.0,7.0,17.0,B01
200700019145,0.0,33,0,0.0,2.0,1.0,5.0,B02
200500045524,0.0,7,0,0.0,1.0,8.0,1.0,A01
200700064171,0.0,7,0,0.0,0.0,2.0,1.0,B01
200800006741,0.0,7,0,0.0,2.0,7.0,6.0,A01
201100053519,0.0,7,0,0.0,2.0,7.0,12.0,B01
200900063241,0.0,7,0,0.0,0.0,8.0,0.0,A01
201100063256,0.0,7,0,0.0,1.0,4.0,1.0,A01
201200028862,0.0,30,0,0.0,2.0,1.0,1.0,A01
201300050868,0.0,7,0,0.0,2.0,4.0,23.0,B01
200500032170,0.0,7,0,0.0,9.0,6.0,19.0,A01
201300037268,0.0,2,0,0.0,2.0,2.0,12.0,A01
200800024518,0.0,7,0,0.0,2.0,3.0,20.0,A01
200500056316,0.0,7,0,0.0,2.0,7.0,16.0,A01
200500015347,0.0,7,0,0.0,1.0,2.0,1.0,A01
201200011091,0.0,7,0,0.0,2.0,9.0,1.0,B01
201100055410,0.0,7,0,0.0,2.0,9.0,14.0,B01
200700022639,0.0,7,0,0.0,2.0,1.0,1.0,B01
201400058438,0.0,7,0,0.0,0.0,0.0,1.0,A01
200800027394,0.0,7,0,0.0,2.0,1.0,2.0,A01
201200051767,0.0,33,0,0.0,2.0,3.0,3.0,A01
201400039295,0.0,1,0,0.0,2.0,1.0,5.0,A01
200600045295,0.0,7,0,13.0,2.0,2.0,2.0,B02
200600011844,0.0,7,0,0.0,2.0,1.0,15.0,A01
200800006423,0.0,1,0,0.0,2.0,1.0,5.0,C03
201000059132,0.0,7,0,0.0,2.0,4.0,2.0,B01
201000062082,0.0,1,0,0.0,1.0,3.0,1.0,A01
200600018709,0.0,7,0,0.0,2.0,1.0,13.0,A01
200500002228,0.0,7,0,0.0,2.0,4.0,23.0,B01
201100017350,0.0,33,0,0.0,1.0,1.0,2.0,A01
200700023410,0.0,5,0,0.0,1.0,1.0,18.0,A01
200700001695,0.0,13,0,0.0,1.0,1.0,1.0,A01
200700055493,0.0,7,0,0.0,2.0,3.0,19.0,B01
201600027145,1.0,7,0,0.0,2.0,1.0,9.0,A01
201100056337,0.0,7,0,0.0,2.0,8.0,1.0,B01
201300000285,0.0,7,0,0.0,2.0,7.0,1.0,B02
201300007180,0.0,30,0,0.0,2.0,1.0,1.0,A01
201100013763,0.0,30,0,0.0,0.0,0.0,14.0,A01
201600022659,2.0,10,0,0.0,2.0,3.0,1.0,B01
201400047612,0.0,7,0,0.0,2.0,4.0,2.0,B01
200900016342,0.0,7,0,2.0,0.0,3.0,13.0,A01
200700029445,0.0,7,0,0.0,2.0,1.0,15.0,A01
201100041907,0.0,33,0,0.0,2.0,1.0,1.0,B01
200600025307,0.0,7,0,0.0,2.0,6.0,10.0,A01
200800033684,0.0,33,0,3.0,0.0,1.0,0.0,A01
200900062916,0.0,7,0,0.0,2.0,1.0,2.0,A01
201500031402,0.0,7,0,0.0,2.0,2.0,15.0,B01
201300010313,0.0,3,0,9.0,0.0,1.0,1.0,A01
200700029332,0.0,2,0,0.0,2.0,1.0,1.0,B01
201000008769,0.0,7,0,13.0,0.0,3.0,13.0,A01
201200051354,0.0,7,0,0.0,2.0,1.0,2.0,B01
200900064660,0.0,7,0,0.0,1.0,2.0,1.0,A01
201300003758,0.0,7,0,2.0,0.0,1.0,1.0,A01
200800019081,0.0,33,0,0.0,0.0,9.0,2.0,A01
200900035158,0.0,2,0,0.0,2.0,7.0,1.0,A01
201100025679,0.0,17,0,0.0,0.0,4.0,2.0,B02
201600058006,1.0,2,0,0.0,2.0,1.0,1.0,B02
201000057369,0.0,7,0,0.0,2.0,4.0,2.0,B01
200700080790,0.0,13,0,0.0,9.0,7.0,22.0,A01
200800025004,0.0,7,0,9.0,2.0,9.0,1.0,B01
200600026688,0.0,7,0,1.0,0.0,1.0,1.0,A01
201200047525,0.0,7,0,0.0,2.0,4.0,2.0,B01
201200038224,0.0,10,0,6.0,0.0,1.0,2.0,A01
201000041445,0.0,7,0,0.0,2.0,1.0,2.0,A01
200500008258,0.0,7,0,0.0,2.0,2.0,2.0,A01
201300006142,0.0,7,0,0.0,2.0,3.0,1.0,B02
201100064114,0.0,7,0,0.0,2.0,6.0,15.0,B01
201100011410,0.0,1,0,0.0,2.0,8.0,15.0,A01
201400040456,0.0,30,0,0.0,2.0,2.0,17.0,B01
201100024253,0.0,7,0,2.0,0.0,1.0,1.0,A01
201500007613,0.0,30,0,0.0,2.0,2.0,1.0,A01
201300003917,0.0,1,0,0.0,2.0,3.0,1.0,B02
201600024146,2.0,7,0,6.0,0.0,1.0,18.0,A01
201000065565,0.0,10,0,0.0,2.0,8.0,22.0,A01
201600019448,1.0,7,0,0.0,2.0,7.0,15.0,B02
200600016311,0.0,7,0,8.0,0.0,2.0,1.0,A01
201600014327,1.0,7,0,0.0,2.0,3.0,15.0,A01
200900065989,0.0,7,0,0.0,2.0,2.0,0.0,A01
201500056266,0.0,33,0,0.0,2.0,1.0,11.0,A01
200500067786,0.0,7,0,0.0,2.0,4.0,7.0,C01
201000003051,0.0,7,0,0.0,0.0,4.0,15.0,B02
201600008777,2.0,7,0,2.0,0.0,2.0,1.0,A01
201400019913,0.0,7,0,1.0,0.0,0.0,2.0,A01
201100036687,0.0,1,0,0.0,0.0,1.0,24.0,B01
201400014737,0.0,30,0,0.0,2.0,1.0,1.0,B01
200700063840,0.0,7,0,0.0,1.0,0.0,20.0,A01
200800054786,0.0,7,0,0.0,2.0,7.0,0.0,B01
200600076763,0.0,30,0,1.0,0.0,1.0,14.0,A01
201000031817,0.0,7,0,0.0,2.0,1.0,1.0,A01
201200043984,0.0,7,0,0.0,1.0,1.0,0.0,A01
201100046800,0.0,7,0,1.0,1.0,3.0,16.0,A01
200700002302,0.0,1,0,0.0,0.0,0.0,13.0,B01
200500049561,0.0,7,0,0.0,2.0,3.0,1.0,A01
201300043706,0.0,7,0,0.0,2.0,7.0,16.0,B01
200700044535,0.0,2,0,0.0,0.0,1.0,1.0,A01
201500047067,0.0,7,0,0.0,2.0,8.0,11.0,A01
201600012330,1.0,17,0,0.0,2.0,0.0,2.0,A01
200800045723,0.0,30,0,15.0,0.0,0.0,1.0,A01
200800003894,0.0,7,0,0.0,1.0,3.0,1.0,A01
201200059789,0.0,7,0,0.0,2.0,1.0,2.0,A01
200500011951,0.0,7,0,0.0,1.0,2.0,19.0,A01
201000040854,0.0,31,0,0.0,2.0,1.0,1.0,B01
200700072097,0.0,7,0,0.0,0.0,8.0,2.0,A01
201000052662,0.0,10,0,0.0,0.0,4.0,2.0,B01
200800040600,0.0,7,0,0.0,2.0,2.0,1.0,B01
201200015183,0.0,30,0,0.0,2.0,4.0,1.0,B01
201000007809,0.0,33,0,0.0,2.0,1.0,2.0,A01
200700084143,0.0,7,0,2.0,0.0,8.0,1.0,A01
201200023038,0.0,14,0,0.0,2.0,1.0,17.0,A01
201600012906,1.0,7,0,0.0,2.0,2.0,1.0,A01
201200018824,0.0,2,0,0.0,2.0,1.0,9.0,A02
200600051436,0.0,7,0,0.0,2.0,1.0,1.0,A01
201500003673,0.0,7,0,13.0,0.0,1.0,13.0,A01
200800024450,0.0,7,0,1.0,2.0,7.0,1.0,A01
200700076680,0.0,7,0,0.0,0.0,6.0,2.0,B01
201000047336,0.0,7,0,0.0,2.0,2.0,19.0,A01
201500049556,0.0,7,0,0.0,2.0,8.0,11.0,A01
200500046391,0.0,7,0,0.0,1.0,1.0,1.0,A01
200700016981,0.0,7,0,0.0,2.0,1.0,13.0,A01
201100036670,0.0,10,0,0.0,0.0,6.0,1.0,B01
200700010137,0.0,7,0,0.0,2.0,8.0,15.0,A01
200500065124,0.0,7,0,1.0,0.0,1.0,0.0,A01
201200052220,0.0,30,0,0.0,1.0,2.0,1.0,A01
200500026686,0.0,5,0,13.0,0.0,3.0,14.0,B02
201200054226,0.0,7,0,0.0,2.0,3.0,16.0,A01
201200056908,0.0,1,0,0.0,2.0,8.0,19.0,B01
200800017411,0.0,10,0,0.0,2.0,3.0,9.0,A01
201600005929,1.0,7,0,16.0,0.0,9.0,1.0,A01
201600017092,2.0,21,0,0.0,2.0,3.0,15.0,A01
200900036058,0.0,32,0,0.0,2.0,8.0,1.0,B01
201200045554,0.0,7,0,0.0,2.0,1.0,0.0,A01
201300028076,0.0,7,0,2.0,0.0,3.0,1.0,A01
201500050168,0.0,7,0,0.0,0.0,8.0,1.0,A01
200900001316,0.0,7,0,0.0,9.0,0.0,9.0,A01
201300009472,0.0,7,0,0.0,2.0,1.0,13.0,A01
201000000794,0.0,7,0,0.0,1.0,2.0,15.0,A01
201000054901,0.0,10,0,0.0,2.0,1.0,2.0,A01
201600002199,2.0,7,0,13.0,0.0,9.0,1.0,A01
200600074111,0.0,7,0,0.0,2.0,3.0,17.0,B02
200800048185,0.0,33,0,2.0,0.0,1.0,1.0,A01
201300042377,0.0,30,0,0.0,2.0,1.0,1.0,A01
201300004687,0.0,7,0,0.0,2.0,3.0,13.0,A01
200600033730,0.0,2,0,1.0,0.0,1.0,1.0,A01
201000011276,0.0,7,0,2.0,0.0,2.0,14.0,A01
201400021910,0.0,7,0,0.0,0.0,7.0,1.0,A01
200600048686,0.0,2,0,0.0,2.0,3.0,15.0,B01
201100006022,0.0,7,0,0.0,2.0,2.0,6.0,A01
201500044665,0.0,31,0,0.0,2.0,8.0,1.0,B01
201500055298,1.0,7,0,0.0,2.0,1.0,1.0,Z01
201000047953,0.0,7,0,0.0,2.0,1.0,1.0,A01
200800057832,0.0,7,0,0.0,2.0,8.0,1.0,B01
200600008437,0.0,7,0,0.0,2.0,2.0,16.0,B01
201300052295,0.0,30,0,0.0,2.0,1.0,1.0,B01
200900048888,0.0,1,0,0.0,2.0,1.0,1.0,B01
200800057487,0.0,7,0,0.0,1.0,1.0,0.0,A01
201400001692,0.0,10,0,0.0,0.0,3.0,13.0,A01
200900037624,0.0,7,0,0.0,2.0,3.0,1.0,A01
200600066010,0.0,33,0,0.0,2.0,7.0,19.0,B01
201300044867,0.0,7,0,0.0,2.0,1.0,1.0,B01
200800033342,0.0,7,0,0.0,2.0,1.0,1.0,B01
201200058541,1.0,7,0,0.0,2.0,0.0,16.0,Z01
200700006017,1.0,7,0,0.0,2.0,0.0,14.0,B01
200500080821,1.0,7,0,0.0,1.0,0.0,4.0,A01
201000058684,0.0,10,0,0.0,2.0,4.0,2.0,B01
201600048092,2.0,7,0,0.0,2.0,4.0,1.0,B01
200800020978,0.0,2,0,0.0,2.0,8.0,19.0,A01
201500016257,0.0,7,0,0.0,0.0,1.0,1.0,A01
200800075929,0.0,30,0,0.0,2.0,1.0,5.0,A01
200900066933,0.0,10,0,0.0,0.0,1.0,1.0,B01
200700044653,0.0,7,0,0.0,9.0,5.0,15.0,A01
201400023672,0.0,7,0,0.0,2.0,3.0,15.0,A01
200600059528,0.0,7,0,3.0,2.0,2.0,14.0,A01
201000021421,0.0,7,0,0.0,1.0,1.0,1.0,A01
200700082952,0.0,2,0,0.0,2.0,1.0,2.0,A01
200700059800,0.0,31,0,0.0,2.0,1.0,2.0,B01
201500047616,0.0,7,0,4.0,0.0,1.0,1.0,A01
200900061828,0.0,7,0,0.0,2.0,0.0,1.0,A01
200600047867,0.0,7,0,0.0,2.0,3.0,0.0,A01
201000022734,0.0,7,0,0.0,0.0,5.0,2.0,B01
201500012347,0.0,10,0,0.0,2.0,2.0,2.0,A01
200600040834,0.0,7,0,3.0,0.0,1.0,1.0,A01
200600022561,0.0,99,0,0.0,2.0,1.0,0.0,B01
200900018756,0.0,10,0,6.0,0.0,3.0,1.0,A01
200600083475,0.0,7,0,0.0,2.0,1.0,1.0,B02
200500038828,0.0,5,0,0.0,2.0,7.0,17.0,A01
201100004403,0.0,7,0,0.0,2.0,1.0,1.0,B02
200900026771,0.0,33,0,0.0,2.0,2.0,1.0,B01
200800006544,0.0,33,0,0.0,2.0,1.0,19.0,B02
200600035572,0.0,7,0,0.0,2.0,8.0,15.0,A01
200700057224,0.0,7,0,0.0,2.0,1.0,1.0,B01
201500022207,0.0,7,0,0.0,2.0,1.0,15.0,A01
200600078933,0.0,7,0,0.0,1.0,1.0,1.0,A01
201300001631,0.0,7,0,0.0,1.0,3.0,15.0,A01
201200042048,0.0,7,0,0.0,2.0,8.0,1.0,B01
201000050399,0.0,7,0,0.0,0.0,1.0,16.0,A01
200700070085,0.0,7,0,0.0,2.0,1.0,1.0,B01
200600061943,0.0,7,0,0.0,2.0,8.0,22.0,A01
201000025860,0.0,14,0,0.0,2.0,5.0,2.0,B02
201600038310,0.0,7,0,0.0,2.0,1.0,2.0,A01
200500003359,0.0,1,0,0.0,2.0,0.0,0.0,B01
200800028830,0.0,7,0,0.0,2.0,1.0,1.0,A01
200700016728,0.0,7,0,0.0,1.0,2.0,1.0,A01
201100041882,0.0,7,0,0.0,1.0,2.0,1.0,A01
200900026650,0.0,7,0,0.0,2.0,3.0,19.0,A01
200700050901,0.0,1,0,0.0,2.0,1.0,0.0,B01
201500011078,0.0,7,0,0.0,1.0,3.0,1.0,A01
200500052129,0.0,2,0,0.0,2.0,1.0,1.0,B01
200900044150,0.0,7,0,0.0,2.0,1.0,13.0,A01
201100052163,0.0,33,0,0.0,2.0,1.0,2.0,B01
200500026504,0.0,7,0,0.0,2.0,3.0,13.0,A01
201300012995,0.0,30,0,0.0,0.0,0.0,0.0,A01
200500020436,0.0,7,0,0.0,2.0,1.0,1.0,B01
201000033900,0.0,7,0,0.0,2.0,1.0,21.0,A01
200500034706,0.0,1,0,0.0,2.0,3.0,1.0,B01
200600002419,0.0,4,0,0.0,0.0,0.0,7.0,A01