Num_Acc,senc,catv,occutc,obs,obsm,choc,manv,num_veh
201200017702,0.0,7,0,0.0,2.0,2.0,1.0,B02
201000052926,0.0,7,0,0.0,0.0,4.0,1.0,B01
201500020492,0.0,7,0,0.0,1.0,1.0,1.0,A01
200600048641,0.0,7,0,4.0,0.0,2.0,1.0,A01
200900037604,0.0,7,0,0.0,1.0,0.0,4.0,A01
201300007940,0.0,7,0,0.0,0.0,4.0,1.0,B02
200900046245,0.0,7,0,0.0,2.0,1.0,15.0,A01
201500019506,0.0,7,0,0.0,0.0,4.0,2.0,A01
200500009457,0.0,5,0,0.0,2.0,1.0,2.0,A01
200700013442,0.0,7,0,0.0,2.0,2.0,10.0,A01
200500009252,0.0,15,0,0.0,2.0,1.0,2.0,A01
200900049481,0.0,2,0,0.0,2.0,1.0,15.0,B01
201200043635,0.0,32,0,0.0,0.0,7.0,0.0,A01
200800061156,0.0,7,0,3.0,0.0,0.0,0.0,A01
200600023973,0.0,7,0,0.0,2.0,1.0,1.0,B02
200700030244,0.0,7,0,0.0,0.0,0.0,10.0,A01
200500017699,0.0,5,0,0.0,2.0,1.0,1.0,B01
201500029536,0.0,7,0,0.0,2.0,2.0,16.0,A01
201000032361,0.0,7,0,0.0,1.0,3.0,13.0,A01
201300035512,0.0,2,0,14.0,0.0,1.0,1.0,A01
200700068046,0.0,7,0,0.0,2.0,3.0,2.0,B01
201000016272,0.0,7,0,0.0,2.0,3.0,10.0,A01
200800008713,0.0,7,0,0.0,2.0,2.0,1.0,B01
200800049946,0.0,7,0,0.0,2.0,4.0,15.0,A01
201400028173,0.0,7,0,0.0,2.0,1.0,1.0,A01
201200003638,0.0,7,0,0.0,0.0,0.0,15.0,A01
201300031907,1.0,7,0,0.0,1.0,0.0,0.0,Z01
201300000691,0.0,33,0,0.0,2.0,1.0,19.0,B02
201100028475,0.0,7,0,8.0,2.0,1.0,1.0,A01
200700039343,0.0,7,0,0.0,0.0,8.0,1.0,B02
201500025413,0.0,7,0,0.0,1.0,1.0,1.0,A01
200900070312,0.0,33,0,0.0,0.0,1.0,1.0,A01
200900036330,0.0,31,0,14.0,0.0,8.0,1.0,A01
201400005941,0.0,7,0,0.0,1.0,3.0,13.0,A01
201400023844,0.0,31,0,0.0,2.0,8.0,1.0,B01
200600020721,1.0,7,0,0.0,0.0,0.0,1.0,A01
200700061599,0.0,10,0,0.0,2.0,2.0,15.0,A01
201400023276,0.0,33,0,8.0,0.0,2.0,0.0,A01
201400040155,0.0,7,0,0.0,2.0,4.0,20.0,B01
200800064648,0.0,7,0,0.0,2.0,1.0,15.0,B01
201100051083,0.0,37,5,0.0,2.0,2.0,17.0,A01
200700062634,0.0,7,0,0.0,1.0,2.0,1.0,A01
200800042006,0.0,34,0,0.0,0.0,1.0,1.0,B01
200900004822,0.0,30,0,0.0,2.0,1.0,6.0,A01
200800064522,0.0,7,0,0.0,2.0,3.0,9.0,A01
201600053363,1.0,30,0,0.0,0.0,7.0,1.0,A01
200500005459,0.0,7,0,8.0,2.0,3.0,1.0,B01
200800026252,0.0,1,0,0.0,0.0,1.0,11.0,B01
201200033721,0.0,7,0,0.0,2.0,1.0,19.0,A01
201400002102,0.0,7,0,0.0,2.0,1.0,1.0,A01
200600009795,0.0,7,0,0.0,0.0,2.0,19.0,A01
201400024954,0.0,7,0,0.0,2.0,1.0,1.0,B01
200600018501,0.0,7,0,8.0,0.0,8.0,14.0,A01
200600052632,0.0,33,0,8.0,0.0,3.0,13.0,A01
200500028172,0.0,7,0,0.0,1.0,2.0,2.0,A01
200600043965,0.0,10,0,3.0,0.0,2.0,1.0,C03
200500033361,0.0,7,0,0.0,1.0,0.0,16.0,A01
201500026251,0.0,33,0,8.0,0.0,1.0,1.0,A01
200700078183,0.0,7,0,0.0,2.0,2.0,1.0,B01
201200059277,0.0,1,0,0.0,2.0,8.0,15.0,B01
200600025509,0.0,7,0,0.0,1.0,1.0,1.0,A01
201100024498,0.0,7,0,0.0,2.0,3.0,1.0,B01
201400014059,0.0,7,0,0.0,2.0,3.0,13.0,A01
200500078465,0.0,2,0,0.0,0.0,2.0,1.0,B02
200600072950,0.0,1,0,0.0,2.0,1.0,1.0,B02
201100043144,0.0,14,0,0.0,1.0,3.0,1.0,A01
201300003768,0.0,7,0,0.0,2.0,2.0,1.0,B01
200600001641,0.0,7,0,0.0,2.0,3.0,17.0,A01
200500039535,0.0,7,0,0.0,2.0,3.0,5.0,A01
201200012719,0.0,7,0,0.0,0.0,9.0,1.0,A01
200700027505,0.0,7,0,0.0,2.0,8.0,1.0,B01
200900069951,0.0,7,0,0.0,0.0,5.0,12.0,A01
200500049832,0.0,2,0,0.0,0.0,8.0,15.0,A01
201000050269,0.0,7,0,0.0,0.0,2.0,12.0,A01
200700056103,0.0,33,0,0.0,0.0,0.0,1.0,A01
201200003887,0.0,7,0,0.0,2.0,8.0,15.0,B02
201100014753,0.0,30,0,0.0,1.0,1.0,17.0,A01
201000042963,1.0,31,0,0.0,2.0,0.0,0.0,Z01
201100045042,0.0,31,0,0.0,2.0,8.0,18.0,A01
201500051118,0.0,34,0,0.0,1.0,1.0,1.0,A01
201600027202,0.0,7,0,0.0,2.0,3.0,1.0,B01
201600008061,1.0,7,0,0.0,2.0,1.0,1.0,C03
201000025642,0.0,30,0,0.0,0.0,0.0,1.0,A01
200500023994,0.0,1,0,0.0,2.0,0.0,15.0,B02
201400033694,0.0,7,0,0.0,2.0,1.0,1.0,B01
201300005329,0.0,7,0,0.0,2.0,8.0,15.0,B02
201300007866,0.0,7,0,0.0,2.0,2.0,1.0,B02
201500045043,0.0,33,0,0.0,2.0,8.0,3.0,A01
201100020787,0.0,7,0,0.0,1.0,2.0,1.0,A01
201400038914,0.0,1,0,0.0,2.0,0.0,0.0,B01
201300034288,0.0,33,0,0.0,2.0,6.0,1.0,A01
201200035759,0.0,33,0,0.0,2.0,1.0,1.0,B01
200800047760,0.0,33,0,6.0,0.0,1.0,1.0,A01
200900066698,0.0,7,0,0.0,2.0,1.0,1.0,B02
200700057345,0.0,33,0,0.0,2.0,1.0,1.0,B01
201500051340,0.0,7,0,0.0,2.0,1.0,10.0,A01
201000067688,0.0,34,0,0.0,2.0,1.0,12.0,A01
200800055459,0.0,7,0,2.0,0.0,1.0,1.0,A01
200500067829,0.0,5,0,0.0,2.0,1.0,1.0,A01
200900037096,0.0,31,0,0.0,2.0,4.0,2.0,B01
201500048576,0.0,7,0,0.0,2.0,1.0,1.0,A01
200600063895,2.0,7,0,8.0,2.0,2.0,1.0,A01
201600001259,0.0,33,0,0.0,0.0,3.0,13.0,B02
201200055103,0.0,7,0,0.0,1.0,8.0,1.0,A01
200700029017,0.0,7,0,0.0,2.0,1.0,2.0,B01
201000018621,0.0,7,0,0.0,2.0,3.0,11.0,A01
201000033218,0.0,7,0,0.0,2.0,2.0,2.0,A01
201000057396,0.0,15,0,4.0,0.0,2.0,2.0,A01
201200001216,0.0,7,0,6.0,2.0,1.0,1.0,A01
201500032929,0.0,7,0,0.0,2.0,3.0,15.0,A01
200600035386,0.0,10,0,0.0,1.0,1.0,1.0,A01
200500038917,0.0,9,0,0.0,0.0,1.0,1.0,C03
201200031859,0.0,7,0,6.0,0.0,1.0,1.0,A01
201400048041,0.0,7,0,0.0,2.0,3.0,1.0,B01
200600020292,0.0,1,0,0.0,2.0,7.0,1.0,B01
201600046839,2.0,7,0,1.0,2.0,2.0,1.0,A01
201200002476,0.0,7,0,0.0,2.0,1.0,13.0,A01
200700024135,0.0,7,0,0.0,9.0,3.0,15.0,B01
201100064576,0.0,33,0,0.0,0.0,0.0,11.0,A01
201200028824,0.0,14,0,0.0,2.0,4.0,2.0,B01
200500020360,0.0,5,0,0.0,2.0,8.0,17.0,B01
201200013416,0.0,34,0,0.0,9.0,0.0,0.0,A01
200600026703,0.0,7,0,0.0,2.0,1.0,15.0,A01
200700025598,0.0,7,0,0.0,2.0,6.0,1.0,B02
201000043018,0.0,7,0,0.0,2.0,8.0,15.0,A01
200500029808,0.0,1,0,0.0,0.0,1.0,1.0,B01
200700063533,0.0,7,0,0.0,2.0,3.0,9.0,A01
200500003437,0.0,7,0,0.0,2.0,8.0,1.0,B01
201000027965,0.0,7,0,0.0,2.0,3.0,1.0,B01
201100052545,0.0,7,0,0.0,2.0,1.0,0.0,G01
201300042676,0.0,33,0,0.0,2.0,1.0,0.0,A01
201400001313,0.0,33,0,0.0,2.0,7.0,1.0,B02
200500011142,0.0,10,0,0.0,2.0,1.0,1.0,B02
200500038907,0.0,7,0,0.0,2.0,1.0,1.0,B02
201000051401,0.0,7,0,0.0,0.0,4.0,23.0,B01
201300022064,0.0,2,0,0.0,2.0,1.0,1.0,B01
201100042432,0.0,7,0,0.0,2.0,1.0,15.0,A01
201300058319,0.0,30,0,0.0,0.0,1.0,0.0,A01
201400057789,0.0,10,0,0.0,2.0,3.0,13.0,B01
201300028187,0.0,7,0,0.0,1.0,1.0,1.0,A01
200700011269,0.0,7,0,1.0,2.0,1.0,1.0,B01
201400013877,0.0,30,0,0.0,2.0,0.0,17.0,B01
200700058652,0.0,10,0,0.0,2.0,3.0,1.0,B01
201000047368,0.0,7,0,0.0,0.0,9.0,0.0,A01
200800054037,2.0,7,0,4.0,0.0,9.0,13.0,A01
200700071841,0.0,17,0,0.0,2.0,1.0,2.0,B01
201100020712,0.0,10,0,0.0,2.0,5.0,1.0,B01
201400059416,0.0,7,0,0.0,2.0,1.0,1.0,B01
201600041344,0.0,7,0,0.0,2.0,2.0,2.0,A01
201600032903,2.0,7,0,0.0,2.0,8.0,1.0,A01
200500029525,0.0,7,0,0.0,2.0,4.0,1.0,B01
201500036501,0.0,7,0,0.0,2.0,1.0,1.0,A01
201000010969,0.0,7,0,0.0,9.0,3.0,13.0,A01
200600029533,0.0,33,0,0.0,2.0,8.0,1.0,A01
200500016865,0.0,10,0,0.0,2.0,1.0,2.0,A01
200500081260,0.0,7,0,0.0,0.0,2.0,0.0,B01
200600024422,0.0,17,0,3.0,0.0,7.0,6.0,A01
201600007730,1.0,7,0,0.0,1.0,1.0,1.0,A01
201000015712,0.0,33,0,0.0,2.0,1.0,17.0,B01
200600047828,0.0,7,0,0.0,2.0,1.0,1.0,B01
201000034674,0.0,7,0,0.0,2.0,1.0,1.0,A01
200500059285,0.0,2,0,14.0,0.0,1.0,1.0,A01
200700037776,1.0,7,0,0.0,0.0,0.0,0.0,A01
200700059369,0.0,33,0,0.0,2.0,2.0,1.0,B01
201000015322,0.0,10,0,0.0,2.0,8.0,1.0,B01
201500024160,0.0,7,0,1.0,1.0,0.0,1.0,A01
201300002009,0.0,14,0,0.0,0.0,1.0,1.0,A01
200500044675,0.0,5,0,14.0,0.0,0.0,0.0,B01
200800024267,0.0,7,0,12.0,1.0,8.0,1.0,A01
200700048215,0.0,7,0,0.0,2.0,8.0,1.0,B02
201400001320,0.0,7,0,0.0,2.0,3.0,17.0,A01
201000021319,0.0,7,0,13.0,0.0,9.0,21.0,A01
201000067722,0.0,30,0,0.0,2.0,1.0,2.0,A01
201500020490,0.0,2,0,0.0,2.0,1.0,1.0,B01
201000000006,0.0,7,0,0.0,0.0,4.0,1.0,C03
200700014255,0.0,7,0,0.0,2.0,4.0,23.0,B01
201100036797,0.0,7,0,0.0,1.0,1.0,1.0,A01
201100014660,0.0,2,0,0.0,2.0,1.0,1.0,B01
200500046584,0.0,10,0,0.0,2.0,2.0,1.0,A01
200600081590,0.0,2,0,0.0,2.0,1.0,0.0,B01
201600041577,0.0,7,0,0.0,4.0,8.0,0.0,A01
201500020851,0.0,7,0,0.0,2.0,1.0,1.0,A01
200700023457,0.0,7,0,6.0,0.0,1.0,15.0,A01
200600011466,0.0,7,0,0.0,1.0,2.0,2.0,A01
200900037519,0.0,30,0,0.0,2.0,3.0,1.0,B02
200700030460,0.0,1,0,0.0,2.0,4.0,2.0,B01
200500003146,0.0,7,0,12.0,0.0,2.0,21.0,B01
200800028773,0.0,7,0,0.0,2.0,2.0,1.0,B02
201500036094,0.0,7,0,0.0,0.0,0.0,0.0,A01
201200036034,0.0,7,0,0.0,2.0,6.0,1.0,D01
201500036210,0.0,7,0,0.0,0.0,0.0,2.0,D01
201000018340,0.0,7,0,0.0,2.0,2.0,1.0,A01
200500059669,0.0,7,0,0.0,2.0,4.0,1.0,B01
201200036084,0.0,7,0,0.0,2.0,2.0,20.0,A01
200600013431,0.0,4,0,0.0,2.0,3.0,1.0,B01
201000024589,0.0,7,0,0.0,2.0,1.0,1.0,B02
200900010106,0.0,10,0,0.0,0.0,8.0,1.0,B02
201300041489,0.0,30,0,0.0,2.0,3.0,1.0,B01
201400037153,0.0,7,0,0.0,2.0,3.0,9.0,A01
201600025912,0.0,7,0,8.0,0.0,2.0,0.0,A01
200900000288,0.0,2,0,0.0,9.0,0.0,21.0,A01
200700026164,0.0,7,0,0.0,0.0,0.0,0.0,A01
200600036216,0.0,33,0,0.0,2.0,1.0,1.0,B01
201300015656,0.0,30,0,0.0,2.0,0.0,17.0,B01
201600033673,2.0,7,0,0.0,1.0,4.0,4.0,A01
200900051580,0.0,7,0,0.0,2.0,1.0,1.0,B02
200600051722,0.0,7,0,0.0,0.0,7.0,15.0,A01
200500037951,0.0,7,0,0.0,2.0,1.0,21.0,A01
201500056554,0.0,7,0,0.0,1.0,3.0,0.0,A01
201000015259,0.0,7,0,0.0,2.0,6.0,10.0,A01
200500066612,0.0,7,0,0.0,0.0,0.0,15.0,A01
200600037354,0.0,7,0,0.0,2.0,1.0,1.0,C01
201600025573,2.0,7,0,0.0,2.0,1.0,0.0,A01
200500070761,0.0,2,0,0.0,0.0,1.0,1.0,A01
201300001281,0.0,10,0,0.0,2.0,3.0,21.0,B02
201300008555,0.0,7,0,0.0,2.0,3.0,1.0,B02
200600039807,0.0,7,0,0.0,1.0,1.0,0.0,A01
201000029265,0.0,7,0,0.0,0.0,5.0,1.0,B01
200700026127,0.0,7,0,0.0,0.0,1.0,1.0,B02
201000066964,0.0,7,0,0.0,2.0,1.0,2.0,A01
201600035820,2.0,1,0,0.0,2.0,1.0,13.0,A01
200500068965,0.0,7,0,0.0,2.0,5.0,15.0,A01
201300031330,0.0,1,0,0.0,2.0,0.0,16.0,B01
200800041835,0.0,10,0,14.0,1.0,7.0,1.0,A01
200700063981,0.0,2,0,0.0,2.0,2.0,1.0,B01
201600014771,2.0,7,0,0.0,2.0,6.0,1.0,B01
200800036777,0.0,7,0,0.0,0.0,4.0,1.0,C03
200500087879,0.0,2,0,0.0,2.0,1.0,0.0,B01
200600028816,0.0,7,0,0.0,2.0,3.0,13.0,A01
200600057749,0.0,7,0,0.0,0.0,4.0,0.0,A01
201400049098,0.0,33,0,0.0,2.0,1.0,3.0,B01
200800014599,0.0,7,0,4.0,0.0,0.0,0.0,A01
201300018221,0.0,1,0,0.0,2.0,1.0,18.0,A01
200600056544,0.0,7,0,0.0,2.0,3.0,15.0,B01
200500009682,0.0,10,0,0.0,2.0,5.0,1.0,B01
201000002673,0.0,7,0,2.0,0.0,1.0,1.0,A01
201000008459,0.0,7,0,0.0,2.0,1.0,13.0,A01
200900000562,0.0,7,0,0.0,1.0,3.0,1.0,A01
201300049307,0.0,15,0,0.0,0.0,7.0,1.0,B01
201000000036,0.0,7,0,0.0,1.0,1.0,16.0,A01
201600050377,1.0,7,0,0.0,2.0,4.0,23.0,B01
200700014638,0.0,7,0,0.0,0.0,4.0,23.0,B01
201300032543,0.0,31,0,0.0,2.0,1.0,1.0,B01
201100021409,0.0,32,0,0.0,2.0,2.0,15.0,A01
201300029306,0.0,1,0,0.0,2.0,4.0,19.0,B01
200900069216,0.0,37,0,0.0,0.0,7.0,1.0,A01
200800025313,0.0,3,0,0.0,2.0,1.0,1.0,B01
200700029444,0.0,7,0,0.0,2.0,3.0,1.0,B01
200500082007,0.0,7,0,0.0,2.0,3.0,15.0,A01
201600007512,1.0,7,0,0.0,2.0,2.0,17.0,A01
200500045953,0.0,7,0,0.0,2.0,8.0,15.0,B01
200600046248,0.0,7,0,0.0,2.0,1.0,13.0,A01
200600081643,0.0,7,0,0.0,2.0,0.0,1.0,A01
201500025690,0.0,7,0,0.0,2.0,3.0,1.0,C01
201500047880,0.0,7,0,0.0,2.0,4.0,2.0,C01
201300018448,0.0,33,0,0.0,2.0,1.0,13.0,A01
201000052969,0.0,7,0,0.0,2.0,2.0,2.0,A01
201300012408,0.0,7,0,0.0,0.0,4.0,1.0,A01
200900057692,0.0,7,0,0.0,2.0,3.0,1.0,B01
200600014187,0.0,7,0,2.0,0.0,1.0,1.0,A01
201200011321,0.0,7,0,0.0,2.0,1.0,9.0,B01
200800076629,0.0,7,0,0.0,2.0,1.0,1.0,B02
200700061264,0.0,14,0,0.0,0.0,0.0,15.0,B02
200500076469,0.0,5,0,0.0,2.0,1.0,17.0,B01
200800066674,2.0,7,0,0.0,2.0,1.0,1.0,A01
201300054421,0.0,7,0,0.0,1.0,4.0,20.0,A01
200500037040,0.0,7,0,0.0,2.0,2.0,15.0,A01
200500014948,0.0,5,0,0.0,2.0,7.0,1.0,B01
200500006843,0.0,7,0,0.0,2.0,3.0,19.0,A01
200800036448,0.0,17,0,13.0,0.0,8.0,1.0,A01
200900056700,0.0,7,0,0.0,2.0,3.0,9.0,A01
201200025586,0.0,7,0,0.0,2.0,1.0,1.0,A01
201500017336,0.0,7,0,0.0,2.0,8.0,23.0,B02
200800010636,0.0,31,0,0.0,0.0,8.0,2.0,A01
201000058426,0.0,7,0,4.0,2.0,1.0,17.0,A01
200900047859,0.0,30,0,0.0,2.0,1.0,17.0,A01
200700061771,0.0,7,0,0.0,2.0,3.0,10.0,A01
200700078578,0.0,7,0,0.0,2.0,0.0,1.0,A01
200900073169,0.0,7,0,0.0,2.0,2.0,13.0,A01
201600012176,2.0,7,0,3.0,0.0,3.0,17.0,A01
200800039881,0.0,7,0,0.0,0.0,8.0,10.0,A01
201200034834,0.0,10,0,0.0,2.0,1.0,1.0,A01
200800059692,0.0,7,0,0.0,2.0,1.0,1.0,B01
200800058696,0.0,2,0,0.0,2.0,0.0,17.0,B01
200600075395,0.0,10,0,0.0,2.0,6.0,10.0,A01
201400004718,0.0,1,0,0.0,2.0,1.0,1.0,B02
200600076759,0.0,13,0,0.0,2.0,6.0,1.0,B01
200600057651,0.0,33,0,0.0,2.0,8.0,1.0,B01
200500075181,0.0,4,0,14.0,0.0,1.0,7.0,A01
200900037275,0.0,33,0,13.0,0.0,1.0,1.0,A01
200600008070,0.0,7,0,0.0,2.0,3.0,1.0,B01
201100044558,0.0,7,0,0.0,1.0,1.0,15.0,A01
201600008236,1.0,7,0,0.0,2.0,1.0,15.0,B02
201500013430,0.0,7,0,0.0,2.0,3.0,1.0,B01
201400014489,0.0,7,0,0.0,2.0,4.0,2.0,B01
201400050306,0.0,7,0,12.0,0.0,0.0,1.0,A01
201100028544,0.0,7,0,0.0,0.0,5.0,2.0,C01
200700029204,0.0,7,0,0.0,2.0,1.0,15.0,A01
200500006152,0.0,7,0,0.0,2.0,2.0,1.0,A01
200500077922,0.0,7,0,0.0,2.0,3.0,1.0,A01
201500034215,0.0,33,0,0.0,2.0,1.0,1.0,B01
201500023073,0.0,7,0,4.0,0.0,1.0,0.0,A01
201500049250,0.0,7,0,0.0,2.0,4.0,2.0,B01
200900003724,0.0,7,0,0.0,2.0,3.0,1.0,B02
201200049508,1.0,7,0,0.0,0.0,0.0,20.0,Z01
200500052636,0.0,2,0,0.0,2.0,3.0,7.0,A01
201100025482,0.0,7,0,0.0,2.0,1.0,16.0,A01
200500047627,0.0,7,0,0.0,2.0,4.0,1.0,B01
201000003221,0.0,33,0,0.0,2.0,1.0,17.0,B02
200900057531,0.0,10,0,0.0,1.0,7.0,1.0,A01
201400027998,0.0,10,0,0.0,2.0,1.0,1.0,A01
201000021320,0.0,7,0,0.0,2.0,1.0,2.0,B01
200800047568,0.0,7,0,0.0,2.0,4.0,2.0,A01
201200058269,0.0,7,0,0.0,2.0,1.0,1.0,B01
200800024708,0.0,7,0,0.0,2.0,1.0,15.0,A01
200600055860,0.0,7,0,0.0,2.0,8.0,9.0,A01
200800076433,0.0,7,0,0.0,2.0,0.0,2.0,B01
200500072381,0.0,7,0,0.0,2.0,3.0,9.0,A01
201100035709,0.0,7,0,0.0,2.0,2.0,1.0,A01
200900041011,0.0,10,0,0.0,1.0,6.0,4.0,A01
201000033445,0.0,30,0,0.0,2.0,1.0,17.0,A01
201200043824,0.0,7,0,0.0,1.0,3.0,0.0,A01
201000017397,0.0,7,0,15.0,0.0,9.0,2.0,A01
200600001309,0.0,7,0,0.0,2.0,1.0,1.0,A01
201200025939,0.0,7,0,0.0,2.0,1.0,1.0,B01
201300006731,0.0,7,0,2.0,0.0,3.0,13.0,A01
201500050904,0.0,3,0,0.0,2.0,4.0,23.0,B01
201400033837,0.0,7,0,13.0,0.0,9.0,1.0,A01
200700021262,0.0,7,0,0.0,2.0,3.0,15.0,A01
200800037289,0.0,1,0,0.0,0.0,6.0,1.0,B02
200600007751,1.0,7,0,0.0,2.0,0.0,15.0,A01
201600032569,1.0,7,0,0.0,2.0,0.0,0.0,Z01
200700058922,0.0,33,0,1.0,0.0,0.0,1.0,A01
200600013430,0.0,5,0,0.0,2.0,1.0,1.0,B01
200500067821,0.0,7,0,0.0,1.0,2.0,17.0,A01
200600048517,0.0,7,0,0.0,2.0,6.0,16.0,A01
200600011587,0.0,7,0,0.0,2.0,3.0,2.0,A01
200800050902,0.0,7,0,0.0,1.0,3.0,15.0,A01
201200048156,0.0,7,0,0.0,2.0,1.0,1.0,A01
201400026139,0.0,7,0,0.0,2.0,1.0,1.0,A01
200800011885,0.0,7,0,0.0,2.0,1.0,1.0,B01
200600064161,0.0,14,0,0.0,1.0,2.0,1.0,A01
200500069111,0.0,10,0,0.0,1.0,3.0,20.0,A01
201600005247,2.0,7,0,0.0,2.0,1.0,0.0,B02
201600010521,1.0,7,0,0.0,2.0,0.0,0.0,A01
201300050318,0.0,33,0,0.0,2.0,4.0,1.0,A01
200700037324,0.0,30,0,0.0,2.0,7.0,1.0,B01
201100000185,0.0,7,0,0.0,1.0,1.0,1.0,B02
201400054037,0.0,33,0,0.0,2.0,8.0,1.0,B01
201500013502,0.0,7,0,0.0,2.0,1.0,2.0,A01
200700076263,0.0,2,0,0.0,2.0,1.0,21.0,B01
200500024904,0.0,7,0,0.0,0.0,2.0,1.0,B02
200700008040,0.0,7,0,0.0,2.0,2.0,1.0,B01
200800031721,0.0,32,0,0.0,2.0,7.0,1.0,A01
200700045072,0.0,7,0,0.0,0.0,1.0,1.0,A01
200700003585,0.0,1,0,0.0,2.0,1.0,1.0,B01
201500044553,0.0,10,0,0.0,2.0,4.0,2.0,B01
201000030841,0.0,7,0,0.0,2.0,3.0,1.0,B01
200700058012,0.0,7,0,1.0,2.0,2.0,1.0,B01
201100034577,0.0,7,0,0.0,2.0,3.0,9.0,A01
201300014270,1.0,7,0,0.0,1.0,1.0,0.0,Z01
200900001433,0.0,7,0,11.0,0.0,2.0,14.0,A01
200500053554,0.0,7,0,0.0,2.0,9.0,0.0,B01
201200032835,0.0,32,0,0.0,2.0,1.0,1.0,B01
201500033239,0.0,7,0,0.0,2.0,3.0,1.0,E01
200900003065,0.0,7,0,0.0,2.0,8.0,22.0,B01
200600071893,0.0,7,0,0.0,2.0,1.0,1.0,B02
201600040492,0.0,10,0,0.0,2.0,2.0,1.0,A01
201200043197,0.0,7,0,0.0,2.0,1.0,2.0,A01
201200032853,0.0,7,0,0.0,1.0,2.0,1.0,A01
200600063370,0.0,4,0,0.0,1.0,1.0,1.0,A01
200900054744,0.0,2,0,11.0,0.0,1.0,1.0,A01
200900072640,0.0,30,0,0.0,2.0,7.0,13.0,A01
201500003138,0.0,20,0,0.0,2.0,5.0,17.0,B02
200600044380,0.0,7,0,0.0,0.0,0.0,22.0,A01
200800037702,0.0,33,0,0.0,2.0,1.0,1.0,A01
201200004709,0.0,7,0,0.0,2.0,3.0,15.0,B02
201200011559,0.0,32,0,0.0,2.0,7.0,1.0,B01
200900049490,0.0,7,0,0.0,2.0,1.0,15.0,A01
200900053930,0.0,31,0,0.0,2.0,2.0,1.0,A01
200800051324,0.0,7,0,0.0,2.0,1.0,1.0,A01
201100054630,0.0,7,0,4.0,0.0,4.0,2.0,A01
201000061523,1.0,1,0,0.0,2.0,3.0,13.0,Z01
200600010705,0.0,7,0,4.0,0.0,3.0,13.0,A01
201300016626,0.0,7,0,0.0,2.0,5.0,21.0,A01
200800053906,0.0,7,0,0.0,2.0,6.0,24.0,B01
201500050821,0.0,7,0,0.0,2.0,4.0,23.0,B01
200500066338,0.0,7,0,0.0,2.0,2.0,1.0,B01
201200020708,0.0,7,0,0.0,2.0,4.0,1.0,B01
201400043491,0.0,33,0,1.0,0.0,1.0,5.0,A01
200600002404,0.0,5,0,0.0,2.0,1.0,1.0,A01
201300012978,0.0,7,0,0.0,2.0,0.0,1.0,B01
200500077168,0.0,7,0,0.0,0.0,1.0,1.0,A01
200500024270,0.0,7,0,0.0,2.0,3.0,9.0,A01
200900042423,0.0,7,0,0.0,2.0,3.0,1.0,B01
201600039127,0.0,7,0,0.0,2.0,1.0,1.0,A01
201000012159,0.0,7,0,0.0,2.0,7.0,1.0,A01
201100028495,0.0,7,0,0.0,2.0,3.0,15.0,A01
200900043150,0.0,7,0,0.0,1.0,0.0,4.0,A01
201100040449,0.0,10,0,0.0,1.0,1.0,1.0,A01
201600055711,1.0,7,0,0.0,1.0,1.0,15.0,A01
200700062019,0.0,7,0,0.0,1.0,7.0,1.0,A01
201400042438,0.0,10,0,0.0,0.0,1.0,19.0,A01
201000066661,0.0,7,0,0.0,2.0,1.0,2.0,A01
201200003480,0.0,10,0,1.0,0.0,4.0,2.0,A01
201300030275,0.0,7,0,0.0,1.0,1.0,1.0,A01
201400036607,0.0,33,0,0.0,1.0,1.0,18.0,A01
200600073547,0.0,7,0,0.0,2.0,7.0,1.0,A01
200800062346,0.0,7,0,0.0,0.0,0.0,0.0,A01
200900062408,0.0,7,0,0.0,0.0,9.0,1.0,B01
200800063087,0.0,33,0,0.0,2.0,1.0,1.0,A01
201300028751,0.0,7,0,0.0,2.0,1.0,0.0,B01
201300040112,1.0,7,0,0.0,0.0,0.0,0.0,Z01
200800068312,0.0,33,0,0.0,2.0,2.0,3.0,B01
200500016751,0.0,4,0,0.0,2.0,1.0,1.0,B01
200700034127,0.0,7,0,0.0,1.0,6.0,1.0,C01
201400001566,0.0,7,0,0.0,1.0,3.0,15.0,A01
200900012623,0.0,7,0,0.0,2.0,6.0,15.0,A01
201000038432,0.0,7,0,0.0,1.0,3.0,1.0,A01
200500068083,0.0,10,0,0.0,2.0,2.0,15.0,A01
201100009889,0.0,33,0,13.0,0.0,9.0,1.0,A01
200600006236,0.0,7,0,0.0,2.0,3.0,13.0,A01
201500000321,0.0,1,0,0.0,2.0,1.0,9.0,B02
200900072801,0.0,1,0,0.0,2.0,1.0,17.0,B01
201000010078,0.0,7,0,2.0,0.0,8.0,1.0,A01
200900058602,0.0,7,0,0.0,2.0,1.0,13.0,B02
200900071319,0.0,32,0,0.0,2.0,3.0,1.0,B01
200600008343,0.0,5,0,0.0,2.0,1.0,18.0,A01
200800072952,0.0,7,0,0.0,2.0,2.0,1.0,A01
200600015733,0.0,15,0,8.0,2.0,5.0,1.0,D04
201100043247,0.0,7,0,0.0,2.0,3.0,1.0,B01
201600009546,0.0,7,0,0.0,2.0,1.0,5.0,A01
201400057716,0.0,7,0,0.0,2.0,2.0,12.0,A01
200700031368,0.0,7,0,0.0,2.0,6.0,4.0,B01
201200037326,0.0,33,0,0.0,2.0,3.0,1.0,B01