Num_Acc,senc,catv,occutc,obs,obsm,choc,manv,num_veh
200600060691,0.0,7,0,0.0,2.0,3.0,1.0,B01
201200014824,0.0,7,0,0.0,2.0,6.0,1.0,B01
201100053632,0.0,7,0,0.0,2.0,4.0,1.0,B01
200800049232,0.0,2,0,0.0,2.0,1.0,13.0,A01
200900029746,0.0,7,0,0.0,2.0,3.0,1.0,B02
201000041743,0.0,2,0,0.0,2.0,3.0,1.0,B01
201300008742,0.0,7,0,0.0,2.0,8.0,19.0,A01
200600016159,0.0,7,0,0.0,0.0,0.0,0.0,B02
200700047114,0.0,33,0,0.0,0.0,8.0,1.0,A01
200600009483,0.0,7,0,0.0,2.0,2.0,15.0,B01
200600073734,0.0,7,0,0.0,2.0,7.0,13.0,C03
200500077818,0.0,7,0,0.0,2.0,3.0,1.0,A01
200800062174,0.0,7,0,0.0,2.0,4.0,23.0,B01
200800067463,0.0,7,0,0.0,2.0,0.0,1.0,B01
201000034335,0.0,2,0,0.0,2.0,1.0,17.0,A01
201000016537,0.0,7,0,0.0,2.0,1.0,15.0,A01
201100037729,0.0,7,0,0.0,2.0,2.0,12.0,A01
201400032658,0.0,7,0,0.0,2.0,8.0,1.0,B01
200700025311,0.0,30,0,0.0,2.0,1.0,13.0,B02
201500056436,0.0,7,0,0.0,2.0,4.0,23.0,C01
201000067900,0.0,7,0,0.0,2.0,1.0,2.0,A01
201300057314,0.0,7,0,0.0,1.0,3.0,1.0,A01
200600011847,0.0,7,0,0.0,2.0,3.0,1.0,B01
201300048673,0.0,7,0,0.0,2.0,4.0,2.0,C01
201000033499,0.0,7,0,0.0,2.0,4.0,1.0,B01
200800024011,0.0,7,0,5.0,0.0,1.0,13.0,A01
201500002278,0.0,7,0,0.0,2.0,3.0,17.0,A01
201200018524,0.0,7,0,0.0,2.0,7.0,1.0,A01
200800004960,0.0,7,0,0.0,2.0,0.0,2.0,C01
201500011674,0.0,7,0,0.0,2.0,1.0,2.0,A01
201600018134,1.0,7,0,2.0,0.0,2.0,0.0,A01
200500020887,0.0,7,0,0.0,2.0,1.0,1.0,B01
200700035724,0.0,2,0,0.0,2.0,1.0,1.0,B01
201100000525,0.0,33,0,0.0,2.0,8.0,1.0,A01
200600055391,0.0,7,0,0.0,2.0,3.0,15.0,A01
201400005236,0.0,7,0,0.0,2.0,1.0,1.0,A01
200800017824,0.0,7,0,0.0,1.0,4.0,4.0,A01
201500017682,0.0,30,0,0.0,2.0,1.0,1.0,B02
201300020681,0.0,7,0,4.0,0.0,1.0,21.0,A01
201100063491,0.0,32,0,1.0,0.0,2.0,1.0,A01
200900013881,0.0,7,0,0.0,2.0,4.0,2.0,B01
201000002339,0.0,33,0,0.0,5.0,8.0,21.0,A01
200600011597,0.0,7,0,0.0,2.0,6.0,15.0,B01
201300057024,0.0,33,0,2.0,0.0,1.0,14.0,A01
200500010131,0.0,7,0,3.0,2.0,1.0,1.0,B01
201600000663,2.0,7,0,0.0,2.0,3.0,15.0,B02
200600040918,0.0,2,0,0.0,0.0,0.0,17.0,B01
200900034084,0.0,7,0,0.0,2.0,4.0,23.0,B01
201100050765,0.0,30,0,0.0,2.0,8.0,12.0,A01
201300001086,0.0,10,0,0.0,2.0,5.0,19.0,A01
201500024216,0.0,7,0,0.0,0.0,7.0,15.0,A01
200700032817,0.0,7,0,0.0,0.0,3.0,1.0,A01
201600005291,2.0,7,0,0.0,2.0,1.0,13.0,A01
200600024478,0.0,7,0,15.0,0.0,2.0,1.0,A01
200800042176,0.0,7,0,0.0,2.0,3.0,15.0,A01
200800010118,0.0,7,0,0.0,2.0,6.0,0.0,B01
200700026655,0.0,31,0,3.0,0.0,8.0,13.0,A01
201000042162,0.0,7,0,2.0,2.0,7.0,1.0,A01
200500076077,0.0,7,0,2.0,0.0,8.0,13.0,A01
200600022277,0.0,7,0,0.0,2.0,2.0,1.0,A01
200600038826,0.0,34,0,0.0,2.0,7.0,17.0,B01
201300044715,2.0,7,0,0.0,2.0,3.0,1.0,Z01
201100041116,0.0,7,0,0.0,2.0,1.0,2.0,A01
201500057642,0.0,7,0,0.0,1.0,4.0,4.0,A01
200900055774,0.0,2,0,0.0,2.0,7.0,1.0,B01
201100045876,0.0,7,0,0.0,2.0,1.0,1.0,A01
201600057382,2.0,7,0,0.0,2.0,2.0,12.0,A01
201000042879,0.0,2,0,0.0,2.0,1.0,19.0,B01
200900070264,0.0,10,0,0.0,2.0,3.0,13.0,A01
200900038065,0.0,2,0,14.0,0.0,2.0,1.0,A01
200900061614,0.0,7,0,0.0,2.0,1.0,1.0,B02
200500053291,0.0,7,0,0.0,0.0,4.0,1.0,B01
200800015364,0.0,7,0,0.0,1.0,2.0,1.0,A01
201600058022,1.0,30,0,0.0,2.0,1.0,0.0,A01
201300040060,0.0,7,0,0.0,2.0,4.0,1.0,B01
200700048110,0.0,7,0,0.0,2.0,8.0,15.0,B02
201500010797,0.0,30,0,0.0,2.0,8.0,18.0,B01
200900043490,0.0,7,0,0.0,2.0,2.0,1.0,B01
201400024199,0.0,7,0,0.0,2.0,1.0,1.0,A01
201300043781,0.0,7,0,8.0,0.0,1.0,21.0,A01
200500031900,0.0,5,0,14.0,0.0,1.0,1.0,A01
200500063362,0.0,2,0,0.0,2.0,7.0,17.0,A01
200500034234,0.0,7,0,0.0,2.0,1.0,1.0,B01
201100016142,0.0,7,0,0.0,2.0,4.0,2.0,B01
200700018756,0.0,7,0,9.0,2.0,3.0,1.0,B02
201000051749,0.0,7,0,0.0,1.0,1.0,0.0,A01
201200051401,0.0,7,0,0.0,2.0,4.0,2.0,B01
201200057059,0.0,7,0,0.0,2.0,1.0,1.0,A01
201000059541,0.0,15,0,0.0,2.0,2.0,12.0,A01
200700069021,0.0,7,0,0.0,2.0,3.0,15.0,A01
200900019320,0.0,7,0,0.0,1.0,3.0,1.0,A01
201300022485,0.0,7,0,0.0,2.0,3.0,1.0,B01
201300021923,0.0,7,0,13.0,0.0,2.0,1.0,A01
201100017633,0.0,15,0,0.0,2.0,0.0,14.0,A01
200500015115,0.0,7,0,0.0,2.0,7.0,1.0,B01
200500057654,0.0,7,0,0.0,2.0,1.0,1.0,B01
201400018120,0.0,31,0,0.0,2.0,1.0,1.0,B02
200500077334,0.0,7,0,4.0,0.0,2.0,14.0,A01
200800031839,0.0,1,0,0.0,0.0,0.0,0.0,B01
200600000348,0.0,7,0,6.0,0.0,1.0,0.0,A01
200900033284,0.0,15,0,0.0,0.0,3.0,13.0,A01
201300001030,0.0,21,0,0.0,2.0,3.0,1.0,B02
200800020584,0.0,7,0,0.0,2.0,2.0,15.0,B01
201400023042,0.0,7,0,0.0,2.0,4.0,0.0,B01
201100022011,0.0,37,6,0.0,2.0,3.0,1.0,B01
201600003201,1.0,10,0,0.0,2.0,2.0,21.0,A01
201200031711,0.0,33,0,13.0,0.0,1.0,1.0,A01
200500087663,0.0,7,0,0.0,2.0,4.0,2.0,D02
200700007712,0.0,7,0,0.0,2.0,3.0,5.0,A01
200500047645,0.0,7,0,0.0,1.0,1.0,1.0,A01
201000046579,0.0,7,0,15.0,0.0,1.0,1.0,A01
201000019669,0.0,7,0,0.0,2.0,1.0,1.0,C01
201200037967,0.0,7,0,0.0,2.0,2.0,15.0,A01
200800029901,0.0,33,0,0.0,2.0,8.0,2.0,B02
200900034028,0.0,2,0,0.0,2.0,1.0,1.0,B02
200600023077,0.0,7,0,0.0,2.0,2.0,21.0,B01
200500070945,0.0,7,0,0.0,2.0,7.0,13.0,A01
201000029734,0.0,7,0,0.0,2.0,1.0,2.0,A01
201500036047,0.0,7,0,0.0,2.0,1.0,2.0,A01
200800011092,0.0,33,0,0.0,2.0,1.0,1.0,B01
201400006052,0.0,33,0,0.0,2.0,1.0,1.0,B01
201600009968,2.0,7,0,0.0,9.0,2.0,1.0,A01
201400026475,0.0,2,0,0.0,0.0,0.0,1.0,A01
200500054835,0.0,17,0,14.0,2.0,2.0,1.0,A01
200500075486,0.0,4,0,0.0,0.0,1.0,13.0,A01
200500007114,0.0,7,0,0.0,2.0,2.0,2.0,A01
201000031931,0.0,7,0,0.0,2.0,3.0,1.0,A01
200600072815,0.0,7,0,0.0,1.0,6.0,4.0,A01
200900001308,0.0,7,0,0.0,2.0,1.0,2.0,A01
200900003614,0.0,7,0,0.0,0.0,3.0,0.0,A01
201600020402,1.0,2,0,0.0,2.0,2.0,15.0,A01
201400030501,0.0,7,0,0.0,2.0,1.0,13.0,A01
200500072501,0.0,7,0,0.0,2.0,0.0,5.0,A01
200600011750,0.0,5,0,0.0,1.0,1.0,17.0,A01
200900057650,0.0,33,0,12.0,0.0,7.0,1.0,A01
201600014586,1.0,7,0,0.0,2.0,8.0,10.0,A01
200700063909,0.0,7,0,0.0,2.0,1.0,1.0,B01
201600044865,1.0,7,0,4.0,0.0,2.0,1.0,A01
200500046007,0.0,7,0,0.0,2.0,2.0,1.0,A01
201200028507,0.0,1,0,0.0,2.0,7.0,8.0,B01
200500033044,0.0,7,0,0.0,2.0,1.0,2.0,B01
200700082552,0.0,7,0,0.0,2.0,0.0,0.0,A01
201000013596,0.0,7,0,0.0,2.0,2.0,1.0,B02
201100019285,0.0,30,0,1.0,0.0,7.0,0.0,A01
200800028833,0.0,7,0,0.0,2.0,1.0,1.0,B02
200500023411,0.0,7,0,2.0,0.0,2.0,14.0,A01
201100044211,0.0,7,0,3.0,2.0,2.0,17.0,A01
201100048868,0.0,7,0,1.0,0.0,2.0,1.0,A01
201400021909,0.0,10,0,0.0,2.0,2.0,15.0,A01
200700033509,0.0,7,0,0.0,2.0,3.0,13.0,A01
201200006849,0.0,7,0,13.0,0.0,2.0,1.0,A01
201200060658,0.0,7,0,2.0,0.0,1.0,14.0,A01
200500079660,0.0,18,2,0.0,2.0,3.0,1.0,B02
201500057031,0.0,10,0,2.0,0.0,3.0,0.0,B02
201400040644,0.0,7,0,1.0,0.0,2.0,14.0,A01
201100033693,0.0,7,0,0.0,2.0,1.0,1.0,B01
200800054899,0.0,17,0,0.0,2.0,6.0,13.0,A01
201400044500,0.0,7,0,0.0,2.0,6.0,1.0,A01
200700058262,0.0,7,0,0.0,0.0,4.0,2.0,A01
200700006034,0.0,7,0,0.0,0.0,6.0,1.0,A01
201000064328,0.0,7,0,0.0,2.0,1.0,1.0,A01
201300046742,0.0,7,0,4.0,0.0,1.0,0.0,A01
200600015671,0.0,7,0,0.0,2.0,2.0,1.0,B02
201400000802,0.0,7,0,13.0,0.0,1.0,1.0,A01
200700016712,0.0,30,0,0.0,2.0,1.0,1.0,A01
200900050300,0.0,7,0,0.0,2.0,1.0,15.0,A01
201100037456,0.0,2,0,0.0,0.0,1.0,15.0,A01
200800017639,0.0,14,0,8.0,0.0,1.0,1.0,A01
201400037559,0.0,7,0,0.0,2.0,1.0,1.0,C01
200600002615,0.0,5,0,0.0,2.0,2.0,1.0,B01
201400031505,0.0,7,0,0.0,2.0,7.0,0.0,A01
200700023911,0.0,33,0,0.0,0.0,1.0,1.0,B01
201500046832,0.0,7,0,4.0,0.0,1.0,13.0,A01
200900061111,0.0,7,0,0.0,2.0,1.0,1.0,A01
201000028845,0.0,7,0,0.0,2.0,1.0,1.0,A01
200800041747,0.0,7,0,0.0,2.0,1.0,17.0,A01
200600052792,0.0,17,0,0.0,2.0,4.0,2.0,B02
200600045522,0.0,1,0,0.0,2.0,1.0,1.0,A01
200900006946,0.0,7,0,0.0,2.0,3.0,20.0,A01
201000029495,0.0,30,0,0.0,2.0,4.0,1.0,B01
200700006888,0.0,7,0,8.0,0.0,7.0,1.0,A01
201400054920,0.0,7,0,0.0,2.0,3.0,1.0,B01
201000059352,0.0,10,0,0.0,0.0,4.0,2.0,C01
200600017332,0.0,30,0,0.0,0.0,1.0,1.0,B02
201200005797,0.0,7,0,6.0,0.0,3.0,13.0,A01
201000032985,0.0,33,0,0.0,2.0,1.0,1.0,B01
200500044368,0.0,7,0,0.0,2.0,1.0,15.0,A01
200900023619,0.0,7,0,0.0,1.0,3.0,15.0,A01
201500050002,0.0,7,0,4.0,0.0,1.0,1.0,A01
201200000520,0.0,7,0,0.0,2.0,2.0,17.0,A01
201200007842,0.0,7,0,0.0,2.0,3.0,6.0,A01
200800001253,0.0,30,0,16.0,0.0,9.0,16.0,A01
201500007013,0.0,7,0,0.0,2.0,1.0,5.0,A01
200800014535,0.0,7,0,0.0,2.0,1.0,11.0,A01
201000055294,0.0,7,0,0.0,2.0,2.0,2.0,C01
200800047653,0.0,1,0,0.0,9.0,7.0,1.0,D04
201100010817,0.0,7,0,0.0,2.0,3.0,15.0,B02
200600023594,0.0,30,0,0.0,2.0,2.0,1.0,C03
201600018441,2.0,1,0,0.0,0.0,4.0,0.0,B02
200500069756,0.0,5,0,0.0,2.0,1.0,2.0,B01
201000017795,0.0,7,0,0.0,2.0,4.0,2.0,B02
200500050715,0.0,7,0,0.0,0.0,3.0,15.0,B01
201000047625,0.0,7,0,0.0,0.0,3.0,0.0,C01
200800068881,0.0,7,0,0.0,2.0,2.0,15.0,B02
200500077678,0.0,7,0,0.0,2.0,2.0,1.0,A01
200500058107,0.0,7,0,0.0,0.0,0.0,1.0,A01
200900053447,0.0,7,0,0.0,1.0,1.0,1.0,A01
201300020243,0.0,2,0,0.0,2.0,1.0,9.0,A01
200900037968,0.0,7,0,0.0,0.0,0.0,4.0,C01
200900048282,0.0,7,0,0.0,2.0,2.0,10.0,A01
201100047191,0.0,7,0,0.0,2.0,3.0,15.0,A01
201600054596,2.0,7,0,0.0,1.0,1.0,1.0,A01
201300037417,0.0,7,0,0.0,2.0,3.0,2.0,B01
200700081239,0.0,7,0,5.0,0.0,5.0,1.0,B01
201200043230,0.0,7,0,0.0,2.0,2.0,15.0,A01
201500045287,0.0,7,0,0.0,2.0,1.0,0.0,A01
200600031820,0.0,7,0,0.0,2.0,8.0,1.0,C03
200500021373,0.0,7,0,0.0,4.0,8.0,21.0,A01
201000021920,1.0,7,0,0.0,2.0,0.0,0.0,Z01
200700042346,0.0,2,0,0.0,2.0,1.0,1.0,A01
201400055560,0.0,32,0,0.0,2.0,7.0,1.0,B01
201200003585,0.0,7,0,0.0,2.0,3.0,15.0,B02
201400031679,0.0,7,0,0.0,2.0,1.0,0.0,B01
200900017938,0.0,99,0,13.0,0.0,3.0,1.0,A01
200800062885,0.0,7,0,0.0,2.0,4.0,1.0,B02
201000055787,0.0,7,0,0.0,0.0,5.0,2.0,B01
201000031541,0.0,7,0,0.0,2.0,3.0,1.0,A01
201500014014,0.0,30,0,0.0,2.0,1.0,13.0,A01
201500000564,0.0,7,0,0.0,2.0,3.0,15.0,A01
201600015043,1.0,7,0,0.0,1.0,1.0,15.0,A01
201600020859,2.0,7,0,0.0,2.0,4.0,2.0,B01
200600036410,0.0,37,10,0.0,0.0,2.0,1.0,B01
200600015927,0.0,33,0,0.0,2.0,1.0,1.0,B02
200900025713,0.0,7,0,0.0,1.0,1.0,15.0,A01
201000033500,0.0,7,0,0.0,2.0,2.0,2.0,A01
200800035643,0.0,31,0,1.0,0.0,7.0,2.0,A01
201400016854,0.0,10,0,0.0,2.0,3.0,15.0,A01
200500049965,0.0,7,0,0.0,2.0,1.0,1.0,B02
201600018927,1.0,7,0,0.0,2.0,3.0,13.0,A01
200700059740,0.0,10,0,0.0,2.0,3.0,1.0,A01
200600069328,0.0,7,0,1.0,0.0,1.0,1.0,A01
200600072198,0.0,7,0,0.0,2.0,1.0,1.0,B02
201400043386,0.0,7,0,0.0,2.0,6.0,11.0,A01
201400040993,1.0,10,0,0.0,2.0,1.0,9.0,B01
201300041300,0.0,7,0,0.0,1.0,2.0,0.0,A01
201400046591,0.0,7,0,3.0,0.0,8.0,1.0,A01
200800022659,0.0,7,0,0.0,1.0,7.0,1.0,A01
200500071920,0.0,7,0,0.0,2.0,3.0,17.0,A01
200500029896,0.0,7,0,0.0,2.0,4.0,23.0,B01
201100005619,0.0,7,0,0.0,2.0,1.0,1.0,B02
200900065556,0.0,13,0,6.0,0.0,1.0,1.0,A01
200800049159,0.0,21,0,0.0,0.0,4.0,2.0,B02
201400015174,0.0,7,0,0.0,2.0,7.0,1.0,B01
201400014760,0.0,34,0,0.0,2.0,6.0,1.0,B01
201000005825,0.0,7,0,0.0,2.0,2.0,17.0,A01
201600045492,2.0,10,0,0.0,2.0,4.0,2.0,B01
201000048886,0.0,7,0,0.0,2.0,1.0,1.0,B01
201300046629,0.0,33,0,5.0,0.0,3.0,17.0,A01
201200060191,0.0,33,0,0.0,2.0,8.0,3.0,B01
200700010965,1.0,32,0,0.0,1.0,1.0,0.0,A01
200700039761,0.0,33,0,0.0,2.0,1.0,1.0,B02
200900047702,0.0,7,0,0.0,2.0,1.0,2.0,A01
200500047049,0.0,7,0,0.0,0.0,4.0,2.0,B01
200600036074,0.0,33,0,0.0,2.0,1.0,17.0,A01
200500058904,0.0,7,0,0.0,2.0,1.0,1.0,A01
200500043056,0.0,17,0,0.0,2.0,1.0,2.0,A01
200600032282,0.0,34,0,0.0,2.0,0.0,2.0,A01
200500051377,0.0,7,0,0.0,2.0,1.0,23.0,B01
200500049798,0.0,7,0,0.0,2.0,3.0,1.0,B02
201600057987,2.0,7,0,0.0,2.0,8.0,0.0,B02
201000046174,0.0,7,0,0.0,2.0,4.0,2.0,B01
201400002198,0.0,1,0,0.0,2.0,1.0,1.0,B02
200900022570,0.0,7,0,1.0,0.0,3.0,20.0,B01
200700022030,0.0,7,0,0.0,2.0,2.0,1.0,A01
200800074884,0.0,7,0,0.0,9.0,2.0,1.0,B01
201400051438,0.0,7,0,0.0,2.0,4.0,2.0,C01
201300043797,0.0,7,0,0.0,1.0,1.0,16.0,A01
200500043274,0.0,7,0,13.0,2.0,3.0,1.0,B02
201600044684,1.0,7,0,4.0,0.0,8.0,13.0,A01
201200019925,0.0,10,0,0.0,2.0,8.0,5.0,A01
201200001740,0.0,7,0,0.0,2.0,2.0,9.0,A01
201400002262,0.0,7,0,0.0,2.0,8.0,13.0,A01
200800012714,0.0,7,0,0.0,2.0,5.0,15.0,B01
201600008846,0.0,31,0,11.0,0.0,2.0,1.0,A01
200600077860,0.0,2,0,0.0,2.0,1.0,1.0,B01
200500013611,0.0,4,0,0.0,2.0,1.0,1.0,B02
201400020154,0.0,7,0,0.0,1.0,2.0,15.0,A01
201000032282,0.0,34,0,0.0,0.0,1.0,3.0,A01
200500082492,0.0,5,0,0.0,2.0,2.0,17.0,A01
200800060285,0.0,33,0,0.0,0.0,0.0,21.0,B01
201600005105,1.0,7,0,0.0,2.0,2.0,15.0,A01
200700001301,0.0,7,0,0.0,2.0,7.0,13.0,A01
201600005259,1.0,7,0,0.0,2.0,4.0,2.0,B02
201100015179,0.0,7,0,0.0,2.0,1.0,2.0,A01
200800050790,0.0,1,0,0.0,0.0,0.0,1.0,A01
201100000177,0.0,7,0,0.0,2.0,3.0,1.0,B02
201500029679,0.0,7,0,0.0,2.0,1.0,1.0,B01
200500005460,0.0,7,0,0.0,2.0,2.0,15.0,A01
201200055015,0.0,33,0,0.0,2.0,7.0,1.0,B01
201300013112,0.0,7,0,13.0,0.0,9.0,1.0,A01
200700042572,0.0,7,0,0.0,2.0,1.0,1.0,A01
200600020524,1.0,7,0,0.0,2.0,3.0,1.0,B01
200900014310,0.0,33,0,0.0,0.0,0.0,1.0,A01
200900062281,0.0,7,0,0.0,2.0,7.0,9.0,B01
201600050801,2.0,7,0,0.0,2.0,1.0,2.0,D01
200700077891,0.0,7,0,0.0,2.0,1.0,1.0,A01
200700010996,0.0,7,0,0.0,1.0,3.0,2.0,A01
200500008465,0.0,5,0,0.0,2.0,7.0,1.0,A01
201200009682,0.0,7,0,0.0,2.0,3.0,13.0,A01
200600043797,0.0,14,0,2.0,2.0,9.0,1.0,A01
201000059103,0.0,7,0,0.0,0.0,4.0,23.0,C01
201600034019,0.0,33,0,0.0,0.0,0.0,2.0,A01
201500001612,0.0,7,0,0.0,2.0,3.0,0.0,B01
200800032689,1.0,7,0,0.0,2.0,1.0,1.0,A01
200600071646,0.0,30,0,0.0,2.0,1.0,17.0,A01
201600035694,2.0,7,0,0.0,2.0,3.0,9.0,A01
201000005023,0.0,10,0,0.0,2.0,3.0,13.0,A01
200500015877,0.0,5,0,0.0,0.0,8.0,2.0,A01
200800073877,0.0,33,0,0.0,2.0,3.0,3.0,B01
200800028928,0.0,32,0,0.0,2.0,1.0,16.0,B02
200600010490,0.0,7,0,0.0,2.0,1.0,2.0,A01
201300049527,0.0,7,0,0.0,0.0,4.0,2.0,D01
201100025261,0.0,7,0,0.0,2.0,7.0,15.0,A01
201500035542,0.0,7,0,0.0,2.0,1.0,13.0,A01
200600000790,0.0,7,0,0.0,2.0,1.0,1.0,A01
201200061007,0.0,33,0,0.0,2.0,1.0,1.0,B02
201300013399,0.0,7,0,0.0,2.0,1.0,2.0,A01
201100010776,0.0,1,0,0.0,2.0,6.0,1.0,C03
201100004299,0.0,7,0,0.0,2.0,1.0,1.0,B02
200900065794,0.0,14,0,0.0,2.0,6.0,11.0,A01
200600018596,0.0,7,0,15.0,2.0,3.0,1.0,B02
201000038545,0.0,1,0,0.0,0.0,1.0,1.0,B01
201000068722,0.0,7,0,0.0,2.0,3.0,15.0,B01
201000048087,0.0,7,0,15.0,2.0,3.0,1.0,A01
201200038218,0.0,2,0,0.0,2.0,1.0,1.0,A01
201300034404,0.0,2,0,0.0,2.0,8.0,1.0,B01
200800004506,0.0,7,0,0.0,2.0,1.0,1.0,A01
201000000847,0.0,7,0,0.0,2.0,1.0,1.0,B02
201200054318,0.0,7,0,0.0,2.0,1.0,1.0,A01
200500019011,0.0,7,0,8.0,0.0,8.0,13.0,A01
200800070050,0.0,7,0,0.0,1.0,0.0,1.0,A01
201500021805,0.0,33,0,0.0,1.0,3.0,0.0,A01
201400027031,0.0,10,0,0.0,2.0,1.0,1.0,B01
200700007831,0.0,32,0,0.0,2.0,1.0,1.0,B01
201100022545,0.0,10,0,0.0,2.0,3.0,19.0,B01
201400045515,0.0,7,0,1.0,0.0,2.0,1.0,A01
201500032720,0.0,7,0,0.0,1.0,1.0,1.0,A01
200600034079,0.0,7,0,0.0,2.0,1.0,1.0,C01
200800023269,0.0,7,0,0.0,1.0,1.0,15.0,A01
201200051481,0.0,7,0,0.0,2.0,1.0,1.0,A01
200600007871,2.0,1,0,0.0,1.0,0.0,0.0,A01
201100017651,0.0,30,0,0.0,2.0,1.0,5.0,B02
200700000662,0.0,7,0,0.0,2.0,1.0,15.0,A01
201200001991,0.0,7,0,3.0,2.0,3.0,1.0,B02
200500076621,0.0,7,0,0.0,1.0,3.0,1.0,A01
200800028448,0.0,33,0,0.0,2.0,1.0,1.0,B02
200800018152,0.0,17,0,0.0,2.0,7.0,17.0,B02
201100046653,0.0,7,0,0.0,2.0,8.0,13.0,A01
200700050151,0.0,2,0,0.0,2.0,3.0,15.0,B01
200500032041,0.0,7,0,0.0,2.0,1.0,15.0,A01
200500000926,0.0,7,0,0.0,1.0,2.0,1.0,A01
201300034008,0.0,30,0,0.0,2.0,7.0,17.0,B01
200900006130,0.0,10,0,0.0,2.0,3.0,1.0,B02
200500048298,0.0,7,0,0.0,2.0,1.0,13.0,A01
201300030561,0.0,10,0,1.0,2.0,1.0,2.0,A01
201200017627,0.0,7,0,0.0,2.0,3.0,1.0,B02
201000032337,0.0,7,0,0.0,2.0,1.0,2.0,A01
201500035666,0.0,10,0,0.0,2.0,1.0,17.0,B01
201000039967,0.0,10,0,0.0,2.0,1.0,1.0,A01
200700022480,0.0,7,0,0.0,2.0,6.0,1.0,B01
201100058472,0.0,30,0,0.0,1.0,7.0,1.0,A01
200900015564,0.0,7,0,0.0,0.0,1.0,1.0,A01
201600038281,0.0,7,0,0.0,2.0,1.0,8.0,B01
200500029768,0.0,5,0,0.0,2.0,0.0,12.0,A01
201400033943,0.0,2,0,0.0,2.0,1.0,1.0,B01
201200009676,0.0,7,0,0.0,0.0,0.0,2.0,C01
201000002748,0.0,33,0,0.0,2.0,1.0,1.0,B01
200600072590,0.0,7,0,0.0,2.0,1.0,1.0,B02
201600051853,2.0,7,0,0.0,2.0,5.0,16.0,A01
201400034577,1.0,7,0,0.0,2.0,1.0,9.0,B01
201300022568,0.0,7,0,0.0,1.0,2.0,1.0,A01
201100009203,0.0,15,0,0.0,2.0,1.0,21.0,E05
201600053258,1.0,32,0,0.0,2.0,7.0,1.0,A01
201200038347,0.0,7,0,0.0,2.0,3.0,1.0,B01
200800018466,0.0,7,0,0.0,2.0,2.0,0.0,B02
201100036712,0.0,7,0,0.0,1.0,1.0,1.0,A01
200700045506,0.0,17,0,0.0,2.0,2.0,12.0,A01
200500074861,0.0,7,0,0.0,2.0,8.0,15.0,A01
201600059426,2.0,7,0,0.0,9.0,7.0,1.0,B01
201300034897,0.0,7,0,0.0,2.0,6.0,15.0,A01
201600057348,2.0,33,0,0.0,2.0,8.0,3.0,B01
200600063958,0.0,15,0,3.0,0.0,1.0,1.0,A01
201600035040,1.0,7,0,0.0,2.0,7.0,15.0,A01
200500045922,0.0,2,0,0.0,2.0,3.0,1.0,B01
200500021535,0.0,7,0,0.0,2.0,4.0,1.0,A01
200600054058,0.0,7,0,0.0,2.0,1.0,2.0,A01
200600075242,0.0,7,0,0.0,2.0,7.0,15.0,A01
201500004040,0.0,10,0,0.0,2.0,1.0,1.0,A01
201600009147,2.0,7,0,0.0,2.0,0.0,1.0,B02
201500034281,0.0,7,0,0.0,2.0,4.0,2.0,B01
200500025394,0.0,10,0,0.0,2.0,1.0,13.0,A01
201500038976,0.0,2,0,0.0,2.0,2.0,17.0,A01
201400055434,1.0,7,0,0.0,1.0,2.0,15.0,Z01
201500050702,1.0,30,0,0.0,1.0,0.0,1.0,Z01
201200028772,0.0,2,0,0.0,2.0,1.0,1.0,B01
201100039775,0.0,7,0,0.0,2.0,2.0,2.0,A01
200600070494,0.0,30,0,0.0,2.0,1.0,1.0,B01
201100062879,1.0,7,0,0.0,0.0,0.0,12.0,B01
200600038621,0.0,7,0,0.0,2.0,2.0,5.0,A01
200600010447,0.0,7,0,0.0,2.0,4.0,2.0,B01
200700073087,0.0,7,0,0.0,2.0,1.0,13.0,A01
201000000506,0.0,7,0,0.0,2.0,7.0,1.0,A01
200700025019,0.0,33,0,0.0,2.0,8.0,1.0,B01
200800069937,0.0,1,0,0.0,2.0,1.0,1.0,B02
201400046348,0.0,1,0,0.0,1.0,0.0,0.0,A01
200600004796,0.0,7,0,0.0,2.0,7.0,15.0,B02
201000025085,0.0,2,0,0.0,2.0,1.0,1.0,A01
200700038837,0.0,7,0,0.0,0.0,7.0,12.0,B01
201200007469,0.0,7,0,0.0,2.0,1.0,1.0,B02
201200030167,0.0,7,0,0.0,2.0,4.0,2.0,B01
200700069373,0.0,10,0,0.0,2.0,1.0,2.0,D01
201100052935,0.0,7,0,0.0,2.0,3.0,21.0,D01
200500057256,1.0,7,0,0.0,2.0,5.0,15.0,B01
200500045444,0.0,7,0,0.0,2.0,8.0,11.0,A01
201400031363,0.0,7,0,0.0,2.0,5.0,16.0,A01
200500068138,0.0,7,0,0.0,2.0,2.0,16.0,B01
201400044578,0.0,7,0,0.0,2.0,1.0,1.0,A01
201100014114,0.0,10,0,8.0,2.0,1.0,19.0,B02
200500014812,0.0,1,0,0.0,2.0,1.0,15.0,A01
200900058243,0.0,33,0,0.0,2.0,4.0,1.0,A01
201600038344,1.0,30,0,1.0,0.0,1.0,1.0,A01
201400059173,0.0,1,0,0.0,2.0,1.0,1.0,B01
201400054401,0.0,33,0,0.0,2.0,7.0,1.0,B01
200800066771,0.0,1,0,0.0,0.0,1.0,23.0,B01