Num_Acc,senc,catv,occutc,obs,obsm,choc,manv,num_veh
200700071138,0.0,7,0,0.0,0.0,8.0,9.0,A01
200500010633,0.0,7,0,0.0,0.0,3.0,19.0,A01
201500048264,0.0,7,0,0.0,1.0,2.0,21.0,A01
200600037665,0.0,7,0,0.0,2.0,4.0,2.0,B01
200700065767,0.0,1,0,0.0,0.0,4.0,2.0,B01
200500082536,0.0,5,0,0.0,2.0,1.0,1.0,A01
200700020542,0.0,7,0,0.0,2.0,1.0,1.0,A01
201500022733,0.0,10,0,0.0,2.0,0.0,0.0,A01
201100020706,0.0,7,0,0.0,2.0,3.0,15.0,B01
200800071522,0.0,7,0,0.0,0.0,7.0,1.0,A01
200600042702,0.0,7,0,0.0,2.0,3.0,1.0,B02
201100008902,0.0,10,0,0.0,2.0,3.0,9.0,B02
200600074918,0.0,7,0,0.0,0.0,5.0,1.0,F06
200800013498,0.0,2,0,0.0,2.0,1.0,5.0,A01
200500017071,0.0,2,0,0.0,1.0,1.0,1.0,A01
201000060809,0.0,7,0,0.0,2.0,2.0,16.0,B01
201500013511,0.0,7,0,0.0,2.0,1.0,1.0,C01
201500058018,1.0,32,0,0.0,1.0,1.0,1.0,Z01
200700059858,0.0,33,0,0.0,2.0,1.0,3.0,C01
200600047455,0.0,7,0,0.0,2.0,8.0,0.0,B01
200900029900,0.0,33,0,0.0,2.0,1.0,1.0,B02
200500012166,0.0,7,0,13.0,0.0,3.0,1.0,A01
201200021279,0.0,7,0,0.0,2.0,1.0,11.0,B01
201600003812,1.0,2,0,0.0,0.0,4.0,15.0,B02
201100050676,0.0,7,0,0.0,2.0,1.0,2.0,A01
200500029859,0.0,7,0,0.0,2.0,4.0,4.0,A01
200600074504,0.0,7,0,0.0,2.0,3.0,13.0,B02
200700022634,0.0,7,0,0.0,2.0,3.0,2.0,B01
201600006157,2.0,7,0,0.0,0.0,4.0,2.0,A01
200900033966,0.0,33,0,0.0,2.0,3.0,1.0,A01
201300043608,0.0,7,0,0.0,2.0,4.0,1.0,B01
201100062271,0.0,7,0,0.0,2.0,3.0,9.0,A01
201600001389,1.0,35,0,0.0,2.0,3.0,13.0,A01
200700048351,0.0,7,0,0.0,2.0,2.0,15.0,B02
200700050387,0.0,7,0,0.0,0.0,1.0,1.0,A01
201000029302,0.0,7,0,0.0,2.0,1.0,1.0,A01
200800069036,0.0,10,0,0.0,2.0,3.0,1.0,A01
201300014183,0.0,10,0,0.0,0.0,3.0,0.0,A01
201600044150,2.0,7,0,0.0,2.0,1.0,1.0,A01
201100011596,0.0,33,0,2.0,0.0,1.0,1.0,A01
201200042164,0.0,7,0,0.0,2.0,1.0,1.0,A01
201100032704,0.0,1,0,0.0,0.0,0.0,0.0,A01
201100048866,0.0,7,0,0.0,2.0,2.0,16.0,A01
201300028580,0.0,7,0,0.0,2.0,1.0,5.0,A01
201200002409,0.0,7,0,0.0,2.0,7.0,1.0,A01
200600074304,0.0,7,0,0.0,0.0,4.0,1.0,B02
200500039466,0.0,7,0,0.0,0.0,8.0,22.0,B02
200800066403,0.0,7,0,0.0,2.0,1.0,15.0,A01
200900024013,0.0,7,0,0.0,2.0,3.0,15.0,A01
201300019895,0.0,37,1,0.0,2.0,2.0,2.0,B01
200600006200,0.0,7,0,0.0,2.0,1.0,13.0,A01
200900008229,0.0,7,0,6.0,0.0,1.0,19.0,A01
201100019800,0.0,7,0,0.0,2.0,1.0,19.0,A01
201100035379,0.0,7,0,0.0,2.0,1.0,1.0,A01
200600010045,0.0,7,0,0.0,2.0,2.0,1.0,A01
200600008829,0.0,5,0,0.0,2.0,1.0,1.0,B01
201400005483,0.0,99,0,0.0,0.0,0.0,0.0,C03
201400006772,0.0,7,0,0.0,2.0,3.0,1.0,B02
200900043046,0.0,33,0,15.0,0.0,1.0,0.0,A01
200500075514,0.0,7,0,0.0,2.0,7.0,1.0,A01
201400010246,0.0,33,0,0.0,2.0,1.0,1.0,B01
201000006132,0.0,7,0,0.0,2.0,1.0,19.0,A01
200700061734,0.0,20,0,0.0,0.0,4.0,1.0,B02
200600048552,0.0,7,0,0.0,2.0,4.0,1.0,C01
201500010663,0.0,7,0,0.0,2.0,1.0,1.0,A01
201000045623,0.0,10,0,0.0,2.0,3.0,1.0,B01
201000038790,0.0,7,0,14.0,0.0,1.0,2.0,A01
200900050864,0.0,7,0,8.0,0.0,1.0,6.0,A01
201000058095,0.0,1,0,0.0,0.0,1.0,1.0,B01
201000032219,0.0,7,0,0.0,2.0,2.0,16.0,A01
201200017089,0.0,7,0,0.0,2.0,1.0,15.0,A01
200700067083,0.0,31,0,0.0,2.0,7.0,1.0,B01
201600053984,1.0,10,0,0.0,2.0,0.0,16.0,B01
201400031697,0.0,7,0,0.0,2.0,2.0,15.0,A01
201600036725,0.0,15,0,0.0,2.0,4.0,2.0,B01
200600038043,0.0,7,0,0.0,0.0,4.0,2.0,B01
201100027157,0.0,31,0,0.0,2.0,7.0,1.0,A01
201400044114,0.0,7,0,0.0,2.0,3.0,16.0,A01
200900073849,0.0,30,0,0.0,2.0,1.0,17.0,A01
201000008320,0.0,7,0,1.0,0.0,1.0,12.0,A01
200800002104,0.0,14,0,0.0,2.0,4.0,23.0,C01
200700052749,0.0,7,0,14.0,0.0,1.0,1.0,A01
200800009222,0.0,7,0,0.0,2.0,4.0,2.0,B01
200500056662,0.0,1,0,0.0,2.0,1.0,1.0,B01
201200006225,0.0,34,0,0.0,2.0,3.0,1.0,A01
200600028158,1.0,7,0,0.0,2.0,5.0,0.0,A01
200500053279,0.0,7,0,0.0,2.0,1.0,2.0,A01
201300016324,0.0,7,0,0.0,2.0,1.0,13.0,A01
201300022386,0.0,7,0,0.0,2.0,5.0,1.0,B01
200900017318,0.0,7,0,0.0,2.0,8.0,1.0,A01
201300036374,0.0,31,0,0.0,2.0,1.0,1.0,B01
201000002585,0.0,33,0,0.0,2.0,1.0,2.0,A01
201400033487,0.0,1,0,0.0,2.0,0.0,19.0,A01
201200018734,0.0,7,0,2.0,0.0,1.0,1.0,A01
200600012369,0.0,7,0,0.0,0.0,9.0,6.0,A01
201100041231,0.0,2,0,0.0,0.0,4.0,23.0,B01
201400022668,0.0,7,0,0.0,2.0,0.0,16.0,B01
200700002347,0.0,7,0,6.0,0.0,1.0,1.0,A01
200700069542,0.0,33,0,0.0,2.0,1.0,1.0,B01
200600046407,0.0,1,0,0.0,2.0,1.0,1.0,B02
200700008588,0.0,7,0,0.0,1.0,1.0,1.0,A01
200700042619,0.0,7,0,0.0,2.0,6.0,10.0,A01
200500005367,0.0,5,0,0.0,2.0,1.0,1.0,B01
200600048009,0.0,30,0,0.0,2.0,4.0,23.0,B01
200600080439,0.0,7,0,0.0,2.0,4.0,2.0,C01
201200034864,0.0,1,0,0.0,2.0,1.0,1.0,B01
200700080529,0.0,10,0,3.0,0.0,3.0,21.0,A01
201100026995,0.0,1,0,0.0,2.0,8.0,0.0,B01
201400042519,0.0,7,0,0.0,1.0,2.0,1.0,A01
201500052673,0.0,33,0,0.0,2.0,6.0,1.0,B01
201100066703,0.0,7,0,0.0,2.0,3.0,0.0,B01
200700034926,0.0,2,0,0.0,2.0,1.0,1.0,B01
201100022537,0.0,7,0,0.0,2.0,1.0,1.0,B01
201400032425,0.0,1,0,0.0,2.0,1.0,1.0,B01
200900068778,0.0,7,0,0.0,2.0,4.0,2.0,A01
200700027793,0.0,7,0,0.0,2.0,7.0,1.0,A01
200800025122,0.0,7,0,0.0,2.0,4.0,1.0,C01
200900007419,0.0,7,0,0.0,2.0,3.0,3.0,A01
201600036140,0.0,7,0,0.0,2.0,1.0,2.0,A01
201500043144,0.0,7,0,8.0,2.0,2.0,1.0,A01
200800040840,0.0,33,0,0.0,2.0,1.0,1.0,B01
200700042652,0.0,7,0,0.0,2.0,4.0,23.0,C01
200500004066,0.0,7,0,0.0,1.0,1.0,2.0,A01
200800043859,0.0,7,0,0.0,2.0,1.0,1.0,A01
201100013764,0.0,7,0,0.0,2.0,3.0,13.0,A01
200600039727,0.0,7,0,0.0,2.0,3.0,13.0,A01
200700069397,0.0,7,0,0.0,1.0,1.0,1.0,A01
201400047307,0.0,7,0,0.0,2.0,1.0,11.0,A01
201200057067,0.0,7,0,0.0,2.0,1.0,2.0,A01
201200060880,0.0,7,0,0.0,1.0,2.0,1.0,A01
200900045782,0.0,10,0,0.0,2.0,3.0,2.0,B02
200600060903,0.0,1,0,0.0,2.0,2.0,0.0,A01
200600035139,0.0,7,0,0.0,1.0,1.0,7.0,A01
200700058676,0.0,33,0,0.0,2.0,2.0,1.0,B01
200800020042,0.0,7,0,0.0,2.0,4.0,1.0,B01
200600017105,0.0,7,0,0.0,2.0,1.0,1.0,A01
200900017179,0.0,7,0,0.0,2.0,2.0,0.0,A01
201300047978,0.0,7,0,14.0,0.0,1.0,1.0,A01
200500069052,0.0,7,0,6.0,9.0,8.0,1.0,A01
200600025099,0.0,7,0,3.0,0.0,3.0,0.0,A01
200500055899,0.0,2,0,0.0,2.0,1.0,2.0,A01
200900063246,0.0,7,0,4.0,0.0,1.0,0.0,A01
200500079160,0.0,7,0,0.0,2.0,1.0,2.0,A01
201600056477,2.0,10,0,0.0,2.0,0.0,9.0,A01
201000045839,0.0,30,0,0.0,2.0,1.0,1.0,B01
200700061348,0.0,33,0,0.0,0.0,7.0,2.0,B02
200600024570,0.0,33,0,0.0,2.0,1.0,5.0,B02
201000008259,0.0,2,0,0.0,2.0,1.0,1.0,B02
201100066232,0.0,2,0,0.0,9.0,1.0,1.0,B01
200900029804,0.0,33,0,0.0,2.0,1.0,1.0,B01
201200021869,0.0,7,0,8.0,0.0,1.0,0.0,A01
201400055679,0.0,10,0,0.0,2.0,2.0,14.0,A01
201500009516,0.0,7,0,0.0,0.0,9.0,1.0,A01
200800035982,0.0,30,0,0.0,2.0,7.0,2.0,A01
201100022007,0.0,13,0,0.0,1.0,4.0,4.0,A01
201200051018,0.0,15,0,0.0,2.0,3.0,2.0,A01
200500010941,0.0,7,0,0.0,2.0,1.0,13.0,A01
200500075605,0.0,2,0,0.0,2.0,1.0,1.0,A01
200900013051,0.0,2,0,0.0,2.0,1.0,0.0,A01
200700048773,0.0,31,0,0.0,2.0,1.0,1.0,B01
201200025260,0.0,1,0,0.0,2.0,1.0,1.0,A01
201200006236,0.0,1,0,0.0,2.0,1.0,1.0,B02
201200026809,0.0,7,0,0.0,0.0,0.0,10.0,A01
201600058778,0.0,34,0,0.0,0.0,0.0,0.0,B01
201400049610,0.0,7,0,0.0,2.0,7.0,1.0,B01
200800029565,0.0,1,0,0.0,0.0,0.0,0.0,A01
201300015142,0.0,33,0,0.0,2.0,2.0,1.0,B01
201000011572,0.0,7,0,0.0,2.0,5.0,15.0,B02
200900062624,0.0,37,2,0.0,2.0,1.0,13.0,A01
201600016268,0.0,7,0,0.0,2.0,1.0,1.0,B01
201500025080,0.0,1,0,0.0,2.0,7.0,1.0,B01
201200036919,0.0,7,0,0.0,0.0,0.0,9.0,B01
201100049840,0.0,33,0,6.0,0.0,1.0,1.0,A01
200800013027,0.0,33,0,0.0,2.0,1.0,1.0,B01
200600004449,0.0,7,0,0.0,1.0,1.0,1.0,A01
201300053766,0.0,7,0,0.0,1.0,3.0,15.0,A01
201000008791,0.0,7,0,0.0,2.0,3.0,1.0,B02
201100045757,0.0,31,0,0.0,2.0,1.0,1.0,B01
200900008780,0.0,7,0,0.0,2.0,5.0,23.0,B01
200800049664,0.0,10,0,0.0,0.0,0.0,0.0,A01
201200019293,0.0,10,0,0.0,2.0,2.0,1.0,A01
200800054604,0.0,2,0,0.0,2.0,1.0,2.0,A01
200600073534,0.0,7,0,0.0,0.0,3.0,24.0,A01
200900060206,1.0,7,0,0.0,1.0,1.0,0.0,A01
201300011974,0.0,17,0,0.0,2.0,2.0,1.0,B02
200800001681,0.0,7,0,0.0,2.0,6.0,0.0,A01
201000038800,0.0,7,0,9.0,0.0,8.0,1.0,A01
201400035885,0.0,13,0,0.0,2.0,3.0,1.0,B01
200600011520,0.0,2,0,0.0,2.0,0.0,0.0,A01
200900072964,0.0,7,0,0.0,0.0,8.0,0.0,B02
201400056627,0.0,7,0,0.0,2.0,4.0,15.0,B01
201100001581,0.0,30,0,0.0,2.0,1.0,1.0,B02
201000060345,0.0,33,0,0.0,0.0,7.0,1.0,C01
200600008739,0.0,7,0,0.0,2.0,3.0,23.0,B01
201600045175,2.0,7,0,0.0,2.0,3.0,11.0,A01
200900024885,0.0,33,0,0.0,0.0,9.0,16.0,A01
201000039654,0.0,7,0,0.0,2.0,2.0,1.0,A01
201200013270,0.0,30,0,0.0,2.0,2.0,15.0,A01
201200024610,0.0,7,0,0.0,2.0,7.0,0.0,A01
200500006590,0.0,7,0,14.0,0.0,1.0,1.0,B01
200500001891,0.0,7,0,3.0,0.0,3.0,1.0,A01
200800043203,0.0,7,0,0.0,2.0,6.0,22.0,B01
201500025992,0.0,7,0,0.0,0.0,0.0,0.0,B01
200700026268,0.0,7,0,0.0,2.0,8.0,1.0,B02
200600006158,0.0,7,0,2.0,0.0,1.0,1.0,A01
200700059183,0.0,2,0,0.0,2.0,8.0,12.0,B01
201500032022,0.0,7,0,0.0,1.0,2.0,1.0,A01
200500080157,1.0,4,0,0.0,1.0,0.0,0.0,A01
201600038019,0.0,7,0,0.0,2.0,3.0,9.0,A01
201500005095,0.0,1,0,0.0,2.0,7.0,19.0,B02
200500035732,0.0,5,0,0.0,2.0,1.0,1.0,C01
201200050999,0.0,33,0,0.0,2.0,2.0,1.0,A01
201200052736,0.0,7,0,0.0,2.0,4.0,2.0,B01
200700055505,0.0,2,0,0.0,0.0,1.0,2.0,B01
201300038747,0.0,32,0,0.0,2.0,0.0,21.0,B01
200900028682,0.0,37,11,0.0,2.0,3.0,1.0,C01
201300040068,0.0,7,0,0.0,0.0,4.0,2.0,B01
201400040295,0.0,1,0,0.0,2.0,1.0,17.0,A01
200700047198,0.0,21,0,0.0,2.0,3.0,23.0,B02
200600006870,0.0,7,0,0.0,2.0,2.0,17.0,A01
200800013868,0.0,7,0,0.0,2.0,1.0,2.0,A01
201200004145,0.0,30,0,0.0,0.0,8.0,1.0,A01
201400003803,0.0,15,0,0.0,2.0,1.0,1.0,B02
200800015182,0.0,7,0,0.0,2.0,8.0,15.0,B01
201500028438,0.0,7,0,0.0,2.0,1.0,15.0,A01
201200029988,0.0,21,0,0.0,0.0,8.0,1.0,A01
201600018295,1.0,7,0,0.0,2.0,1.0,13.0,A01
200600031328,0.0,33,0,0.0,2.0,1.0,1.0,A01
200600020273,0.0,7,0,0.0,2.0,1.0,1.0,A01
200900063118,0.0,7,0,3.0,0.0,1.0,1.0,A01
200600042703,0.0,1,0,0.0,2.0,1.0,1.0,B02
201300054686,0.0,7,0,0.0,2.0,4.0,2.0,A01
200700018008,0.0,7,0,0.0,2.0,4.0,2.0,D01
200700028830,0.0,2,0,0.0,0.0,7.0,1.0,A01
201000032157,0.0,7,0,0.0,2.0,4.0,2.0,C01
201300054372,0.0,2,0,0.0,2.0,1.0,16.0,A01
200900067577,0.0,33,0,0.0,0.0,0.0,0.0,B01
201000042743,1.0,7,0,0.0,1.0,0.0,0.0,A01
201000067666,0.0,7,0,0.0,2.0,2.0,23.0,A01
201500046472,0.0,7,0,0.0,2.0,1.0,2.0,A01
200900014828,0.0,1,0,0.0,2.0,0.0,0.0,B01
201000042270,0.0,7,0,0.0,2.0,4.0,2.0,B01
201200035483,0.0,30,0,0.0,2.0,3.0,11.0,A01
201600000455,0.0,33,0,0.0,2.0,1.0,13.0,A01
201100051429,0.0,33,0,0.0,2.0,7.0,3.0,B01
200500070130,0.0,7,0,3.0,2.0,1.0,2.0,B01
201400030518,0.0,10,0,0.0,1.0,1.0,1.0,A01
200600046986,0.0,7,0,16.0,0.0,1.0,1.0,A01
200800045937,0.0,7,0,0.0,0.0,5.0,1.0,B01
200700012572,0.0,7,0,0.0,2.0,4.0,1.0,B02
201200041712,0.0,33,0,0.0,1.0,1.0,1.0,A01
200600041032,0.0,7,0,0.0,2.0,8.0,1.0,A01
200900044243,0.0,7,0,0.0,2.0,4.0,1.0,B01
200900065408,0.0,2,0,0.0,2.0,7.0,1.0,B01
201100011401,0.0,7,0,0.0,2.0,3.0,15.0,A01
201300052090,0.0,1,0,0.0,2.0,3.0,1.0,B01
201500007785,0.0,33,0,0.0,2.0,1.0,13.0,A01
200900004943,0.0,33,0,1.0,1.0,1.0,1.0,A01
201400014754,0.0,7,0,0.0,2.0,1.0,2.0,A01
200600041639,0.0,30,0,0.0,1.0,1.0,1.0,A01
200700038124,0.0,33,0,0.0,2.0,7.0,3.0,B01
200600071324,0.0,7,0,0.0,0.0,9.0,1.0,A01
200900025666,0.0,7,0,0.0,1.0,6.0,24.0,B02
201100051230,0.0,7,0,0.0,2.0,1.0,1.0,A01
200500063663,0.0,7,0,0.0,0.0,0.0,0.0,B02
200700063216,0.0,33,0,0.0,2.0,8.0,1.0,B01
201300012053,0.0,7,0,0.0,2.0,4.0,1.0,A01
200700011331,0.0,7,0,0.0,2.0,3.0,1.0,B01
200900068459,0.0,7,0,0.0,9.0,1.0,15.0,A01
201100041670,0.0,7,0,12.0,0.0,3.0,1.0,A01
201000031226,0.0,7,0,0.0,2.0,1.0,1.0,A01
201600019044,1.0,10,0,1.0,0.0,2.0,2.0,B02
200900038710,0.0,30,0,12.0,0.0,0.0,0.0,A01
201300055066,0.0,1,0,0.0,2.0,4.0,2.0,A01
200700037537,1.0,7,0,0.0,2.0,1.0,2.0,A01
201000022586,0.0,31,0,0.0,1.0,1.0,1.0,A01
200700072527,0.0,7,0,0.0,2.0,1.0,5.0,B01
201100060735,0.0,31,0,0.0,2.0,1.0,1.0,B01
201300029749,0.0,7,0,0.0,2.0,7.0,20.0,A01
201600023141,1.0,7,0,0.0,2.0,8.0,0.0,B01
200800070082,0.0,7,0,0.0,2.0,1.0,1.0,B01
200600080767,0.0,7,0,0.0,2.0,5.0,2.0,B01
201000066012,0.0,30,0,1.0,0.0,1.0,17.0,A01
201200051501,0.0,7,0,0.0,2.0,4.0,0.0,B01
200600030263,0.0,7,0,0.0,2.0,8.0,15.0,A01
200500029452,0.0,7,0,0.0,2.0,1.0,15.0,A01
201000027317,0.0,7,0,13.0,0.0,1.0,1.0,A01
200800022764,0.0,7,0,4.0,2.0,7.0,21.0,A01
200600065356,0.0,5,0,0.0,2.0,2.0,3.0,A01
200500013588,0.0,7,0,0.0,0.0,3.0,15.0,A01
201600029330,1.0,14,0,0.0,2.0,3.0,1.0,B01
201200025060,0.0,7,0,0.0,2.0,1.0,1.0,B01
201500009073,0.0,7,0,0.0,2.0,2.0,1.0,B02
201300032455,0.0,7,0,0.0,2.0,3.0,13.0,A01
200600003148,0.0,3,0,0.0,2.0,3.0,1.0,B01
200500048354,0.0,7,0,0.0,2.0,3.0,0.0,B02
200700068695,0.0,7,0,0.0,1.0,4.0,4.0,A01
200600035665,0.0,7,0,0.0,2.0,1.0,16.0,B01
201600037616,0.0,7,0,0.0,1.0,1.0,1.0,A01
200600049312,0.0,7,0,0.0,2.0,2.0,1.0,A01
201500049639,0.0,7,0,4.0,0.0,1.0,0.0,A01
201400007388,0.0,33,0,0.0,0.0,7.0,1.0,A01
201200029176,0.0,7,0,0.0,1.0,1.0,1.0,A01
201100007140,0.0,10,0,13.0,0.0,3.0,1.0,A01
201300016394,0.0,33,0,0.0,2.0,1.0,1.0,B01
200800021069,0.0,7,0,0.0,0.0,2.0,9.0,A01
201100002868,0.0,7,0,0.0,0.0,4.0,23.0,A01
200900055131,0.0,33,0,1.0,1.0,1.0,2.0,B02
200900027653,0.0,7,0,0.0,2.0,3.0,15.0,A01
200600060240,0.0,7,0,0.0,2.0,2.0,15.0,A01
200900035886,0.0,7,0,0.0,9.0,3.0,9.0,A01
201100040735,0.0,7,0,0.0,2.0,1.0,1.0,A01
200600043220,0.0,7,0,0.0,2.0,3.0,13.0,A01
200700030433,0.0,2,0,0.0,2.0,3.0,1.0,B01
201200061626,0.0,7,0,0.0,9.0,8.0,1.0,B01
201600057944,1.0,7,0,0.0,2.0,3.0,1.0,B02
200900051885,0.0,7,0,0.0,2.0,3.0,9.0,A01
201600041920,2.0,34,0,14.0,2.0,1.0,1.0,B01
200800050851,0.0,7,0,0.0,2.0,4.0,2.0,C01
201400030291,0.0,3,0,0.0,2.0,1.0,1.0,B01
200600056549,0.0,7,0,2.0,0.0,1.0,13.0,A01
201000010636,0.0,7,0,0.0,2.0,1.0,21.0,B02
201300043251,0.0,1,0,0.0,9.0,3.0,1.0,A01
200800054343,0.0,33,0,0.0,2.0,1.0,1.0,B01
200600003985,0.0,7,0,0.0,0.0,0.0,13.0,B01
201100010545,0.0,7,0,0.0,2.0,4.0,2.0,B02
200800061177,0.0,7,0,0.0,2.0,4.0,2.0,A01
201500055578,0.0,1,0,0.0,2.0,0.0,17.0,B01
200500059313,0.0,1,0,1.0,0.0,3.0,1.0,B01
201000065134,0.0,7,0,0.0,2.0,3.0,1.0,B01
201000045128,0.0,33,0,0.0,2.0,1.0,2.0,A01
201100023848,0.0,7,0,0.0,1.0,1.0,1.0,A01
201500038913,0.0,30,0,4.0,0.0,1.0,1.0,A01
201200011267,0.0,32,0,0.0,2.0,0.0,1.0,B01
201200050585,0.0,7,0,0.0,2.0,1.0,2.0,A01
201100052711,0.0,7,0,0.0,2.0,6.0,13.0,A01
201500052080,0.0,7,0,0.0,1.0,1.0,1.0,A01
200900062605,0.0,33,0,6.0,2.0,1.0,1.0,B01
201200011915,0.0,7,0,0.0,2.0,3.0,1.0,B01
201300007636,0.0,7,0,0.0,2.0,8.0,15.0,B02
201000063939,0.0,1,0,0.0,2.0,1.0,1.0,B01
201500030364,0.0,7,0,0.0,2.0,3.0,15.0,A01
201100055386,0.0,7,0,0.0,2.0,9.0,2.0,C01
200900034272,0.0,33,0,0.0,2.0,1.0,3.0,A01
201000061598,0.0,30,0,0.0,2.0,2.0,17.0,A01
201600040156,2.0,7,0,0.0,1.0,3.0,1.0,A01
200800049652,0.0,7,0,0.0,2.0,3.0,1.0,B02
201300041392,1.0,7,0,0.0,1.0,3.0,1.0,A01
201100044586,0.0,7,0,0.0,2.0,4.0,2.0,B01
200900008843,0.0,7,0,0.0,2.0,3.0,1.0,A01
200700054233,0.0,7,0,0.0,0.0,0.0,15.0,A01
201200036023,0.0,7,0,0.0,2.0,1.0,5.0,B01
201100043619,0.0,1,0,0.0,2.0,3.0,1.0,B01
200700049104,0.0,37,4,0.0,9.0,2.0,1.0,B01
201500042740,0.0,7,0,0.0,2.0,8.0,22.0,A01
201300027890,0.0,40,0,0.0,1.0,0.0,1.0,A01
201300042198,0.0,2,0,0.0,0.0,0.0,0.0,A01
201000021325,0.0,7,0,0.0,2.0,2.0,12.0,B01
201400017998,0.0,7,0,0.0,2.0,0.0,1.0,B02
200700001045,0.0,10,0,0.0,1.0,3.0,1.0,A01
200600014100,0.0,4,0,0.0,2.0,1.0,1.0,A01
200800006794,0.0,7,0,0.0,0.0,9.0,0.0,A01
200800013451,0.0,7,0,0.0,2.0,2.0,15.0,A01
201100016319,0.0,2,0,0.0,2.0,1.0,1.0,B01
200700052921,0.0,7,0,8.0,0.0,1.0,1.0,A01
201300047870,0.0,10,0,0.0,2.0,4.0,2.0,C01
200900052999,0.0,7,0,0.0,2.0,1.0,1.0,C01
201500047271,0.0,33,0,0.0,2.0,3.0,3.0,A01
201400009052,0.0,7,0,0.0,2.0,3.0,17.0,A01
200600002716,0.0,10,0,0.0,2.0,3.0,15.0,A01
201300040782,0.0,32,0,0.0,2.0,1.0,16.0,B01
200900059948,0.0,14,0,3.0,0.0,7.0,1.0,A01
201100036287,0.0,30,0,0.0,2.0,1.0,1.0,B01
200700026460,0.0,7,0,0.0,2.0,1.0,15.0,A01
200800011783,0.0,10,0,0.0,2.0,7.0,15.0,A01
200900009332,0.0,33,0,0.0,2.0,0.0,1.0,A01
201300040150,0.0,7,0,0.0,2.0,3.0,9.0,A01
201000001486,0.0,7,0,0.0,2.0,7.0,1.0,B02
201200048416,0.0,7,0,0.0,2.0,2.0,17.0,A01
200700014036,0.0,7,0,9.0,0.0,1.0,0.0,A01
201400033389,0.0,7,0,0.0,2.0,1.0,1.0,A01
200900057532,0.0,7,0,0.0,2.0,1.0,13.0,B02
200800053267,0.0,7,0,0.0,2.0,3.0,15.0,A01
200700003646,0.0,2,0,0.0,2.0,1.0,1.0,A01
201200047394,0.0,7,0,12.0,2.0,1.0,1.0,A01
200600025711,0.0,4,0,0.0,2.0,1.0,1.0,B01
200800061441,0.0,7,0,0.0,2.0,4.0,23.0,C01
201400023337,0.0,7,0,0.0,0.0,0.0,0.0,C01
200600017731,0.0,7,0,0.0,2.0,2.0,1.0,B02
200700055716,0.0,17,0,0.0,0.0,0.0,15.0,A01
201100066111,0.0,7,0,0.0,2.0,4.0,24.0,B01
201600048128,1.0,7,0,0.0,2.0,1.0,2.0,A01
201400027028,0.0,33,0,0.0,2.0,3.0,1.0,B01
200600033309,0.0,30,0,0.0,2.0,1.0,1.0,A01
201300033595,0.0,7,0,0.0,1.0,3.0,16.0,A01
201500012878,0.0,7,0,0.0,2.0,1.0,1.0,B01
201200030764,0.0,7,0,0.0,2.0,2.0,15.0,A01
201100059140,0.0,33,0,0.0,2.0,3.0,1.0,A01
201600007008,1.0,33,0,0.0,2.0,1.0,1.0,A01
200900054282,0.0,2,0,0.0,2.0,1.0,2.0,B01
200700042636,0.0,7,0,0.0,2.0,1.0,9.0,A01
200900074231,0.0,7,0,0.0,0.0,0.0,1.0,D01
201100052092,0.0,31,0,0.0,2.0,1.0,1.0,A01
201200049435,0.0,7,0,0.0,0.0,9.0,0.0,A01
201100032472,1.0,2,0,0.0,2.0,1.0,1.0,A01
201000027158,0.0,10,0,0.0,2.0,3.0,13.0,A01
200500051591,0.0,7,0,0.0,2.0,3.0,11.0,A01
201200047835,0.0,7,0,0.0,2.0,0.0,0.0,B01
201300035628,0.0,7,0,0.0,2.0,8.0,10.0,A01
200800028862,0.0,33,0,0.0,2.0,1.0,1.0,B02
200600075116,0.0,30,0,0.0,2.0,1.0,1.0,A01
200800076211,0.0,2,0,0.0,2.0,0.0,1.0,A01
200500006047,0.0,7,0,0.0,1.0,1.0,15.0,A01
200700007082,0.0,31,0,0.0,2.0,1.0,17.0,A01
201500037920,0.0,30,0,0.0,2.0,7.0,17.0,B01
200800030425,0.0,33,0,0.0,2.0,1.0,1.0,B02
200700038419,0.0,7,0,8.0,0.0,3.0,1.0,A01
201500016180,0.0,33,0,0.0,2.0,1.0,1.0,B01
201100061203,0.0,32,0,0.0,2.0,1.0,7.0,A01
200800004696,0.0,7,0,0.0,1.0,3.0,15.0,A01
200600076460,0.0,7,0,3.0,0.0,9.0,21.0,A01
200500006190,0.0,7,0,0.0,9.0,4.0,2.0,B01
201300028940,0.0,7,0,0.0,2.0,3.0,23.0,B01
201500035841,0.0,7,0,0.0,2.0,7.0,0.0,A01
200900007905,0.0,33,0,0.0,2.0,9.0,13.0,A01
201000012759,0.0,2,0,0.0,2.0,8.0,13.0,A01
200800050643,0.0,7,0,0.0,2.0,6.0,23.0,A01
200700010148,0.0,7,0,0.0,2.0,4.0,1.0,C01
201500049313,0.0,7,0,0.0,2.0,4.0,2.0,A01
201500006098,0.0,31,0,0.0,2.0,1.0,1.0,A01
200900041502,0.0,7,0,0.0,2.0,1.0,1.0,B01
200600009726,0.0,7,0,0.0,2.0,1.0,2.0,A01
200700012957,0.0,7,0,0.0,0.0,5.0,13.0,A01
201100032937,0.0,30,0,0.0,2.0,1.0,1.0,A01
201300049105,0.0,7,0,0.0,2.0,3.0,15.0,A01