Num_Acc,senc,catv,occutc,obs,obsm,choc,manv,num_veh
201400054000,0.0,34,0,0.0,1.0,1.0,1.0,A01
201100024922,0.0,7,0,0.0,0.0,0.0,0.0,B01
200500009756,0.0,5,0,0.0,2.0,8.0,1.0,B01
200700019781,0.0,7,0,0.0,1.0,1.0,1.0,A01
201600039330,0.0,99,0,0.0,2.0,2.0,16.0,B01
201300012294,0.0,7,0,4.0,2.0,1.0,1.0,A01
201200043224,0.0,31,0,0.0,2.0,1.0,1.0,A01
201300038768,0.0,14,0,0.0,2.0,8.0,15.0,A01
201200049651,0.0,33,0,0.0,2.0,1.0,3.0,A01
201100053939,0.0,33,0,0.0,2.0,7.0,1.0,C01
201200017735,0.0,7,0,4.0,0.0,2.0,1.0,A01
201200037071,0.0,7,0,16.0,9.0,1.0,1.0,A01
200600067664,0.0,2,0,0.0,1.0,1.0,1.0,A01
200500087843,0.0,7,0,0.0,1.0,1.0,1.0,A01
200700062816,0.0,7,0,0.0,1.0,7.0,21.0,A01
200500011712,0.0,7,0,0.0,2.0,1.0,1.0,E05
201600044229,0.0,7,0,0.0,1.0,1.0,1.0,A01
200800024430,0.0,33,0,0.0,2.0,1.0,21.0,A01
201100021464,0.0,7,0,0.0,2.0,1.0,2.0,B01
200900051828,0.0,7,0,0.0,0.0,8.0,11.0,A01
200500049724,0.0,7,0,6.0,0.0,7.0,13.0,A01
200900070592,0.0,7,0,0.0,2.0,4.0,1.0,B01
201100047266,0.0,7,0,0.0,2.0,1.0,15.0,B01
200800075175,0.0,7,0,0.0,0.0,8.0,15.0,B02
200600069187,0.0,1,0,0.0,2.0,1.0,1.0,B01
201300016426,0.0,33,0,0.0,2.0,1.0,1.0,B01
201200047580,0.0,7,0,0.0,2.0,4.0,17.0,A01
200500047574,0.0,99,0,0.0,0.0,0.0,0.0,A01
200700002270,0.0,7,0,0.0,2.0,4.0,1.0,B01
201300018907,0.0,7,0,6.0,0.0,2.0,14.0,A01
200800038936,0.0,33,0,1.0,2.0,8.0,17.0,A01
200500028625,0.0,1,0,0.0,2.0,1.0,1.0,B01
201000008464,0.0,33,0,0.0,2.0,1.0,17.0,B02
201400016531,0.0,7,0,0.0,0.0,8.0,1.0,B01
200900064404,0.0,7,0,0.0,2.0,8.0,16.0,B01
201000029470,0.0,7,0,1.0,2.0,3.0,1.0,A01
201200012175,0.0,7,0,13.0,0.0,1.0,1.0,A01
200800068399,0.0,7,0,0.0,2.0,1.0,2.0,A01
200600023041,0.0,7,0,0.0,9.0,0.0,12.0,A01
201200000660,0.0,7,0,0.0,2.0,3.0,13.0,A01
201600033722,2.0,7,0,0.0,2.0,3.0,15.0,B01
200700041447,0.0,10,0,0.0,2.0,3.0,12.0,B02
201100045279,0.0,7,0,0.0,2.0,1.0,1.0,A01
201600015194,1.0,34,0,0.0,2.0,0.0,0.0,B01
200700028944,0.0,7,0,0.0,2.0,1.0,15.0,A01
201600027826,1.0,7,0,0.0,1.0,1.0,16.0,A01
201500033928,0.0,7,0,0.0,2.0,7.0,15.0,A01
200700064056,0.0,7,0,0.0,2.0,1.0,9.0,A01
200600025699,0.0,2,0,0.0,2.0,8.0,17.0,A01
201000030249,0.0,32,0,0.0,1.0,1.0,1.0,A01
201200029764,0.0,7,0,0.0,2.0,1.0,1.0,C01
200800059472,0.0,30,0,0.0,0.0,8.0,1.0,B01
201500038047,0.0,7,0,0.0,1.0,1.0,1.0,A01
200900047332,0.0,7,0,0.0,2.0,6.0,24.0,C01
200900008652,0.0,7,0,0.0,2.0,2.0,17.0,A01
201200025712,0.0,7,0,0.0,2.0,3.0,23.0,D01
200700074451,0.0,7,0,0.0,2.0,2.0,1.0,A01
201200041631,0.0,30,0,0.0,0.0,0.0,1.0,A01
200800006355,0.0,7,0,0.0,9.0,5.0,19.0,A01
201500013477,0.0,30,0,0.0,2.0,3.0,1.0,B01
201000007140,0.0,7,0,0.0,2.0,1.0,1.0,D04
200500076458,0.0,1,0,0.0,2.0,7.0,17.0,A01
201200033741,0.0,1,0,0.0,2.0,1.0,16.0,B01
201100015958,0.0,7,0,0.0,2.0,1.0,1.0,B01
201000066213,0.0,37,25,0.0,1.0,1.0,1.0,A01
201500050496,1.0,7,0,0.0,1.0,0.0,0.0,Z01
200800048606,0.0,7,0,3.0,2.0,3.0,1.0,A01
200600075558,0.0,7,0,0.0,2.0,0.0,1.0,B01
200500013955,0.0,7,0,0.0,0.0,2.0,0.0,A01
201200061323,0.0,7,0,0.0,1.0,1.0,1.0,A01
201500013525,0.0,7,0,0.0,2.0,8.0,0.0,A01
200500035336,0.0,7,0,0.0,1.0,1.0,20.0,A01
201300046674,0.0,15,0,0.0,2.0,0.0,1.0,C02
201000008656,0.0,10,0,0.0,1.0,1.0,1.0,A01
201300016369,0.0,33,0,0.0,0.0,1.0,1.0,A01
201400020243,0.0,7,0,0.0,2.0,1.0,2.0,A01
200600054364,0.0,7,0,0.0,2.0,3.0,1.0,A01
200700076798,0.0,7,0,0.0,2.0,1.0,1.0,B01
200500077561,0.0,7,0,0.0,2.0,2.0,1.0,B01
201400044603,0.0,7,0,0.0,2.0,1.0,2.0,B01
200800057658,0.0,7,0,0.0,2.0,1.0,1.0,B01
201000033642,0.0,7,0,0.0,2.0,8.0,15.0,A01
201200009721,0.0,30,0,0.0,2.0,1.0,1.0,B02
201000051065,0.0,2,0,0.0,2.0,1.0,17.0,A01
201000000357,0.0,7,0,0.0,1.0,1.0,16.0,A01
200900025391,0.0,7,0,0.0,2.0,8.0,15.0,B01
201400014569,0.0,32,0,0.0,2.0,1.0,21.0,B01
201400013691,0.0,7,0,0.0,2.0,5.0,20.0,A01
201100040530,0.0,7,0,0.0,0.0,0.0,1.0,B01
201100017026,0.0,7,0,4.0,2.0,5.0,17.0,A01
200500012197,0.0,7,0,0.0,2.0,2.0,1.0,A01
201100031216,0.0,7,0,0.0,2.0,1.0,13.0,A01
200600043527,0.0,1,0,0.0,0.0,0.0,0.0,B02
200900053299,0.0,33,0,15.0,2.0,0.0,9.0,A01
200500055207,0.0,2,0,0.0,2.0,1.0,1.0,A01
201300013787,0.0,7,0,0.0,0.0,4.0,23.0,C01
201500054437,0.0,7,0,0.0,2.0,2.0,16.0,A01
201400036795,0.0,30,0,8.0,2.0,1.0,8.0,A01
200700064429,0.0,7,0,0.0,2.0,4.0,1.0,B01
200500082402,0.0,7,0,0.0,2.0,3.0,11.0,A01
201200032542,0.0,7,0,14.0,2.0,1.0,13.0,B01
200700066592,0.0,7,0,0.0,2.0,7.0,12.0,B01
200700038060,0.0,34,0,0.0,0.0,5.0,21.0,A01
201100033461,1.0,7,0,0.0,0.0,0.0,16.0,Z01
200500016582,0.0,7,0,1.0,0.0,1.0,1.0,A01
201400038512,0.0,7,0,0.0,1.0,1.0,16.0,A01
201400058307,0.0,7,0,0.0,2.0,1.0,1.0,A01
201200036011,0.0,7,0,0.0,2.0,2.0,23.0,A01
200700068738,0.0,7,0,0.0,2.0,3.0,9.0,A01
200700032717,0.0,7,0,10.0,0.0,9.0,13.0,A01
200600064406,0.0,31,0,0.0,2.0,1.0,0.0,A01
200600067350,1.0,7,0,0.0,1.0,1.0,1.0,A01
200700052974,0.0,7,0,0.0,2.0,4.0,2.0,A01
201200032879,0.0,7,0,0.0,2.0,4.0,2.0,B01
201500020769,0.0,7,0,0.0,2.0,1.0,13.0,A01
200700069869,0.0,30,0,0.0,2.0,1.0,5.0,A01
201500052763,0.0,33,0,0.0,2.0,5.0,1.0,B01
200900023099,0.0,7,0,0.0,2.0,4.0,1.0,B01
201300051197,0.0,1,0,0.0,2.0,1.0,1.0,A01
200700021181,0.0,7,0,0.0,2.0,1.0,1.0,A01
200900019369,0.0,7,0,0.0,1.0,1.0,1.0,A01
201000019650,0.0,7,0,0.0,2.0,4.0,23.0,B01
200700056160,0.0,30,0,0.0,2.0,3.0,15.0,B01
201400014538,1.0,10,0,0.0,2.0,0.0,9.0,Z01
201500041574,0.0,7,0,0.0,2.0,1.0,2.0,A01
200500031425,0.0,7,0,0.0,1.0,2.0,1.0,A01
200500046817,0.0,7,0,8.0,0.0,1.0,14.0,A01
201000045776,0.0,7,0,0.0,2.0,3.0,2.0,A01
200700032692,0.0,7,0,0.0,0.0,0.0,0.0,A01
200500081381,0.0,7,0,0.0,0.0,3.0,22.0,A01
200500001949,0.0,10,0,0.0,0.0,3.0,1.0,A01
201600015886,1.0,7,0,0.0,2.0,3.0,19.0,A01
200500066296,0.0,7,0,0.0,2.0,1.0,2.0,A01
201100006919,0.0,7,0,3.0,0.0,8.0,1.0,B02
201000021857,1.0,7,0,0.0,1.0,3.0,13.0,Z01
200800029492,0.0,7,0,0.0,1.0,1.0,1.0,A01
201100018060,0.0,7,0,0.0,2.0,1.0,1.0,A01
201400015301,0.0,7,0,0.0,2.0,6.0,1.0,B01
201500001682,0.0,30,0,0.0,2.0,1.0,1.0,A01
200800037850,0.0,10,0,0.0,2.0,1.0,19.0,A01
201500049850,0.0,7,0,0.0,2.0,4.0,2.0,C01
201200027331,0.0,33,0,0.0,2.0,7.0,1.0,B01
200700051283,0.0,37,0,0.0,0.0,2.0,1.0,A01
201400048815,0.0,7,0,0.0,2.0,1.0,2.0,A01
201400050795,0.0,7,0,0.0,2.0,8.0,1.0,C01
200500083399,2.0,7,0,0.0,2.0,3.0,0.0,A01
201300011566,0.0,7,0,0.0,2.0,3.0,1.0,B02
201300035360,0.0,7,0,0.0,1.0,3.0,1.0,A01
201400051294,0.0,33,0,0.0,2.0,6.0,2.0,A01
200800014588,0.0,17,0,0.0,2.0,4.0,2.0,B01
200500038677,0.0,9,0,0.0,0.0,4.0,23.0,A01
200600022965,0.0,7,0,14.0,0.0,9.0,1.0,A01
201500035951,0.0,7,0,1.0,0.0,1.0,1.0,A01
201200001265,0.0,7,0,0.0,1.0,2.0,1.0,A01
200600009495,0.0,2,0,0.0,2.0,1.0,5.0,B01
201600029766,1.0,7,0,0.0,2.0,4.0,1.0,B01
201400020157,0.0,7,0,9.0,1.0,2.0,1.0,A01
201100024410,0.0,7,0,0.0,1.0,5.0,0.0,A01
201100026534,0.0,31,0,0.0,2.0,1.0,1.0,A01
200800059226,0.0,7,0,0.0,2.0,1.0,1.0,B01
200500059505,0.0,7,0,0.0,2.0,7.0,15.0,A01
201000055022,0.0,7,0,0.0,0.0,6.0,11.0,A01
200900068850,0.0,7,0,0.0,2.0,4.0,23.0,B01
201500057468,0.0,7,0,0.0,2.0,8.0,24.0,B01
200600000139,0.0,7,0,0.0,2.0,2.0,1.0,B01
201000056461,0.0,33,0,0.0,2.0,2.0,17.0,B01
201000038971,0.0,7,0,0.0,2.0,1.0,15.0,A01
200800007312,0.0,10,0,0.0,2.0,1.0,19.0,A01
201100020894,0.0,7,0,0.0,2.0,5.0,1.0,B01
200600053589,1.0,99,0,0.0,2.0,0.0,17.0,A01
200800027058,0.0,1,0,0.0,2.0,1.0,15.0,A01
201500042918,0.0,7,0,0.0,2.0,3.0,1.0,B01
200800061513,0.0,7,0,0.0,2.0,4.0,2.0,B01
201600029222,0.0,7,0,0.0,2.0,4.0,2.0,C01
201600011500,2.0,7,0,13.0,0.0,1.0,14.0,A01
201400016769,0.0,10,0,0.0,2.0,3.0,1.0,B02
200800065455,0.0,7,0,0.0,2.0,3.0,1.0,B01
201300013190,0.0,2,0,0.0,2.0,1.0,17.0,A01
200900073497,0.0,7,0,0.0,0.0,1.0,0.0,A01
201100053468,0.0,15,0,0.0,2.0,4.0,11.0,A01
201300025039,0.0,7,0,0.0,2.0,5.0,20.0,B01
201300054266,0.0,7,0,0.0,2.0,8.0,22.0,A01
201200014780,0.0,7,0,0.0,0.0,3.0,10.0,A01
201100047231,0.0,33,0,0.0,2.0,1.0,1.0,B01
201600018775,1.0,17,0,0.0,2.0,4.0,2.0,B02
201200050840,0.0,33,0,0.0,2.0,1.0,3.0,B01
200800068658,0.0,7,0,0.0,2.0,1.0,13.0,B02
200500085357,0.0,7,0,0.0,0.0,9.0,1.0,A01
201500000870,0.0,7,0,0.0,1.0,1.0,1.0,A01
200600031451,0.0,7,0,2.0,0.0,1.0,13.0,A01
200900006618,0.0,7,0,0.0,1.0,1.0,0.0,A01
201100054391,0.0,7,0,0.0,2.0,1.0,2.0,A01
201500035605,0.0,7,0,0.0,1.0,3.0,2.0,A01
201200050082,0.0,7,0,0.0,2.0,2.0,12.0,A01
200700032852,0.0,7,0,0.0,1.0,5.0,1.0,A01
201300056300,0.0,32,0,0.0,2.0,1.0,1.0,A01
200900030187,1.0,7,0,0.0,2.0,1.0,1.0,A01
201000005394,0.0,7,0,0.0,0.0,4.0,23.0,C03
200500076211,0.0,7,0,0.0,2.0,4.0,2.0,C01
200900058210,0.0,7,0,0.0,2.0,2.0,9.0,A01
201400029332,0.0,7,0,0.0,1.0,3.0,1.0,A01
201600009067,1.0,31,0,0.0,2.0,1.0,1.0,B02
200700042306,0.0,1,0,0.0,0.0,4.0,1.0,A01
200600036181,0.0,2,0,1.0,0.0,1.0,14.0,A01
200700077871,0.0,7,0,0.0,2.0,1.0,1.0,C01
201600045514,2.0,10,0,0.0,2.0,1.0,2.0,B01
201600031683,1.0,7,0,0.0,2.0,3.0,1.0,A01
201600010137,2.0,7,0,0.0,2.0,1.0,1.0,A01
200600080692,0.0,7,0,1.0,0.0,0.0,1.0,A01
201600021116,1.0,7,0,0.0,0.0,4.0,9.0,B01
200600025090,0.0,7,0,0.0,0.0,8.0,1.0,B02
201600031752,0.0,7,0,0.0,1.0,2.0,16.0,A01
201600040429,0.0,7,0,0.0,2.0,3.0,13.0,A01
200600050505,0.0,7,0,0.0,2.0,0.0,0.0,C01
201300006679,0.0,17,0,0.0,0.0,8.0,1.0,B02
200600083297,0.0,7,0,0.0,9.0,7.0,17.0,A01
200800021144,0.0,33,0,0.0,2.0,1.0,8.0,B01
201200038222,0.0,10,0,0.0,2.0,5.0,2.0,B01
201100050562,0.0,7,0,0.0,2.0,3.0,15.0,B01
200900070667,0.0,7,0,0.0,2.0,6.0,1.0,C01
201500008087,0.0,20,0,0.0,2.0,8.0,1.0,B02
200700077753,0.0,13,0,0.0,2.0,1.0,1.0,A01
201500043305,0.0,33,0,0.0,2.0,1.0,1.0,B01
201100018045,0.0,7,0,0.0,6.0,1.0,1.0,A01
200900054962,0.0,30,0,0.0,2.0,8.0,15.0,A01
200600075583,0.0,7,0,0.0,0.0,4.0,1.0,B01
201500032468,0.0,2,0,0.0,2.0,1.0,1.0,B01
200800025509,0.0,7,0,0.0,2.0,1.0,13.0,A01
201000029531,0.0,7,0,0.0,2.0,4.0,2.0,B01
200600012707,0.0,7,0,0.0,2.0,1.0,1.0,B01
201500041320,1.0,99,0,0.0,1.0,0.0,0.0,Z01
201300057335,0.0,7,0,0.0,2.0,3.0,1.0,A01
201200050371,0.0,7,0,3.0,2.0,6.0,0.0,B01
201600018135,2.0,7,0,2.0,0.0,1.0,1.0,A01
201400030582,0.0,7,0,0.0,2.0,1.0,1.0,B01
200900012749,0.0,7,0,0.0,2.0,3.0,11.0,A01
200500058756,0.0,2,0,0.0,2.0,4.0,23.0,B01
201600017327,2.0,14,0,13.0,0.0,1.0,19.0,A01
201100003297,0.0,7,0,8.0,0.0,9.0,1.0,A01
201600009005,2.0,1,0,0.0,0.0,1.0,1.0,A01
201500030612,0.0,7,0,0.0,1.0,2.0,0.0,A01
200600047962,0.0,40,0,0.0,2.0,3.0,1.0,B01
200600067139,0.0,7,0,1.0,0.0,2.0,14.0,A01
201400042322,0.0,7,0,0.0,2.0,1.0,2.0,A01
200600066292,0.0,7,0,0.0,2.0,8.0,15.0,A01
201500002141,0.0,7,0,5.0,0.0,9.0,1.0,A01
200800029697,0.0,33,0,0.0,2.0,1.0,1.0,A01
201000057904,0.0,1,0,0.0,2.0,8.0,19.0,B01
200800038418,0.0,7,0,0.0,2.0,3.0,15.0,B01
201100020747,0.0,7,0,0.0,2.0,3.0,13.0,A01
200900041282,0.0,10,0,0.0,0.0,0.0,2.0,B02
200600000765,0.0,7,0,0.0,1.0,1.0,1.0,A01
200900053148,0.0,7,0,0.0,2.0,0.0,0.0,B01
200500010816,0.0,7,0,0.0,2.0,1.0,1.0,A01
201000055101,0.0,7,0,0.0,2.0,8.0,11.0,B01
200700061323,0.0,7,0,0.0,2.0,6.0,1.0,D04
201200001726,0.0,30,0,0.0,2.0,1.0,1.0,B01
200800050931,0.0,30,0,0.0,2.0,8.0,0.0,B01
201600036859,1.0,33,0,16.0,0.0,1.0,1.0,A01
201500033116,0.0,7,0,0.0,1.0,0.0,0.0,A01
201400058031,0.0,33,0,0.0,2.0,4.0,23.0,B01
201400015132,0.0,37,1,0.0,2.0,2.0,1.0,B01
200700040526,0.0,7,0,0.0,0.0,4.0,2.0,B02
200700038297,0.0,7,0,3.0,0.0,2.0,0.0,A01
200700068083,0.0,7,0,4.0,0.0,1.0,2.0,A01
200600064715,0.0,7,0,0.0,2.0,1.0,2.0,A01
200500085771,0.0,7,0,0.0,0.0,3.0,15.0,A01
201200026703,0.0,7,0,0.0,2.0,1.0,5.0,A01
201100040765,0.0,7,0,1.0,1.0,8.0,1.0,A01
200900060996,0.0,7,0,0.0,0.0,7.0,19.0,A01
201400005716,0.0,33,0,0.0,0.0,0.0,1.0,A01
200700051443,0.0,37,0,0.0,1.0,2.0,1.0,A01
200700045973,0.0,31,0,0.0,0.0,0.0,0.0,B01
200700027047,0.0,7,0,0.0,2.0,6.0,1.0,B01
201200043571,0.0,17,0,0.0,2.0,0.0,1.0,C01
201400005606,0.0,7,0,0.0,2.0,4.0,1.0,C03
200800053632,0.0,10,0,0.0,2.0,8.0,1.0,B01
201300058036,0.0,7,0,0.0,0.0,0.0,1.0,A01
200500055667,0.0,7,0,0.0,2.0,3.0,1.0,B02
201100008781,0.0,7,0,0.0,2.0,3.0,1.0,D04
201400057978,0.0,7,0,0.0,2.0,4.0,23.0,B01
201100065238,0.0,33,0,0.0,2.0,3.0,1.0,B02
201300036899,1.0,7,0,0.0,1.0,0.0,0.0,Z01
201000013841,0.0,7,0,0.0,2.0,1.0,1.0,B02
201300057355,0.0,10,0,0.0,1.0,3.0,1.0,A01
201000050085,0.0,7,0,15.0,0.0,1.0,0.0,A01
201300015847,0.0,7,0,0.0,0.0,1.0,0.0,A01
201300000503,0.0,7,0,0.0,1.0,1.0,21.0,A01
201000058665,0.0,7,0,0.0,2.0,4.0,2.0,C01
200700075691,0.0,7,0,0.0,2.0,2.0,1.0,A01
200700058679,0.0,33,0,0.0,2.0,3.0,3.0,B01
200700043860,0.0,7,0,0.0,2.0,1.0,13.0,A01
200900017366,0.0,7,0,0.0,2.0,1.0,1.0,B02
201100030340,0.0,7,0,0.0,2.0,4.0,23.0,D01
200800067743,0.0,7,0,7.0,0.0,1.0,1.0,A01
200500054260,0.0,7,0,0.0,2.0,3.0,19.0,A01
201100046215,0.0,7,0,1.0,0.0,1.0,1.0,A01
201600020967,1.0,2,0,0.0,2.0,1.0,1.0,B01
200600041259,0.0,7,0,0.0,2.0,1.0,1.0,A01
201400022429,0.0,7,0,13.0,0.0,2.0,1.0,A01
200600005471,0.0,7,0,0.0,2.0,1.0,1.0,A01
200700074407,0.0,10,0,0.0,2.0,1.0,2.0,B02
201100012574,0.0,33,0,0.0,2.0,1.0,21.0,B02
201200036112,0.0,7,0,0.0,1.0,2.0,1.0,A01
200700004936,0.0,7,0,0.0,2.0,6.0,16.0,B01
201200010105,0.0,1,0,0.0,2.0,1.0,1.0,B02
201300046033,0.0,7,0,3.0,2.0,8.0,1.0,A01
201100034271,0.0,7,0,0.0,2.0,0.0,15.0,A01
201600007746,2.0,13,0,0.0,2.0,7.0,2.0,A01
201400025694,0.0,10,0,0.0,2.0,4.0,1.0,B01
201300005936,0.0,7,0,1.0,0.0,1.0,14.0,A01
201000024620,0.0,17,0,3.0,0.0,3.0,0.0,A01
200700024802,0.0,17,0,0.0,0.0,0.0,0.0,A01
201600047170,1.0,7,0,0.0,2.0,3.0,1.0,B01
200800058014,0.0,34,0,0.0,2.0,1.0,1.0,A01
201300052837,0.0,7,0,0.0,0.0,4.0,23.0,B01
200900063215,0.0,7,0,0.0,2.0,7.0,12.0,A01
201100059813,0.0,30,0,0.0,0.0,1.0,21.0,A01
200600009984,0.0,2,0,0.0,2.0,8.0,3.0,A01
201600031891,1.0,7,0,13.0,0.0,9.0,21.0,A01
201200006056,0.0,7,0,0.0,2.0,3.0,1.0,A01
200600067289,0.0,7,0,0.0,2.0,3.0,15.0,B01
200800018916,0.0,7,0,0.0,2.0,1.0,1.0,A01
200700016152,0.0,7,0,0.0,1.0,1.0,1.0,A01
200600083389,0.0,2,0,0.0,2.0,1.0,1.0,B01
200500048367,0.0,7,0,0.0,0.0,1.0,1.0,B02
200500054366,0.0,7,0,0.0,2.0,9.0,21.0,A01
200600067752,0.0,30,0,0.0,2.0,1.0,1.0,B01
201200041818,0.0,14,0,0.0,2.0,4.0,4.0,A01
201600037097,1.0,7,0,0.0,2.0,1.0,1.0,A01
201400038458,0.0,7,0,2.0,0.0,1.0,1.0,A01
200700052421,0.0,7,0,6.0,0.0,7.0,17.0,A01
200600079397,0.0,7,0,2.0,2.0,9.0,1.0,A01
201500012728,0.0,7,0,0.0,2.0,7.0,1.0,A01
200800043670,0.0,7,0,0.0,2.0,7.0,11.0,A01
200800022685,0.0,30,0,0.0,2.0,0.0,2.0,A01
200700020039,0.0,2,0,0.0,2.0,1.0,13.0,B02
201500048380,0.0,7,0,0.0,0.0,7.0,1.0,B01
200500079566,0.0,7,0,0.0,2.0,8.0,1.0,B02
200600075022,0.0,7,0,0.0,2.0,1.0,1.0,B02
201400043307,0.0,32,0,0.0,0.0,1.0,1.0,B01
201300015449,0.0,7,0,0.0,2.0,3.0,15.0,A01
200900010922,0.0,37,1,0.0,2.0,0.0,1.0,A01
201600017809,2.0,2,0,6.0,2.0,7.0,17.0,B01
201000002783,0.0,7,0,8.0,0.0,3.0,1.0,A01
200600015915,0.0,7,0,0.0,0.0,3.0,10.0,B02
201600026470,0.0,7,0,0.0,2.0,1.0,1.0,A01
201100006502,0.0,7,0,0.0,2.0,1.0,13.0,A01
200500048298,0.0,7,0,0.0,2.0,1.0,1.0,B02
200800000159,0.0,7,0,0.0,0.0,3.0,1.0,A01
201600034977,0.0,7,0,0.0,2.0,6.0,0.0,B01
201000056087,0.0,7,0,0.0,0.0,9.0,1.0,A01
201200001414,0.0,7,0,0.0,1.0,8.0,15.0,A01
200700031378,0.0,7,0,0.0,2.0,1.0,2.0,B01
200800001316,0.0,7,0,14.0,0.0,3.0,1.0,B02
201000053693,0.0,7,0,0.0,1.0,2.0,15.0,A01
200500080639,0.0,7,0,0.0,2.0,1.0,1.0,B01
200500009436,0.0,7,0,0.0,2.0,3.0,19.0,A01
201600051390,1.0,7,0,0.0,2.0,1.0,1.0,A01
200800029855,0.0,2,0,0.0,2.0,1.0,1.0,A01
200600075325,0.0,7,0,0.0,2.0,2.0,16.0,B01
200500077940,0.0,7,0,8.0,0.0,8.0,1.0,A01
200900005664,1.0,1,0,0.0,1.0,0.0,5.0,Z01
200800013774,0.0,7,0,0.0,2.0,0.0,9.0,A01
201500041081,0.0,7,0,6.0,0.0,1.0,2.0,A01
200800016160,0.0,31,0,13.0,0.0,0.0,1.0,A01
201300042448,0.0,7,0,0.0,2.0,1.0,1.0,A01
201000057106,0.0,15,0,0.0,2.0,1.0,2.0,B01
200900020639,0.0,13,0,0.0,2.0,2.0,1.0,B01
201400056959,0.0,34,0,0.0,0.0,0.0,21.0,A01
201600032051,1.0,7,0,0.0,2.0,4.0,2.0,D01
201100046323,0.0,7,0,8.0,2.0,1.0,19.0,A01
201300013873,1.0,7,0,0.0,2.0,1.0,0.0,A01
200800074607,0.0,7,0,0.0,9.0,3.0,1.0,A01
201200044624,0.0,10,0,0.0,2.0,3.0,1.0,B01
200500082138,0.0,2,0,0.0,2.0,1.0,1.0,B01
200800009068,0.0,7,0,0.0,2.0,7.0,15.0,A01
201100057788,0.0,7,0,0.0,1.0,1.0,1.0,A01
201500056364,0.0,7,0,0.0,2.0,4.0,2.0,B01
200900054294,0.0,7,0,0.0,0.0,6.0,15.0,B01
201200013271,0.0,31,0,0.0,2.0,1.0,15.0,B01
200900066189,0.0,34,0,0.0,2.0,3.0,1.0,B01
201000045221,0.0,32,0,0.0,2.0,1.0,1.0,B01
200700062929,0.0,33,0,0.0,2.0,1.0,1.0,B01
200900030890,0.0,7,0,0.0,2.0,1.0,1.0,A01
201400035568,0.0,7,0,0.0,0.0,1.0,5.0,A01
201300028559,1.0,7,0,0.0,2.0,1.0,16.0,A01
201100047977,0.0,33,0,0.0,2.0,4.0,1.0,B01
201500023868,0.0,7,0,0.0,0.0,5.0,1.0,B01
201400031873,0.0,2,0,0.0,2.0,1.0,2.0,B01
201400046419,0.0,7,0,0.0,0.0,1.0,1.0,B01
201000015677,0.0,7,0,0.0,2.0,3.0,1.0,B01
201500048145,0.0,40,75,0.0,2.0,2.0,1.0,B01
201100007744,0.0,7,0,0.0,2.0,1.0,1.0,B02
200700019298,0.0,7,0,0.0,2.0,3.0,13.0,A01
200900034660,0.0,7,0,0.0,2.0,7.0,6.0,A01
200500001444,0.0,7,0,0.0,2.0,7.0,15.0,A01
201600002874,1.0,1,0,0.0,0.0,1.0,0.0,B02
201000054246,0.0,7,0,0.0,1.0,1.0,13.0,A01
201100007239,0.0,1,0,0.0,2.0,0.0,1.0,B02
200500052246,0.0,10,0,0.0,2.0,1.0,1.0,A01
201300031133,0.0,37,1,0.0,2.0,3.0,1.0,B01
200800042678,0.0,7,0,0.0,2.0,1.0,1.0,D01
201600015398,1.0,7,0,0.0,2.0,5.0,2.0,A01
200700072666,0.0,7,0,0.0,2.0,2.0,2.0,A01
201200022447,0.0,7,0,0.0,2.0,2.0,1.0,B01
201200061215,0.0,7,0,15.0,0.0,3.0,1.0,A01
201600050797,2.0,7,0,0.0,2.0,1.0,0.0,D01
200700061951,0.0,7,0,0.0,2.0,1.0,1.0,B01
201400021748,0.0,2,0,12.0,0.0,1.0,13.0,A01
201400050108,0.0,30,0,12.0,0.0,0.0,1.0,A01
201000009701,0.0,7,0,0.0,1.0,3.0,9.0,A01
201000062418,1.0,7,0,0.0,0.0,7.0,9.0,Z01
200900003606,0.0,7,0,0.0,2.0,3.0,15.0,A01
200800022980,0.0,33,0,0.0,2.0,7.0,16.0,B01
200700056622,0.0,2,0,0.0,2.0,1.0,1.0,B01
201000053657,0.0,7,0,0.0,2.0,8.0,15.0,B01
200800006370,0.0,30,0,0.0,2.0,2.0,17.0,A01
201000022493,0.0,7,0,0.0,2.0,0.0,9.0,A01
200600060463,0.0,7,0,0.0,2.0,7.0,5.0,A01
201300019281,0.0,1,0,0.0,2.0,1.0,1.0,B01
201100057890,0.0,1,0,0.0,2.0,7.0,1.0,A01
201600047973,2.0,10,0,0.0,2.0,4.0,14.0,B01
201200035919,0.0,7,0,0.0,2.0,1.0,1.0,B01
200800003778,0.0,7,0,0.0,2.0,1.0,1.0,A01
200900023754,0.0,7,0,0.0,2.0,2.0,1.0,B01
201400030625,0.0,7,0,0.0,0.0,0.0,1.0,C01
200700020628,0.0,2,0,0.0,2.0,1.0,1.0,B01
201100055494,0.0,32,0,0.0,2.0,1.0,17.0,A01
201300001998,0.0,21,0,0.0,2.0,3.0,15.0,B02
200500046695,0.0,5,0,12.0,0.0,1.0,21.0,B01
201500035746,0.0,7,0,0.0,2.0,4.0,2.0,B01
201100001524,0.0,7,0,0.0,0.0,9.0,1.0,A01
201000015650,0.0,7,0,0.0,2.0,1.0,1.0,C01