Num_Acc,senc,catv,occutc,obs,obsm,choc,manv,num_veh
201600000369,1.0,7,0,0.0,2.0,1.0,10.0,A01
201400038058,0.0,7,0,0.0,2.0,4.0,1.0,B01
201500017448,0.0,3,0,8.0,0.0,9.0,21.0,A01
200700053081,0.0,7,0,0.0,2.0,7.0,1.0,A01
200500004225,0.0,7,0,0.0,2.0,1.0,1.0,B01
200600052808,0.0,7,0,0.0,2.0,2.0,3.0,B02
201300012141,0.0,15,0,3.0,2.0,1.0,6.0,A01
200600052175,0.0,30,0,0.0,2.0,1.0,1.0,A01
200900047583,0.0,38,54,0.0,2.0,1.0,2.0,E01
200900009995,0.0,7,0,0.0,0.0,0.0,14.0,A01
200500043210,0.0,15,0,3.0,2.0,1.0,6.0,A01
201300017428,0.0,7,0,0.0,2.0,1.0,1.0,B02
200700000125,0.0,17,0,0.0,2.0,3.0,1.0,B02
201200028931,0.0,7,0,0.0,2.0,3.0,9.0,A01
201000007019,0.0,7,0,0.0,2.0,6.0,9.0,A01
201100016581,0.0,7,0,0.0,2.0,3.0,17.0,A01
201100044763,0.0,38,1,0.0,2.0,1.0,13.0,A01
200700038073,0.0,7,0,0.0,0.0,1.0,1.0,A01
201600006173,2.0,7,0,0.0,2.0,1.0,1.0,A01
200700076189,0.0,17,0,0.0,0.0,4.0,2.0,B02
201500003351,0.0,7,0,0.0,2.0,2.0,13.0,A01
200800009973,0.0,10,0,0.0,2.0,1.0,15.0,A01
201500010212,0.0,7,0,0.0,2.0,4.0,23.0,B01
201100008602,0.0,7,0,0.0,2.0,3.0,0.0,B02
200700075276,0.0,7,0,0.0,2.0,8.0,1.0,B02
201500054468,0.0,7,0,0.0,2.0,2.0,1.0,A01
200700006071,0.0,7,0,4.0,0.0,3.0,1.0,A01
200700011599,0.0,7,0,0.0,2.0,3.0,15.0,A01
201400020833,0.0,7,0,0.0,2.0,1.0,1.0,A01
201000068457,0.0,7,0,0.0,1.0,1.0,9.0,A01
200800045063,0.0,7,0,0.0,0.0,4.0,23.0,B01
200700074536,0.0,33,0,16.0,0.0,7.0,14.0,A01
201600025000,1.0,7,0,0.0,2.0,1.0,15.0,A01
201100055248,0.0,7,0,0.0,2.0,4.0,2.0,D01
201300055690,0.0,7,0,0.0,2.0,8.0,15.0,B01
200600056069,0.0,10,0,0.0,2.0,1.0,1.0,B01
201500012828,0.0,7,0,0.0,2.0,4.0,23.0,B01
200700056936,0.0,7,0,15.0,0.0,1.0,1.0,A01
201200000102,0.0,7,0,0.0,2.0,2.0,1.0,A01
201500002430,0.0,31,0,14.0,0.0,0.0,1.0,A01
201000061511,0.0,34,0,0.0,2.0,8.0,1.0,A01
201300032655,0.0,7,0,0.0,2.0,3.0,19.0,A01
201000014585,0.0,10,0,13.0,0.0,2.0,14.0,A01
201300017121,0.0,7,0,2.0,0.0,3.0,14.0,A01
200600039669,0.0,33,0,0.0,2.0,1.0,17.0,B01
201200056470,0.0,7,0,0.0,2.0,1.0,15.0,A01
201400047599,0.0,34,0,0.0,2.0,4.0,2.0,A01
201200013749,0.0,15,0,14.0,0.0,1.0,1.0,B02
200900068333,0.0,1,0,0.0,2.0,7.0,15.0,B01
201200034921,0.0,7,0,0.0,1.0,7.0,1.0,A01
200700046294,0.0,34,0,0.0,2.0,8.0,14.0,B01
200900009821,0.0,7,0,0.0,2.0,4.0,2.0,C01
200900038603,0.0,33,0,0.0,2.0,7.0,1.0,A01
200800000047,0.0,7,0,0.0,1.0,2.0,1.0,A01
200700062484,0.0,7,0,0.0,2.0,2.0,1.0,A01
201100013099,0.0,7,0,10.0,0.0,1.0,1.0,A01
200600069704,0.0,33,0,0.0,2.0,1.0,13.0,A01
201400046518,0.0,7,0,0.0,2.0,1.0,2.0,C01
201400008819,0.0,7,0,0.0,1.0,8.0,1.0,A01
200900038404,0.0,33,0,3.0,0.0,7.0,12.0,A01
200500071991,0.0,7,0,0.0,2.0,1.0,2.0,B02
200800063021,0.0,7,0,0.0,2.0,3.0,1.0,B02
200500064920,0.0,7,0,0.0,2.0,3.0,13.0,B01
200800016726,0.0,7,0,0.0,2.0,3.0,13.0,A01
200800020889,0.0,7,0,0.0,9.0,7.0,1.0,B01
200800046975,0.0,7,0,0.0,2.0,1.0,16.0,A01
201200022214,0.0,7,0,0.0,0.0,4.0,2.0,B01
200800056014,0.0,10,0,0.0,2.0,1.0,21.0,A01
200900058514,0.0,7,0,0.0,0.0,2.0,24.0,B01
201100024382,0.0,33,0,0.0,2.0,1.0,1.0,A01
200600058966,0.0,2,0,0.0,0.0,4.0,1.0,A01
200700065747,0.0,7,0,0.0,2.0,2.0,1.0,B01
201500055789,0.0,7,0,0.0,2.0,6.0,1.0,A01
201400009487,0.0,7,0,0.0,2.0,1.0,2.0,C03
200600055914,0.0,5,0,0.0,2.0,2.0,15.0,A01
201600027478,0.0,7,0,0.0,2.0,1.0,0.0,Z01
200800005129,0.0,7,0,0.0,1.0,1.0,1.0,A01
200500031964,0.0,7,0,0.0,2.0,1.0,1.0,B01
201600015636,1.0,33,0,0.0,0.0,0.0,0.0,A01
200600019895,0.0,7,0,15.0,9.0,9.0,1.0,A01
200500067295,0.0,2,0,7.0,0.0,1.0,1.0,A01
200900026431,0.0,7,0,16.0,0.0,2.0,14.0,A01
201300012259,0.0,7,0,0.0,2.0,4.0,2.0,B02
200700067772,0.0,5,0,0.0,0.0,8.0,1.0,B01
201100019471,0.0,33,0,0.0,2.0,1.0,1.0,B01
201100035825,0.0,7,0,0.0,0.0,4.0,23.0,D01
200500003163,0.0,19,0,0.0,2.0,1.0,1.0,B01
201500053389,0.0,32,0,0.0,2.0,2.0,17.0,B01
201200012658,0.0,7,0,0.0,0.0,4.0,23.0,V22
201200034614,0.0,17,0,0.0,2.0,1.0,2.0,A01
201600049772,1.0,7,0,0.0,2.0,7.0,12.0,A01
201500010861,0.0,7,0,0.0,0.0,4.0,23.0,B01
200600035111,0.0,4,0,0.0,2.0,1.0,2.0,A01
200500079279,0.0,7,0,2.0,2.0,1.0,5.0,B02
201200048124,0.0,34,0,0.0,2.0,3.0,1.0,A01
200700039442,0.0,7,0,0.0,0.0,0.0,1.0,A01
200500073200,0.0,7,0,0.0,1.0,2.0,1.0,A01
200900009041,0.0,7,0,0.0,2.0,1.0,1.0,A01
200800047138,0.0,7,0,0.0,2.0,1.0,1.0,C03
201300007632,0.0,7,0,0.0,2.0,3.0,1.0,B02
201400018736,0.0,31,0,0.0,0.0,1.0,1.0,B02
200700031971,0.0,7,0,6.0,0.0,3.0,1.0,A01
201600016417,2.0,7,0,0.0,2.0,1.0,9.0,B01
200600064797,0.0,7,0,1.0,2.0,7.0,1.0,B01
201000021606,0.0,7,0,6.0,2.0,1.0,19.0,A01
200900043754,0.0,10,0,0.0,2.0,1.0,2.0,D01
201500052257,0.0,34,0,0.0,0.0,8.0,14.0,A01
200900073770,0.0,7,0,0.0,1.0,0.0,19.0,A01
200800074853,0.0,2,0,0.0,2.0,0.0,0.0,B01
201100062743,0.0,33,0,0.0,2.0,8.0,1.0,A01
200800053201,0.0,33,0,8.0,0.0,7.0,1.0,A01
201400048499,0.0,7,0,0.0,2.0,1.0,1.0,G02
200500085982,0.0,7,0,0.0,0.0,8.0,15.0,B02
201400012267,0.0,7,0,0.0,2.0,7.0,12.0,B02
201600055342,1.0,7,0,0.0,2.0,1.0,1.0,A01
200800010691,0.0,2,0,0.0,0.0,1.0,1.0,A01
200700031583,0.0,7,0,0.0,0.0,3.0,1.0,A01
201300000994,0.0,2,0,0.0,2.0,1.0,2.0,B02
201400024810,0.0,1,0,1.0,2.0,3.0,1.0,C01
201100021411,0.0,33,0,0.0,1.0,0.0,1.0,A01
201100039392,0.0,33,0,0.0,2.0,8.0,1.0,B01
200900047706,0.0,10,0,0.0,2.0,2.0,2.0,B01
200700030216,0.0,5,0,0.0,0.0,4.0,2.0,C01
200700034392,0.0,7,0,0.0,2.0,1.0,2.0,B01
200600078707,0.0,7,0,0.0,2.0,1.0,1.0,A01
201400041627,0.0,33,0,0.0,2.0,3.0,2.0,B01
201300006495,0.0,31,0,0.0,2.0,1.0,1.0,A01
201600051881,1.0,7,0,0.0,2.0,2.0,16.0,A01
200900031348,0.0,7,0,0.0,9.0,1.0,1.0,B01
200700043072,0.0,7,0,0.0,2.0,3.0,1.0,A01
201300045448,0.0,31,0,0.0,2.0,1.0,3.0,B01
200600026530,0.0,7,0,0.0,2.0,1.0,1.0,C01
200600043158,0.0,33,0,0.0,0.0,7.0,1.0,A01
201400001372,0.0,7,0,0.0,2.0,8.0,13.0,A01
200700060470,0.0,7,0,0.0,2.0,3.0,1.0,B02
200900048184,0.0,2,0,0.0,2.0,1.0,5.0,A01
201300024812,0.0,32,0,0.0,2.0,1.0,1.0,B01
200600007339,0.0,7,0,0.0,0.0,3.0,1.0,B02
200500061134,0.0,1,0,0.0,2.0,1.0,15.0,A01
200700012917,0.0,7,0,0.0,2.0,1.0,1.0,B02
200700071580,0.0,10,0,0.0,2.0,1.0,9.0,A01
201600037621,0.0,1,0,0.0,2.0,4.0,15.0,B01
201100011785,0.0,7,0,0.0,2.0,1.0,12.0,B02
201000003401,0.0,7,0,8.0,0.0,8.0,1.0,A01
200600040893,0.0,10,0,0.0,2.0,3.0,15.0,A01
201400052006,0.0,10,0,0.0,2.0,5.0,16.0,A01
201000040855,0.0,7,0,0.0,2.0,1.0,1.0,B01
200500024852,0.0,7,0,2.0,0.0,1.0,1.0,A01
201500022569,0.0,7,0,0.0,2.0,5.0,0.0,B01
200500045882,0.0,1,0,0.0,1.0,1.0,1.0,A01
201200019291,0.0,7,0,0.0,2.0,9.0,2.0,B02
201100016643,0.0,14,0,1.0,0.0,2.0,14.0,C03
201200054139,0.0,33,0,0.0,2.0,1.0,17.0,B01
201100066931,0.0,7,0,0.0,2.0,1.0,1.0,A01
200800030420,0.0,7,0,16.0,6.0,9.0,1.0,A01
200600048256,0.0,7,0,0.0,2.0,1.0,1.0,A01
200700053529,0.0,7,0,0.0,2.0,1.0,1.0,B02
200600032046,0.0,7,0,0.0,2.0,1.0,2.0,A01
200700036584,0.0,7,0,0.0,2.0,2.0,1.0,A01
200800064901,0.0,2,0,0.0,0.0,1.0,2.0,A01
200700025528,0.0,7,0,2.0,0.0,9.0,1.0,A01
200600078733,0.0,7,0,0.0,2.0,6.0,15.0,B01
200800024646,0.0,33,0,1.0,0.0,2.0,14.0,A01
201000046339,1.0,2,0,0.0,2.0,0.0,19.0,Z01
201000007645,0.0,7,0,0.0,2.0,6.0,23.0,B02
200900048785,0.0,7,0,0.0,2.0,9.0,1.0,A01
201100043557,0.0,2,0,0.0,2.0,1.0,1.0,B01
201200032895,0.0,7,0,0.0,2.0,3.0,13.0,A01
201500022200,0.0,7,0,0.0,2.0,1.0,2.0,A01
200800033128,0.0,2,0,1.0,2.0,1.0,1.0,A01
200700043997,0.0,7,0,0.0,2.0,1.0,1.0,B01
200900045356,0.0,7,0,0.0,2.0,5.0,2.0,B01
200500024398,0.0,7,0,0.0,0.0,0.0,2.0,A01
200500067030,0.0,2,0,0.0,1.0,8.0,1.0,B01
201100055256,0.0,7,0,0.0,2.0,4.0,2.0,D01
201600024101,1.0,7,0,0.0,0.0,4.0,2.0,C01
200900003234,0.0,10,0,0.0,1.0,4.0,4.0,A01
200900063544,1.0,7,0,0.0,2.0,1.0,1.0,A01
201200019086,0.0,15,0,0.0,2.0,8.0,1.0,B02
200600055822,0.0,7,0,0.0,2.0,3.0,10.0,A01
201400023835,0.0,7,0,0.0,2.0,2.0,1.0,B01
200900016289,0.0,33,0,0.0,2.0,7.0,17.0,A01
201000006952,0.0,33,0,0.0,2.0,1.0,1.0,A01
200900068777,0.0,7,0,0.0,2.0,4.0,23.0,B01
200600021577,0.0,7,0,0.0,2.0,7.0,1.0,B01
201200047952,0.0,7,0,15.0,2.0,1.0,1.0,A01
201000009126,0.0,7,0,0.0,2.0,1.0,2.0,C01
200500054321,0.0,7,0,0.0,9.0,1.0,1.0,A01
200900028230,0.0,7,0,0.0,2.0,2.0,15.0,A01
201000043908,0.0,2,0,0.0,0.0,4.0,9.0,B01
200800005909,0.0,7,0,0.0,2.0,4.0,2.0,B02
201600034402,2.0,7,0,0.0,2.0,1.0,1.0,C01
201000015654,0.0,1,0,0.0,2.0,1.0,0.0,B01
201400040735,0.0,33,0,0.0,2.0,1.0,1.0,B01
201300048450,0.0,30,0,0.0,2.0,4.0,15.0,A01
201400018853,0.0,1,0,0.0,2.0,7.0,21.0,A01
201300036873,0.0,7,0,0.0,2.0,1.0,1.0,A01
201000026562,0.0,7,0,0.0,2.0,7.0,15.0,A01
200600029410,0.0,7,0,0.0,9.0,3.0,2.0,D01
200600063788,0.0,2,0,14.0,0.0,1.0,1.0,A01
200800018266,0.0,7,0,13.0,0.0,0.0,14.0,A01
200800030210,0.0,30,0,0.0,2.0,1.0,17.0,B02
201300035950,0.0,7,0,0.0,2.0,4.0,1.0,C01
201400025459,0.0,32,0,0.0,2.0,1.0,0.0,A01
200600040462,0.0,1,0,1.0,2.0,1.0,18.0,A01
201400029292,2.0,2,0,0.0,2.0,1.0,0.0,Z01
201100040535,0.0,2,0,0.0,2.0,1.0,1.0,A01
201000054565,0.0,30,0,0.0,2.0,1.0,1.0,B01
201600020904,1.0,30,0,0.0,2.0,1.0,1.0,A01
200500011901,0.0,7,0,4.0,0.0,3.0,11.0,A01
200800012108,0.0,7,0,0.0,0.0,1.0,2.0,B01
200800029145,0.0,7,0,0.0,2.0,1.0,5.0,B02
201400004629,0.0,33,0,0.0,2.0,8.0,1.0,B02
200800020480,0.0,30,0,1.0,2.0,1.0,18.0,A01
201600051428,1.0,7,0,0.0,2.0,8.0,22.0,Z01
200500023647,0.0,7,0,0.0,0.0,5.0,16.0,A01
201000039554,0.0,2,0,0.0,2.0,7.0,17.0,B01
201500043504,0.0,7,0,0.0,2.0,1.0,2.0,A01
200600078279,0.0,1,0,0.0,2.0,1.0,1.0,B01
201400017969,0.0,7,0,0.0,2.0,1.0,1.0,B01
201600055229,0.0,2,0,0.0,2.0,0.0,15.0,B01
200500070953,0.0,7,0,0.0,2.0,1.0,1.0,B02
201200045749,0.0,33,0,0.0,2.0,2.0,1.0,A01
201200021293,1.0,10,0,0.0,0.0,0.0,0.0,C01
200900035802,0.0,7,0,0.0,2.0,1.0,13.0,A01
200900019196,0.0,31,0,0.0,2.0,5.0,1.0,B01
201200015816,2.0,7,0,0.0,2.0,8.0,15.0,A01
200700015968,0.0,2,0,0.0,2.0,2.0,1.0,B01
200500068465,0.0,7,0,0.0,0.0,2.0,1.0,D01
200900006228,0.0,7,0,13.0,0.0,3.0,1.0,A01
201400011469,0.0,7,0,0.0,2.0,2.0,1.0,B01
201400013810,0.0,7,0,14.0,0.0,2.0,1.0,A01
201300000862,0.0,7,0,0.0,2.0,3.0,1.0,B02
200900014807,0.0,7,0,0.0,1.0,3.0,15.0,A01
201200003831,0.0,10,0,0.0,0.0,4.0,23.0,B02
200900004602,0.0,7,0,0.0,2.0,1.0,1.0,B01
200700054884,0.0,5,0,0.0,2.0,7.0,1.0,B01
201100003240,0.0,37,1,0.0,2.0,2.0,1.0,B02
200800062883,1.0,7,0,0.0,0.0,0.0,13.0,A01
200500056014,0.0,7,0,0.0,2.0,1.0,0.0,B02
201200018856,0.0,7,0,2.0,0.0,2.0,1.0,A01
200700031749,0.0,7,0,0.0,0.0,4.0,23.0,B01
201200030676,0.0,33,0,14.0,0.0,1.0,1.0,A01
201100028594,0.0,33,0,0.0,2.0,2.0,17.0,B01
201200022478,0.0,7,0,0.0,2.0,7.0,1.0,B01
200700046994,0.0,7,0,0.0,0.0,7.0,15.0,B02
200900035899,0.0,7,0,0.0,2.0,2.0,1.0,A01
200700077574,0.0,1,0,0.0,0.0,1.0,1.0,B01
200500074896,0.0,5,0,0.0,2.0,2.0,1.0,B01
201300001662,0.0,33,0,0.0,2.0,1.0,1.0,A01
200800048988,0.0,7,0,1.0,0.0,1.0,13.0,A01
200600032439,0.0,7,0,0.0,2.0,3.0,9.0,A01
201200059912,0.0,7,0,0.0,0.0,4.0,1.0,B01
200700047518,0.0,7,0,0.0,1.0,3.0,0.0,A01
201200005323,0.0,7,0,0.0,0.0,5.0,1.0,A01
201600033828,0.0,10,0,0.0,2.0,0.0,1.0,A01
200500071367,0.0,1,0,0.0,2.0,1.0,1.0,B02
201500045640,0.0,7,0,0.0,2.0,4.0,2.0,B01
200600022392,0.0,2,0,0.0,0.0,4.0,23.0,B01
201100036507,0.0,99,0,0.0,0.0,8.0,9.0,A01
200800004825,0.0,7,0,0.0,0.0,4.0,0.0,A01
201300044664,0.0,30,0,0.0,2.0,3.0,18.0,A01
200800032615,0.0,33,0,0.0,2.0,1.0,1.0,B01
201000007289,0.0,1,0,0.0,2.0,7.0,15.0,B02
201100026452,0.0,7,0,0.0,0.0,6.0,23.0,B01
201200027800,0.0,7,0,0.0,2.0,3.0,5.0,A01
201300042803,0.0,7,0,0.0,2.0,2.0,15.0,B01
200900034746,0.0,14,0,0.0,2.0,1.0,19.0,A01
201100047045,0.0,2,0,0.0,2.0,3.0,1.0,B01
201400027077,0.0,7,0,6.0,0.0,1.0,1.0,A01
200800025582,0.0,14,0,0.0,2.0,3.0,2.0,B01
201200058763,0.0,2,0,0.0,2.0,5.0,23.0,B01
201300036559,0.0,33,0,1.0,2.0,2.0,1.0,A01
200600025847,0.0,7,0,0.0,2.0,3.0,1.0,B01
200900035630,0.0,7,0,0.0,2.0,1.0,1.0,B01
201100050825,0.0,32,0,0.0,1.0,1.0,1.0,A01
201000046775,0.0,7,0,0.0,2.0,0.0,0.0,B01
201100006478,0.0,7,0,2.0,0.0,2.0,1.0,A01
200800053231,0.0,30,0,0.0,2.0,8.0,18.0,A01
200800056597,0.0,38,0,0.0,2.0,1.0,2.0,H08
201600013285,1.0,7,0,0.0,2.0,2.0,2.0,A01
200500001525,0.0,7,0,13.0,0.0,1.0,1.0,A01
201100040663,0.0,33,0,0.0,2.0,1.0,1.0,B01
201500015072,0.0,32,0,7.0,2.0,7.0,17.0,B01
201400000932,0.0,7,0,0.0,9.0,2.0,15.0,A01
200900040333,0.0,7,0,0.0,2.0,3.0,1.0,A01
201600056453,1.0,10,0,0.0,1.0,3.0,15.0,A01
201100045812,0.0,7,0,0.0,1.0,4.0,4.0,A01
200700081245,0.0,7,0,0.0,2.0,3.0,2.0,A01
200600024807,0.0,7,0,0.0,0.0,6.0,1.0,A01
201600048116,1.0,7,0,0.0,1.0,0.0,0.0,A01
201500000493,0.0,39,0,0.0,2.0,1.0,1.0,B02
201000033363,1.0,7,0,0.0,1.0,0.0,0.0,A01
200900045311,0.0,3,0,8.0,0.0,3.0,1.0,A01
200700045000,0.0,33,0,0.0,2.0,1.0,0.0,A01
200500062582,0.0,5,0,0.0,2.0,1.0,1.0,B02
201600033144,1.0,7,0,0.0,9.0,2.0,1.0,B01
200700018815,0.0,7,0,0.0,2.0,8.0,15.0,B02
200900030299,0.0,30,0,0.0,0.0,0.0,0.0,B01
201400022606,0.0,33,0,0.0,2.0,1.0,1.0,B01
201000024954,0.0,7,0,0.0,0.0,6.0,1.0,A01
200900035840,0.0,33,0,0.0,0.0,8.0,1.0,A01
201600010447,1.0,7,0,0.0,2.0,7.0,15.0,B01
200600005857,0.0,7,0,0.0,0.0,0.0,9.0,A01
201400023928,0.0,30,0,0.0,0.0,4.0,1.0,B01
201600034653,0.0,7,0,0.0,2.0,0.0,15.0,A01
200600013568,0.0,5,0,0.0,2.0,1.0,2.0,A01
200700002359,0.0,2,0,0.0,2.0,1.0,1.0,A01
201200027089,0.0,7,0,6.0,2.0,6.0,1.0,A01
200600033927,0.0,34,0,0.0,2.0,1.0,1.0,B01
201500015707,1.0,10,0,0.0,2.0,0.0,12.0,Z01
200500025353,0.0,7,0,0.0,2.0,2.0,23.0,A01
200600035729,0.0,5,0,0.0,2.0,3.0,18.0,A01
201300043051,0.0,7,0,0.0,2.0,6.0,1.0,B01
201100020085,0.0,30,0,0.0,2.0,1.0,1.0,A01
200600049795,0.0,7,0,0.0,1.0,8.0,1.0,A01
200600018978,0.0,2,0,0.0,2.0,1.0,1.0,A01
201100021383,0.0,7,0,0.0,2.0,2.0,15.0,A01
201100054721,0.0,33,0,0.0,2.0,2.0,1.0,B01
201300047103,0.0,33,0,0.0,2.0,1.0,3.0,A01
201400039424,0.0,30,0,0.0,2.0,7.0,17.0,B01
200800010034,0.0,7,0,0.0,9.0,5.0,16.0,A01
200500087244,0.0,7,0,0.0,1.0,3.0,1.0,A01
200500002368,0.0,7,0,0.0,0.0,4.0,2.0,B01
201600026716,1.0,7,0,13.0,2.0,3.0,1.0,B01
201500001921,0.0,14,0,0.0,2.0,5.0,15.0,B02
200900072105,0.0,7,0,0.0,2.0,1.0,2.0,C01
201600003505,1.0,33,0,0.0,2.0,1.0,1.0,B02
201100023684,0.0,33,0,0.0,1.0,8.0,21.0,A01
200500027026,0.0,7,0,13.0,0.0,1.0,1.0,A01
201100055662,0.0,7,0,0.0,2.0,7.0,1.0,B01
200500046795,0.0,7,0,0.0,2.0,1.0,21.0,B01
200800009172,0.0,7,0,0.0,2.0,1.0,1.0,B01
200600031269,0.0,7,0,0.0,2.0,2.0,13.0,A01
201600046117,2.0,7,0,0.0,2.0,6.0,2.0,D01
201500013179,0.0,2,0,0.0,0.0,8.0,0.0,A01
200700004923,0.0,10,0,0.0,2.0,1.0,1.0,C01
201000056779,0.0,7,0,0.0,0.0,9.0,1.0,A01
201600014206,1.0,7,0,0.0,2.0,8.0,1.0,C01
200700056553,0.0,7,0,0.0,2.0,3.0,1.0,B01
201300021634,0.0,7,0,3.0,0.0,8.0,2.0,A01
200900033455,0.0,30,0,0.0,2.0,1.0,1.0,B01
200700009454,0.0,7,0,0.0,1.0,1.0,1.0,A01
200600009379,0.0,4,0,0.0,1.0,1.0,1.0,A01
200500002981,0.0,7,0,0.0,2.0,3.0,1.0,A01
200800071096,0.0,33,0,1.0,0.0,1.0,1.0,B01
200800008614,0.0,7,0,0.0,2.0,0.0,0.0,B01
200600033929,0.0,7,0,1.0,2.0,4.0,24.0,C01
201000033015,0.0,7,0,0.0,2.0,6.0,1.0,C01
200500058871,0.0,7,0,0.0,2.0,8.0,15.0,B01
200600018748,0.0,33,0,0.0,2.0,7.0,1.0,B02
200800020127,0.0,1,0,0.0,2.0,1.0,15.0,A01
201100006115,0.0,20,0,0.0,2.0,6.0,24.0,A01
201400026542,0.0,7,0,0.0,2.0,4.0,1.0,B01
201400012142,0.0,1,0,0.0,2.0,1.0,1.0,B02
200700032533,0.0,7,0,0.0,9.0,1.0,1.0,D04
201300043307,0.0,7,0,0.0,2.0,1.0,1.0,A01
201400007363,0.0,7,0,7.0,0.0,3.0,13.0,A01
200500007738,0.0,7,0,0.0,0.0,2.0,2.0,C01
200600028151,0.0,5,0,0.0,2.0,1.0,1.0,A01
200500054681,0.0,7,0,0.0,2.0,3.0,1.0,B02
201300016371,0.0,7,0,0.0,2.0,1.0,1.0,B01
201400005367,0.0,33,0,0.0,2.0,1.0,2.0,B02
201200054888,0.0,31,0,0.0,2.0,3.0,1.0,A01
200800069289,0.0,7,0,13.0,0.0,2.0,0.0,A01
200700048025,0.0,31,0,0.0,2.0,1.0,1.0,B02
201400049253,0.0,30,0,0.0,2.0,1.0,1.0,B01
200600028341,0.0,7,0,0.0,2.0,1.0,15.0,B01
201400029071,1.0,7,0,0.0,2.0,3.0,5.0,B01
200500001634,0.0,7,0,7.0,2.0,2.0,1.0,B02
200800013156,0.0,1,0,0.0,2.0,1.0,1.0,B01
201100028542,0.0,3,0,0.0,2.0,4.0,1.0,C01
201400042213,0.0,31,0,0.0,2.0,8.0,2.0,A01
200500018894,1.0,7,0,0.0,2.0,1.0,13.0,A01
201300053787,0.0,7,0,0.0,2.0,3.0,15.0,A01
201200025160,0.0,7,0,0.0,2.0,1.0,15.0,B01
200500034755,0.0,7,0,0.0,2.0,1.0,13.0,A01
201200027687,0.0,7,0,0.0,2.0,4.0,23.0,B01
201400047948,0.0,7,0,0.0,0.0,4.0,2.0,E01
201200033022,0.0,7,0,0.0,2.0,4.0,15.0,B01
200500066508,0.0,7,0,0.0,2.0,1.0,1.0,B01
201200032746,0.0,30,0,0.0,2.0,1.0,1.0,B01
200600000546,0.0,5,0,0.0,2.0,1.0,1.0,A01
200500004241,0.0,7,0,0.0,2.0,4.0,1.0,B01
201300023545,0.0,7,0,0.0,2.0,1.0,1.0,A01
201500054409,0.0,34,0,0.0,2.0,8.0,18.0,B01
200500073862,0.0,7,0,0.0,2.0,3.0,15.0,A01
201200007318,0.0,30,0,0.0,0.0,0.0,1.0,B02
200600040342,0.0,7,0,0.0,1.0,1.0,15.0,A01
201400044805,0.0,30,0,0.0,2.0,1.0,2.0,A01
201200057839,0.0,30,0,0.0,2.0,2.0,17.0,A01
200500054402,0.0,7,0,0.0,2.0,1.0,1.0,C03
201400037084,0.0,7,0,0.0,2.0,6.0,23.0,B01
201600029607,1.0,30,0,2.0,0.0,1.0,0.0,A01
200800066002,0.0,7,0,0.0,1.0,3.0,1.0,A01
200600061897,0.0,7,0,0.0,0.0,6.0,15.0,B01
201100037526,0.0,7,0,0.0,0.0,0.0,15.0,A01
201500034439,0.0,1,0,0.0,2.0,0.0,0.0,B01
200500078265,0.0,7,0,8.0,0.0,5.0,1.0,A01
200500042022,0.0,7,0,0.0,2.0,8.0,19.0,A01
201300036594,0.0,7,0,0.0,2.0,1.0,2.0,A01
200900029898,0.0,7,0,1.0,2.0,1.0,1.0,B01
200600070622,0.0,7,0,6.0,0.0,1.0,21.0,A01
201100055635,0.0,7,0,0.0,0.0,4.0,2.0,C01
201000028173,0.0,1,0,0.0,2.0,0.0,1.0,C01
201500042084,0.0,7,0,0.0,0.0,0.0,0.0,B01
201400041950,0.0,7,0,0.0,2.0,6.0,1.0,B01
200700033117,0.0,7,0,0.0,1.0,2.0,0.0,A01
200700026446,0.0,7,0,0.0,2.0,1.0,13.0,A01
200500065563,0.0,7,0,0.0,2.0,1.0,2.0,A01
201000059209,0.0,7,0,0.0,2.0,4.0,2.0,B01
200600039494,0.0,30,0,12.0,0.0,1.0,2.0,A01
200700043184,0.0,2,0,8.0,0.0,1.0,9.0,A01
201100003899,0.0,17,0,0.0,2.0,2.0,23.0,B02
200700010225,0.0,5,0,0.0,2.0,7.0,17.0,A01
201400050420,0.0,7,0,0.0,1.0,1.0,1.0,A01
201200025128,0.0,33,0,0.0,2.0,3.0,1.0,A01
201000051474,0.0,7,0,4.0,0.0,3.0,0.0,A01
200500076554,0.0,7,0,6.0,2.0,1.0,19.0,A01
201200020207,0.0,7,0,0.0,1.0,2.0,16.0,A01
200700005945,0.0,7,0,3.0,0.0,1.0,14.0,A01
201400051885,0.0,31,0,0.0,2.0,0.0,17.0,A01
201600014246,1.0,7,0,0.0,2.0,3.0,15.0,B01
201200046973,0.0,34,0,0.0,2.0,8.0,3.0,B01
200600011453,0.0,7,0,0.0,2.0,1.0,0.0,C01
201100047067,0.0,38,1,0.0,2.0,2.0,16.0,B01
200800045676,0.0,40,0,0.0,2.0,2.0,1.0,B01
201000022788,0.0,7,0,0.0,9.0,1.0,1.0,B01
201200042114,0.0,7,0,0.0,2.0,3.0,11.0,A01
201400044289,0.0,7,0,0.0,2.0,1.0,2.0,A01
200700084369,0.0,30,0,0.0,2.0,1.0,2.0,A01
201400004681,0.0,33,0,0.0,0.0,8.0,1.0,A01
201600027452,0.0,7,0,0.0,2.0,4.0,23.0,B01
200900069865,0.0,7,0,0.0,0.0,0.0,15.0,A01
200500076211,0.0,7,0,0.0,2.0,1.0,1.0,A01