Num_Acc,senc,catv,occutc,obs,obsm,choc,manv,num_veh
201600039731,0.0,7,0,0.0,2.0,1.0,1.0,B01
200700055787,0.0,7,0,0.0,2.0,1.0,1.0,B01
200500052905,0.0,7,0,0.0,2.0,1.0,1.0,B01
200500019261,0.0,2,0,0.0,2.0,1.0,1.0,A01
200600080418,0.0,7,0,0.0,2.0,1.0,14.0,A01
201500020243,0.0,7,0,0.0,2.0,3.0,1.0,B01
201500014592,0.0,33,0,0.0,2.0,1.0,2.0,A01
201500026299,0.0,7,0,0.0,2.0,4.0,2.0,C01
200500040854,0.0,7,0,0.0,1.0,2.0,1.0,A01
200500002122,0.0,7,0,0.0,2.0,3.0,13.0,A01
201000013572,0.0,10,0,0.0,1.0,3.0,1.0,A01
200600078322,0.0,1,0,0.0,0.0,0.0,1.0,A01
201500004335,0.0,7,0,2.0,0.0,8.0,1.0,A01
201600022752,0.0,7,0,0.0,1.0,1.0,0.0,A01
200900005647,0.0,7,0,0.0,2.0,4.0,2.0,B01
201600043524,1.0,7,0,0.0,2.0,1.0,2.0,A01
200700074191,0.0,7,0,0.0,2.0,3.0,2.0,A01
201300047332,0.0,7,0,0.0,2.0,1.0,1.0,A01
200500022139,0.0,7,0,0.0,2.0,1.0,1.0,A01
200800024207,0.0,1,0,0.0,2.0,4.0,1.0,B01
201300055494,0.0,10,0,0.0,2.0,9.0,23.0,B01
201400022536,0.0,7,0,0.0,2.0,1.0,1.0,A01
200600030421,0.0,2,0,0.0,2.0,1.0,13.0,B02
200600056807,0.0,7,0,0.0,2.0,3.0,19.0,A01
200600034524,0.0,7,0,0.0,1.0,4.0,4.0,A01
201200050275,0.0,7,0,4.0,0.0,0.0,14.0,A01
200900062721,0.0,7,0,0.0,1.0,2.0,1.0,A01
200900035465,0.0,7,0,0.0,2.0,6.0,1.0,A01
201400043461,0.0,7,0,0.0,2.0,3.0,0.0,A01
200500011026,0.0,7,0,4.0,0.0,1.0,1.0,A01
201000055543,0.0,7,0,0.0,0.0,5.0,1.0,A01
200600022409,1.0,7,0,0.0,0.0,8.0,1.0,A01
200900020936,0.0,10,0,0.0,1.0,6.0,4.0,A01
201100065850,0.0,7,0,0.0,2.0,8.0,15.0,A01
201600044208,1.0,7,0,0.0,2.0,1.0,1.0,B01
201200015339,1.0,10,0,0.0,1.0,4.0,4.0,Z01
200800060515,0.0,30,0,0.0,2.0,1.0,17.0,A01
200900026002,0.0,7,0,0.0,2.0,1.0,1.0,A01
200800051806,0.0,7,0,0.0,2.0,1.0,1.0,A01
201200057419,0.0,30,0,11.0,0.0,1.0,13.0,A01
201400040566,0.0,7,0,0.0,1.0,1.0,1.0,A01
201400038944,0.0,7,0,0.0,1.0,2.0,0.0,A01
200900037223,0.0,7,0,2.0,0.0,1.0,17.0,A01
200900031319,0.0,32,0,0.0,2.0,2.0,17.0,A01
200700023577,0.0,7,0,0.0,2.0,4.0,0.0,B01
201600051655,2.0,1,0,0.0,2.0,3.0,1.0,B01
201500056862,0.0,7,0,1.0,1.0,3.0,1.0,A01
201100034739,0.0,7,0,0.0,1.0,1.0,17.0,A01
200700030244,0.0,7,0,0.0,2.0,1.0,1.0,C01
201200042485,0.0,7,0,0.0,2.0,7.0,16.0,A01
200700059423,0.0,30,0,9.0,0.0,2.0,1.0,A01
200700033201,0.0,7,0,8.0,0.0,3.0,1.0,A01
200900043026,0.0,7,0,4.0,0.0,1.0,1.0,A01
201300009371,0.0,7,0,0.0,2.0,8.0,17.0,A01
201100021884,0.0,7,0,0.0,2.0,5.0,1.0,B01
201600049573,1.0,7,0,0.0,2.0,4.0,2.0,C01
200500054113,0.0,7,0,0.0,2.0,3.0,1.0,B02
201100007588,0.0,7,0,0.0,2.0,3.0,13.0,B02
200500055973,0.0,7,0,2.0,0.0,1.0,1.0,A01
200800008758,0.0,7,0,0.0,2.0,1.0,1.0,B01
201400053105,0.0,31,0,0.0,2.0,1.0,17.0,B01
201300018725,0.0,7,0,13.0,0.0,1.0,1.0,A01
201000027360,0.0,7,0,0.0,2.0,2.0,1.0,B01
201200047978,0.0,7,0,0.0,1.0,1.0,1.0,A01
201000059790,0.0,10,0,0.0,2.0,8.0,3.0,B01
201300006949,0.0,33,0,0.0,2.0,1.0,17.0,A01
200700007146,0.0,10,0,0.0,2.0,5.0,1.0,A01
200700026620,0.0,7,0,0.0,0.0,0.0,17.0,C03
201600004917,2.0,7,0,0.0,2.0,3.0,15.0,B02
200600038000,0.0,7,0,0.0,2.0,8.0,15.0,B01
200500034002,1.0,15,0,0.0,2.0,2.0,14.0,A01
200800069336,0.0,7,0,0.0,2.0,8.0,1.0,B02
201200003256,0.0,7,0,0.0,2.0,3.0,1.0,B02
201300017111,0.0,7,0,0.0,9.0,2.0,1.0,A01
200500030433,0.0,1,0,0.0,2.0,3.0,18.0,A01
200500060914,0.0,7,0,0.0,1.0,1.0,1.0,A01
200600021048,0.0,7,0,11.0,2.0,7.0,1.0,B01
201400022245,0.0,7,0,0.0,0.0,4.0,23.0,B01
201500058136,0.0,33,0,11.0,0.0,1.0,6.0,A01
201000036501,0.0,7,0,8.0,0.0,1.0,13.0,A01
201000057517,0.0,33,0,0.0,0.0,7.0,1.0,A01
201400048552,0.0,7,0,0.0,2.0,1.0,2.0,D01
201300006196,0.0,30,0,15.0,0.0,1.0,1.0,A01
200700034134,0.0,7,0,0.0,2.0,8.0,9.0,A01
200800057765,0.0,32,0,0.0,2.0,7.0,17.0,A01
200600076914,0.0,10,0,0.0,2.0,1.0,1.0,A01
200600030459,0.0,7,0,0.0,2.0,3.0,1.0,B02
200500026536,0.0,7,0,0.0,2.0,7.0,15.0,A01
201600052520,1.0,7,0,0.0,2.0,4.0,1.0,C01
201200022207,0.0,33,0,0.0,0.0,4.0,23.0,C01
201000020531,0.0,7,0,0.0,1.0,3.0,16.0,A01
200600058685,0.0,7,0,0.0,2.0,3.0,1.0,B02
201500014144,1.0,7,0,0.0,2.0,0.0,5.0,A01
200500027868,0.0,5,0,0.0,0.0,7.0,23.0,B01
200600079403,0.0,7,0,0.0,2.0,1.0,11.0,B01
200600078339,0.0,10,0,0.0,2.0,3.0,1.0,A01
200500031921,0.0,7,0,0.0,2.0,4.0,2.0,B01
200700009488,0.0,1,0,0.0,1.0,1.0,1.0,A01
201400012775,0.0,7,0,0.0,2.0,1.0,2.0,A01
200800018766,0.0,30,0,0.0,2.0,2.0,0.0,B01
201200006486,0.0,7,0,0.0,0.0,3.0,0.0,A01
201100060852,0.0,7,0,0.0,2.0,6.0,23.0,B01
200800043181,0.0,7,0,0.0,1.0,6.0,20.0,A01
201600028512,2.0,7,0,0.0,2.0,2.0,15.0,A01
200700075609,0.0,7,0,2.0,0.0,1.0,1.0,A01
201500022189,0.0,7,0,0.0,2.0,0.0,0.0,B01
200500047068,0.0,7,0,9.0,2.0,1.0,1.0,A01
200700012074,0.0,30,0,0.0,1.0,1.0,1.0,A01
200500022061,0.0,7,0,0.0,1.0,0.0,1.0,A01
200500032161,0.0,7,0,0.0,0.0,0.0,0.0,B01
201300018996,0.0,7,0,0.0,2.0,2.0,1.0,A01
201400012435,0.0,33,0,0.0,2.0,0.0,1.0,A01
201300057354,0.0,10,0,0.0,2.0,7.0,21.0,B02
200900019012,0.0,31,0,0.0,2.0,8.0,21.0,A01
200600040796,0.0,7,0,0.0,2.0,1.0,13.0,A01
201000039088,0.0,7,0,0.0,2.0,4.0,0.0,E01
201400023416,0.0,7,0,0.0,2.0,1.0,15.0,A01
201300045548,0.0,7,0,0.0,2.0,5.0,1.0,E01
201200022565,0.0,7,0,0.0,2.0,3.0,9.0,A01
201000040546,0.0,2,0,0.0,2.0,1.0,1.0,B01
200700004455,0.0,7,0,0.0,1.0,1.0,1.0,A01
200600044838,0.0,32,0,0.0,0.0,2.0,17.0,A01
200600059136,0.0,7,0,0.0,2.0,1.0,15.0,B02
201100049204,0.0,30,0,0.0,2.0,1.0,21.0,B01
201300008410,0.0,7,0,0.0,1.0,1.0,1.0,A01
200900022768,0.0,31,0,0.0,0.0,1.0,1.0,A01
201400010990,0.0,7,0,0.0,2.0,1.0,15.0,A01
200800040239,0.0,7,0,0.0,1.0,1.0,4.0,A01
201600031383,0.0,7,0,0.0,2.0,2.0,15.0,A01
200900054290,0.0,7,0,0.0,2.0,4.0,2.0,B01
201400035768,0.0,30,0,12.0,2.0,1.0,2.0,B01
200800002459,0.0,7,0,0.0,1.0,2.0,1.0,A01
201300013637,0.0,7,0,0.0,2.0,1.0,2.0,A01
200800074423,0.0,7,0,0.0,2.0,6.0,11.0,B01
200700005969,0.0,17,0,0.0,0.0,6.0,23.0,B01
201400052263,0.0,33,0,0.0,2.0,4.0,23.0,B01
201000048491,0.0,7,0,0.0,2.0,4.0,23.0,B01
201400041304,0.0,33,0,0.0,0.0,0.0,1.0,A01
200600080707,0.0,7,0,0.0,0.0,3.0,20.0,A01
201000046472,0.0,7,0,0.0,2.0,7.0,1.0,A01
201100028052,0.0,33,0,0.0,0.0,8.0,2.0,B01
200600005257,0.0,7,0,1.0,0.0,3.0,13.0,B02
200900015830,0.0,34,0,1.0,2.0,1.0,1.0,B01
200900000927,0.0,10,0,0.0,2.0,6.0,1.0,B01
200800007958,0.0,7,0,0.0,2.0,1.0,2.0,A01
200600066042,0.0,2,0,0.0,1.0,3.0,17.0,A01
200900064320,0.0,7,0,0.0,2.0,0.0,0.0,A01
200500035200,0.0,7,0,0.0,2.0,8.0,22.0,A01
200600059688,0.0,2,0,0.0,5.0,1.0,1.0,A01
201400016836,0.0,1,0,0.0,2.0,8.0,1.0,A01
200700012213,0.0,7,0,0.0,2.0,1.0,5.0,A01
201600024151,1.0,7,0,0.0,0.0,1.0,9.0,A01
200900047889,0.0,7,0,0.0,2.0,3.0,5.0,B02
200800028904,0.0,30,0,0.0,2.0,1.0,1.0,B02
200600071281,0.0,7,0,0.0,2.0,3.0,1.0,C03
200800017985,0.0,1,0,0.0,0.0,0.0,1.0,A01
200500042206,0.0,7,0,0.0,2.0,8.0,15.0,B02
200800009573,0.0,2,0,0.0,2.0,2.0,3.0,A01
201400056138,0.0,33,0,1.0,0.0,1.0,14.0,A01
201400035131,0.0,7,0,0.0,2.0,7.0,0.0,B01
201200039862,0.0,7,0,0.0,0.0,9.0,13.0,A01
200600071719,0.0,7,0,0.0,2.0,1.0,1.0,A01
200500062726,0.0,7,0,2.0,0.0,7.0,13.0,A01
201200033390,0.0,7,0,0.0,1.0,2.0,1.0,A01
201500034941,0.0,7,0,0.0,2.0,1.0,19.0,A01
201200036480,0.0,7,0,0.0,1.0,1.0,15.0,A01
201000007820,0.0,33,0,0.0,2.0,1.0,13.0,A01
201400045148,0.0,10,0,0.0,2.0,8.0,15.0,A01
200900067963,0.0,2,0,0.0,2.0,3.0,1.0,A01
200900052421,0.0,7,0,0.0,2.0,3.0,9.0,A01
200500015028,0.0,7,0,0.0,1.0,1.0,1.0,A01
200500031319,0.0,7,0,0.0,1.0,4.0,4.0,A01
200600057922,0.0,33,0,0.0,0.0,0.0,0.0,A01
200900052147,0.0,10,0,0.0,0.0,3.0,15.0,A01
200700068645,0.0,32,0,0.0,2.0,1.0,1.0,B01
200600072966,0.0,7,0,0.0,2.0,5.0,15.0,B02
200800025513,0.0,33,0,12.0,0.0,3.0,1.0,A01
200600083713,0.0,34,0,0.0,2.0,1.0,13.0,A01
200700032330,0.0,7,0,0.0,2.0,3.0,1.0,C03
201300015347,0.0,31,0,0.0,2.0,1.0,17.0,A01
200900036453,0.0,30,0,2.0,0.0,1.0,14.0,A01
201600054901,1.0,33,0,0.0,2.0,1.0,1.0,A01
201000044583,0.0,7,0,0.0,2.0,8.0,9.0,A01
200900019761,0.0,31,0,0.0,2.0,1.0,21.0,B02
201100023456,0.0,7,0,0.0,1.0,7.0,1.0,A01
201300045559,0.0,7,0,0.0,2.0,7.0,1.0,B01
201200025996,0.0,7,0,0.0,2.0,4.0,2.0,B01
200900027336,0.0,32,0,0.0,0.0,0.0,21.0,A01
201100055022,0.0,7,0,0.0,0.0,1.0,1.0,A01
201400034389,0.0,10,0,0.0,2.0,1.0,1.0,B01
201200056565,0.0,7,0,0.0,2.0,2.0,15.0,A01
201200037096,0.0,33,0,0.0,2.0,1.0,2.0,A01
200500045027,0.0,5,0,0.0,2.0,6.0,1.0,B01
200600031787,0.0,7,0,0.0,0.0,3.0,1.0,A01
201100045588,0.0,34,0,0.0,2.0,7.0,15.0,A01
201500009454,0.0,31,0,0.0,2.0,1.0,1.0,A01
201100007004,0.0,33,0,0.0,2.0,3.0,13.0,A01
201500022657,0.0,7,0,0.0,2.0,1.0,15.0,A01
200500002758,0.0,2,0,0.0,2.0,7.0,6.0,A01
201400033070,0.0,7,0,0.0,1.0,1.0,1.0,A01
201300048111,0.0,7,0,0.0,2.0,4.0,2.0,C01
200800043014,0.0,7,0,0.0,2.0,2.0,9.0,A01
200600034670,0.0,30,0,0.0,2.0,8.0,2.0,B01
200500068093,0.0,4,0,0.0,2.0,1.0,5.0,A01
201600004070,0.0,30,0,0.0,0.0,1.0,1.0,A01
200700040269,0.0,7,0,0.0,2.0,1.0,1.0,B02
200700066915,1.0,30,0,0.0,1.0,1.0,17.0,A01
201400035666,0.0,7,0,0.0,2.0,8.0,0.0,B01
201500035652,0.0,7,0,0.0,2.0,1.0,1.0,B01
201500002120,0.0,7,0,0.0,2.0,2.0,15.0,A01
200600029627,0.0,7,0,4.0,0.0,3.0,1.0,A01
201400045316,2.0,7,0,0.0,2.0,1.0,13.0,A01
201300038417,0.0,7,0,1.0,0.0,1.0,1.0,A01
200700043460,0.0,20,0,0.0,0.0,4.0,1.0,B01
201200027283,0.0,7,0,0.0,2.0,0.0,0.0,A01
201000010930,0.0,7,0,0.0,2.0,2.0,20.0,A01
201200040051,0.0,7,0,0.0,2.0,3.0,1.0,B01
201300021904,0.0,7,0,0.0,1.0,1.0,1.0,A01
201300050224,0.0,38,0,0.0,2.0,0.0,15.0,B01
200500062656,0.0,18,17,13.0,0.0,7.0,21.0,A01
200700058930,0.0,33,0,0.0,2.0,1.0,0.0,A01
200700053315,0.0,7,0,0.0,2.0,3.0,13.0,A01
201300056263,0.0,7,0,0.0,2.0,6.0,11.0,A01
201200033433,1.0,7,0,1.0,0.0,3.0,19.0,A01
201000040524,0.0,7,0,0.0,2.0,2.0,15.0,A01
201200034041,0.0,2,0,1.0,2.0,9.0,9.0,A01
200600076903,0.0,2,0,0.0,9.0,1.0,1.0,B01
200600003681,0.0,7,0,1.0,0.0,6.0,0.0,C01
200900069347,1.0,7,0,0.0,2.0,1.0,2.0,A01
201400021435,0.0,33,0,0.0,2.0,3.0,0.0,A01
200900072033,0.0,7,0,0.0,2.0,7.0,14.0,A01
201400024997,0.0,7,0,0.0,1.0,3.0,1.0,A01
201400022151,0.0,33,0,0.0,2.0,1.0,13.0,A01
201200042706,0.0,7,0,0.0,0.0,8.0,15.0,A01
201000021737,0.0,31,0,0.0,0.0,1.0,1.0,D01
201500021060,0.0,1,0,0.0,2.0,1.0,1.0,Y01
200700032344,0.0,33,0,12.0,2.0,4.0,1.0,B02
200800063037,0.0,7,0,0.0,2.0,7.0,0.0,C03
201200014716,0.0,10,0,0.0,1.0,1.0,15.0,A01
201300049604,0.0,33,0,0.0,2.0,7.0,1.0,B01
200500024238,0.0,7,0,0.0,2.0,2.0,1.0,B02
201300054672,0.0,10,0,0.0,1.0,4.0,4.0,A01
200700081584,0.0,2,0,0.0,0.0,1.0,1.0,A01
201300014088,0.0,33,0,0.0,2.0,7.0,1.0,B01
201600046292,1.0,7,0,0.0,2.0,4.0,0.0,A01
200900055031,0.0,7,0,0.0,2.0,3.0,15.0,A01
201200044428,0.0,7,0,0.0,1.0,2.0,1.0,A01
200500018596,0.0,7,0,0.0,2.0,4.0,1.0,C01
200800025045,0.0,2,0,0.0,2.0,0.0,0.0,B01
200900028435,0.0,7,0,,6.0,1.0,21.0,A01
201000049254,1.0,7,0,0.0,2.0,0.0,14.0,Y01
200800018970,0.0,7,0,0.0,2.0,8.0,1.0,B01
201300037179,0.0,7,0,0.0,1.0,1.0,16.0,A01
201100058712,0.0,7,0,8.0,2.0,7.0,7.0,B01
201000035314,0.0,30,0,0.0,2.0,1.0,17.0,A01
200700045319,0.0,7,0,0.0,2.0,3.0,11.0,A01
201200060046,0.0,31,0,0.0,2.0,1.0,2.0,A01
201200010388,0.0,10,0,0.0,2.0,1.0,2.0,A01
201400035760,0.0,7,0,0.0,2.0,7.0,1.0,B01
201100000121,0.0,7,0,0.0,1.0,2.0,1.0,A01
201000035298,0.0,33,0,0.0,2.0,1.0,1.0,A01
200900060402,0.0,1,0,0.0,2.0,1.0,1.0,B01
201500031828,0.0,7,0,13.0,0.0,9.0,0.0,A01
200900068995,0.0,10,0,0.0,2.0,4.0,1.0,B01
200700015201,0.0,7,0,0.0,2.0,4.0,1.0,B01
200900051677,0.0,7,0,0.0,2.0,3.0,1.0,B01
200700038402,0.0,7,0,0.0,0.0,8.0,1.0,B01
201100065645,0.0,7,0,0.0,2.0,1.0,2.0,B01
201300058040,1.0,99,0,0.0,0.0,0.0,2.0,Z01
201000016959,0.0,33,0,0.0,2.0,1.0,1.0,B01
200900007999,0.0,7,0,0.0,2.0,1.0,1.0,B02
201100012651,0.0,33,0,0.0,2.0,8.0,1.0,B02
201000008468,0.0,7,0,0.0,2.0,2.0,15.0,A01
201600052197,1.0,33,0,0.0,2.0,3.0,1.0,B01
200600069059,0.0,7,0,0.0,2.0,8.0,11.0,A01
201400053164,0.0,1,0,1.0,0.0,1.0,13.0,A01
201200057392,0.0,33,0,0.0,1.0,0.0,1.0,A01
201400054653,0.0,7,0,0.0,2.0,5.0,23.0,B01
201400011036,0.0,7,0,0.0,2.0,7.0,1.0,B01
201500002792,0.0,7,0,13.0,0.0,2.0,14.0,A01
201300012003,0.0,7,0,0.0,2.0,3.0,1.0,C03
200700002080,0.0,33,0,0.0,0.0,8.0,1.0,A01
200500080048,0.0,7,0,0.0,2.0,3.0,0.0,B01
201300003133,0.0,7,0,0.0,2.0,3.0,15.0,B02
200900035158,0.0,7,0,0.0,2.0,1.0,1.0,B01
201300012786,0.0,1,0,0.0,2.0,1.0,1.0,B01
200700017117,0.0,7,0,14.0,0.0,1.0,16.0,A01
201200017941,0.0,7,0,16.0,0.0,3.0,1.0,A01
200800017911,0.0,7,0,0.0,2.0,2.0,1.0,A01
201500023029,0.0,7,0,0.0,2.0,1.0,1.0,A01
200900051418,0.0,10,0,0.0,2.0,2.0,17.0,B01
200600009850,0.0,10,0,0.0,2.0,1.0,1.0,B01
200600076567,0.0,7,0,0.0,2.0,1.0,1.0,B01
201000057921,0.0,7,0,0.0,2.0,1.0,19.0,A01
201600007747,1.0,7,0,0.0,2.0,2.0,1.0,A01
201400044761,0.0,1,0,0.0,0.0,4.0,2.0,B01
201100037183,1.0,10,0,0.0,2.0,1.0,2.0,D01
200600052235,0.0,7,0,13.0,0.0,1.0,1.0,A01
200700026358,0.0,7,0,0.0,2.0,5.0,15.0,B02
201000055539,0.0,10,0,0.0,2.0,2.0,14.0,B01
200600000430,0.0,2,0,0.0,2.0,0.0,0.0,A01
201400001435,0.0,33,0,0.0,2.0,1.0,2.0,E01
201200036333,0.0,7,0,0.0,2.0,2.0,17.0,A01
201100059967,0.0,30,0,0.0,2.0,8.0,1.0,A01
201300034853,0.0,33,0,0.0,2.0,1.0,1.0,A01
201300017620,0.0,33,0,0.0,2.0,3.0,13.0,A01
201500046679,0.0,33,0,0.0,2.0,3.0,3.0,A01
200600082472,0.0,1,0,0.0,2.0,1.0,13.0,A01
201400050259,0.0,7,0,0.0,2.0,5.0,15.0,A01
201000029055,0.0,7,0,0.0,2.0,1.0,1.0,B01
201400041851,0.0,7,0,0.0,2.0,1.0,2.0,A01
200700022931,0.0,2,0,0.0,2.0,1.0,7.0,A01
200500074930,0.0,7,0,4.0,0.0,2.0,1.0,A01
200800049418,0.0,7,0,0.0,2.0,1.0,13.0,B02
201100008998,0.0,7,0,0.0,0.0,9.0,17.0,A01
200600033264,0.0,14,0,0.0,2.0,3.0,1.0,C01
201300007672,0.0,7,0,0.0,2.0,7.0,13.0,A01
200600007616,0.0,7,0,0.0,2.0,4.0,2.0,C01
201500012838,0.0,7,0,0.0,2.0,1.0,15.0,B01
200800035040,0.0,7,0,0.0,0.0,2.0,1.0,A01
200500052711,0.0,7,0,0.0,2.0,2.0,16.0,A01
201500028875,0.0,1,0,0.0,2.0,0.0,1.0,B01
200800076950,1.0,7,0,0.0,1.0,0.0,1.0,A01
200800040128,0.0,7,0,0.0,2.0,8.0,1.0,B01
201200047571,0.0,7,0,0.0,2.0,3.0,1.0,B01
201500035851,0.0,33,0,0.0,2.0,2.0,1.0,B01
201500056697,0.0,31,0,13.0,0.0,1.0,1.0,A01
200500022324,0.0,7,0,0.0,2.0,4.0,23.0,B01
201600018488,1.0,7,0,8.0,0.0,8.0,13.0,A01
200900039713,0.0,7,0,0.0,2.0,5.0,17.0,A01
200600073954,0.0,7,0,0.0,2.0,1.0,13.0,C03
201400003022,0.0,7,0,0.0,2.0,4.0,24.0,B02
201600049831,1.0,7,0,0.0,0.0,1.0,0.0,C01
201300010797,0.0,33,0,0.0,2.0,1.0,1.0,B01
200800061315,0.0,33,0,0.0,0.0,7.0,1.0,A01
201300018905,0.0,7,0,0.0,2.0,1.0,1.0,B02
200800044171,0.0,1,0,0.0,2.0,0.0,0.0,A01
200800069423,0.0,7,0,13.0,0.0,1.0,1.0,A01
200500010096,0.0,5,0,0.0,0.0,3.0,0.0,A01
201600003490,2.0,7,0,0.0,2.0,2.0,21.0,C03
201400024808,0.0,10,0,0.0,2.0,1.0,1.0,B01
201600050877,1.0,10,0,0.0,0.0,0.0,0.0,B01
201400055485,0.0,7,0,0.0,2.0,2.0,16.0,A01
200600006918,0.0,7,0,0.0,2.0,4.0,4.0,A01
200500021041,0.0,7,0,15.0,2.0,8.0,1.0,B01
201300045694,0.0,7,0,4.0,0.0,1.0,21.0,A01
201100003949,0.0,7,0,0.0,2.0,3.0,1.0,A01
200900022230,0.0,7,0,0.0,2.0,2.0,15.0,A01
201600032190,1.0,7,0,0.0,2.0,2.0,17.0,B02
200800005670,0.0,7,0,0.0,0.0,0.0,0.0,C01
201300035285,0.0,1,0,0.0,2.0,4.0,1.0,B01
201500052625,0.0,7,0,0.0,2.0,7.0,1.0,B01
201100004389,0.0,7,0,0.0,2.0,1.0,1.0,B02
200800052444,0.0,7,0,0.0,2.0,8.0,13.0,B01
201500011780,0.0,7,0,0.0,2.0,1.0,2.0,A01
201600058160,0.0,7,0,0.0,1.0,1.0,1.0,A01
201400042091,1.0,7,0,0.0,1.0,5.0,4.0,Z01
200700005502,0.0,7,0,4.0,0.0,0.0,9.0,A01
200500067741,0.0,7,0,0.0,2.0,1.0,1.0,A01
201500035705,0.0,10,0,0.0,2.0,1.0,1.0,A01
201300056173,0.0,7,0,0.0,2.0,1.0,10.0,A01
201400007183,0.0,7,0,0.0,2.0,1.0,1.0,B02
201300034115,0.0,7,0,0.0,2.0,1.0,17.0,A01
201200012690,0.0,7,0,0.0,0.0,0.0,0.0,C03
201000047071,0.0,30,0,0.0,2.0,1.0,1.0,A01
201200045577,0.0,2,0,0.0,2.0,1.0,2.0,A01
200900008413,0.0,7,0,10.0,0.0,1.0,1.0,A01
200900029440,0.0,30,0,0.0,2.0,1.0,17.0,B01
201300043634,0.0,7,0,0.0,2.0,2.0,9.0,A01
200900054574,0.0,7,0,0.0,1.0,1.0,2.0,A01
201300019053,0.0,7,0,0.0,2.0,5.0,15.0,B02
201600050236,2.0,15,0,0.0,2.0,4.0,2.0,B01
201500051031,0.0,1,0,0.0,2.0,1.0,1.0,B01
200800052965,0.0,7,0,0.0,2.0,1.0,2.0,A01
201300053336,1.0,7,0,0.0,1.0,0.0,16.0,Z01
201200010837,0.0,7,0,0.0,1.0,1.0,1.0,A01
201000016177,0.0,7,0,0.0,0.0,4.0,23.0,B01
200600006524,0.0,7,0,0.0,2.0,1.0,1.0,A01
200500083505,0.0,4,0,0.0,2.0,1.0,1.0,B01
201200002139,0.0,7,0,0.0,2.0,1.0,1.0,A01
201500035518,0.0,7,0,0.0,2.0,3.0,15.0,A01
200700069176,0.0,7,0,0.0,2.0,1.0,2.0,A01
201400015088,0.0,7,0,0.0,2.0,3.0,9.0,A01
200600075553,0.0,33,0,0.0,2.0,1.0,0.0,A01
201500045263,0.0,7,0,0.0,2.0,2.0,12.0,A01
200700026981,0.0,7,0,4.0,0.0,3.0,1.0,A01
200600077809,0.0,5,0,0.0,1.0,1.0,1.0,A01
201500043024,0.0,2,0,0.0,2.0,1.0,1.0,B01
201600045557,2.0,10,0,0.0,2.0,4.0,2.0,D01
201500046346,0.0,7,0,0.0,0.0,6.0,11.0,B01
201600056141,1.0,1,0,0.0,2.0,1.0,1.0,B01
200600060134,0.0,17,0,0.0,0.0,6.0,1.0,B02
201100005517,0.0,38,1,0.0,2.0,1.0,1.0,B02
201400015786,1.0,7,0,0.0,2.0,0.0,1.0,Z01
201300019394,0.0,1,0,0.0,2.0,7.0,1.0,B01
201200050985,0.0,33,0,0.0,2.0,2.0,3.0,A01
201400038176,0.0,7,0,0.0,2.0,0.0,1.0,C01
201000019311,0.0,31,0,0.0,2.0,1.0,0.0,B01
200900009773,0.0,7,0,0.0,0.0,0.0,1.0,C03
201300022693,1.0,7,0,0.0,1.0,0.0,0.0,Z01
200500009034,0.0,2,0,0.0,2.0,2.0,5.0,A01
200500033979,0.0,7,0,0.0,2.0,1.0,9.0,A01
201200011787,0.0,7,0,0.0,2.0,4.0,1.0,B01
200700057790,0.0,7,0,0.0,0.0,8.0,6.0,B01
201300006229,0.0,7,0,0.0,1.0,1.0,1.0,A01
200600079356,0.0,7,0,1.0,0.0,1.0,1.0,A01
200600046481,0.0,7,0,0.0,2.0,3.0,15.0,B02
200700014658,0.0,33,0,0.0,2.0,1.0,1.0,B01
201000036262,0.0,7,0,0.0,2.0,4.0,2.0,C01
200800056672,0.0,7,0,13.0,0.0,1.0,0.0,A01
201600007130,1.0,7,0,0.0,2.0,3.0,1.0,B02
200800068218,0.0,32,0,0.0,2.0,1.0,2.0,A01
201200038104,0.0,7,0,0.0,2.0,4.0,23.0,D01
201000009187,0.0,30,0,0.0,2.0,1.0,1.0,B02
200600028744,0.0,7,0,0.0,2.0,7.0,10.0,A01
200900041848,0.0,2,0,0.0,2.0,2.0,1.0,B02
200900021768,0.0,2,0,0.0,2.0,8.0,1.0,B01
201500006939,0.0,17,0,0.0,2.0,3.0,1.0,C03
201100041099,1.0,7,0,0.0,2.0,1.0,2.0,Z01
201300046765,0.0,7,0,0.0,2.0,1.0,2.0,A01
200600004170,0.0,7,0,0.0,2.0,0.0,1.0,C01
200500070441,0.0,7,0,0.0,2.0,9.0,17.0,A01
201300016349,0.0,7,0,0.0,0.0,0.0,1.0,A01
201600033530,1.0,7,0,0.0,1.0,0.0,1.0,A01
200800040186,0.0,7,0,0.0,2.0,2.0,15.0,A01
201100055634,0.0,7,0,10.0,0.0,1.0,1.0,A01
201300011766,0.0,2,0,0.0,2.0,1.0,1.0,B02
200500078744,0.0,5,0,0.0,0.0,5.0,1.0,A01
201600052025,1.0,1,0,0.0,2.0,6.0,1.0,B01
201400005446,0.0,7,0,2.0,0.0,7.0,13.0,A01
200900050778,0.0,21,0,0.0,2.0,8.0,15.0,B02
200600042045,0.0,10,0,0.0,2.0,2.0,17.0,A01
201200051082,0.0,7,0,0.0,2.0,6.0,9.0,A01
201300028056,0.0,7,0,0.0,0.0,1.0,1.0,A01
200600074739,0.0,7,0,0.0,2.0,1.0,13.0,A01