Num_Acc,senc,catv,occutc,obs,obsm,choc,manv,num_veh
201000012464,0.0,7,0,0.0,2.0,1.0,15.0,A01
200800057397,0.0,7,0,0.0,2.0,6.0,1.0,B01
200700038699,0.0,7,0,0.0,2.0,3.0,2.0,A01
201400009965,0.0,7,0,0.0,2.0,2.0,1.0,A01
200600036727,0.0,7,0,0.0,1.0,0.0,1.0,A01
200800033812,0.0,2,0,0.0,2.0,1.0,15.0,B01
200500086160,0.0,7,0,0.0,0.0,0.0,1.0,A01
200900035176,0.0,2,0,0.0,1.0,1.0,2.0,A01
201600058860,1.0,7,0,0.0,2.0,8.0,15.0,A01
200700011655,0.0,7,0,3.0,2.0,2.0,1.0,A01
200800026663,0.0,7,0,0.0,0.0,4.0,2.0,C01
200500039189,0.0,17,0,0.0,2.0,3.0,1.0,B02
200800030175,0.0,33,0,0.0,0.0,7.0,21.0,A01
201500002405,0.0,33,0,13.0,0.0,1.0,1.0,A01
200600063572,0.0,5,0,0.0,2.0,3.0,3.0,A01
201100053750,0.0,7,0,0.0,2.0,4.0,2.0,B01
201000051042,0.0,33,0,0.0,2.0,1.0,1.0,B01
201100013629,0.0,7,0,0.0,9.0,2.0,1.0,A01
200500045628,0.0,7,0,0.0,4.0,6.0,10.0,A01
201000042424,0.0,30,0,0.0,2.0,1.0,2.0,B01
200600066215,1.0,7,0,0.0,2.0,2.0,2.0,B01
200900007558,0.0,7,0,0.0,2.0,1.0,2.0,A01
200900003184,0.0,31,0,0.0,2.0,3.0,1.0,B01
200900067170,0.0,2,0,0.0,2.0,1.0,1.0,B01
200500001385,0.0,7,0,0.0,2.0,1.0,1.0,B02
201200053705,0.0,32,0,0.0,2.0,3.0,15.0,B01
200500033986,0.0,10,0,0.0,2.0,3.0,1.0,A01
200700082643,0.0,7,0,0.0,9.0,7.0,15.0,A01
201500056418,0.0,7,0,0.0,2.0,6.0,23.0,B01
200700006654,0.0,7,0,0.0,1.0,3.0,1.0,A01
200700021033,0.0,31,0,0.0,2.0,1.0,14.0,A01
201400031306,0.0,7,0,1.0,2.0,8.0,15.0,A01
201600015316,0.0,30,0,0.0,2.0,1.0,1.0,A01
200800067871,0.0,32,0,0.0,2.0,1.0,1.0,A01
201400004874,0.0,7,0,0.0,2.0,3.0,1.0,A01
200600002551,0.0,7,0,0.0,2.0,1.0,1.0,A01
200600029852,0.0,30,0,0.0,2.0,1.0,1.0,A01
201100064592,0.0,7,0,0.0,2.0,1.0,2.0,A01
200600000747,0.0,7,0,0.0,2.0,2.0,15.0,A01
200900056477,0.0,32,0,0.0,2.0,1.0,1.0,B01
201400017467,0.0,30,0,0.0,0.0,1.0,13.0,A01
200600083063,1.0,7,0,0.0,9.0,0.0,2.0,A01
200600010781,0.0,7,0,4.0,0.0,3.0,9.0,A01
201200021485,0.0,7,0,0.0,2.0,1.0,1.0,A01
201200026818,0.0,37,76,0.0,2.0,7.0,7.0,B01
200900058078,0.0,7,0,0.0,2.0,2.0,2.0,A01
201300038095,0.0,7,0,0.0,2.0,1.0,1.0,B01
201300029944,0.0,37,10,0.0,1.0,5.0,7.0,A01
201600046716,1.0,7,0,0.0,2.0,3.0,2.0,A01
200800041895,0.0,7,0,0.0,2.0,8.0,1.0,B01
200500057879,0.0,7,0,0.0,2.0,3.0,9.0,A01
201000022867,0.0,7,0,0.0,0.0,6.0,2.0,B01
200800024751,0.0,2,0,2.0,0.0,1.0,0.0,A01
200600078359,0.0,7,0,0.0,1.0,1.0,15.0,A01
201100044549,0.0,32,0,0.0,2.0,9.0,1.0,A01
201200043864,0.0,7,0,0.0,2.0,2.0,2.0,B01
200600074854,0.0,7,0,13.0,0.0,2.0,1.0,A01
201600033191,1.0,7,0,0.0,2.0,1.0,1.0,B01
200900011841,0.0,2,0,0.0,2.0,1.0,1.0,B01
201000033829,0.0,7,0,0.0,2.0,1.0,2.0,A01
200700043420,0.0,2,0,0.0,2.0,4.0,2.0,B01
200600008954,0.0,7,0,0.0,2.0,2.0,1.0,B01
201500013950,0.0,7,0,0.0,2.0,4.0,2.0,A01
200600006381,0.0,7,0,0.0,2.0,1.0,1.0,B02
201600046226,1.0,7,0,6.0,0.0,1.0,0.0,A01
201300056210,0.0,7,0,0.0,2.0,3.0,11.0,A01
200900039019,0.0,7,0,0.0,2.0,8.0,9.0,A01
200500020208,0.0,7,0,0.0,2.0,1.0,2.0,B01
201100008507,0.0,17,0,0.0,2.0,4.0,1.0,B02
200600045283,0.0,1,0,0.0,2.0,4.0,15.0,A01
201100009253,0.0,2,0,0.0,0.0,7.0,1.0,A01
201400012984,0.0,33,0,3.0,0.0,8.0,21.0,A01
200800028182,0.0,10,0,0.0,2.0,1.0,1.0,C03
201300001536,0.0,7,0,2.0,0.0,2.0,14.0,A01
200700063017,0.0,7,0,0.0,0.0,4.0,23.0,C01
200900017693,0.0,2,0,0.0,2.0,1.0,1.0,B02
200500006651,0.0,7,0,0.0,1.0,1.0,2.0,A01
201400013401,0.0,1,0,0.0,2.0,2.0,1.0,B01
201300014563,0.0,7,0,0.0,2.0,1.0,1.0,B01
201100011206,0.0,2,0,8.0,0.0,1.0,16.0,A01
200700051472,0.0,14,0,0.0,2.0,8.0,10.0,A01
201100056489,0.0,3,0,0.0,1.0,8.0,2.0,A01
201600056362,2.0,7,0,0.0,2.0,8.0,22.0,A01
201400022973,0.0,7,0,0.0,2.0,1.0,9.0,A01
201100036230,1.0,10,0,0.0,9.0,1.0,1.0,Z01
200800060698,0.0,7,0,15.0,0.0,1.0,0.0,A01
201100027675,0.0,7,0,7.0,0.0,8.0,1.0,A01
201000060051,0.0,10,0,0.0,2.0,1.0,2.0,B01
200900035452,0.0,30,0,0.0,2.0,8.0,1.0,B01
201000023603,0.0,33,0,0.0,2.0,1.0,1.0,A01
201500058654,0.0,10,0,0.0,9.0,4.0,1.0,B01
201200038272,0.0,7,0,0.0,2.0,1.0,1.0,B01
200700001762,0.0,7,0,0.0,1.0,1.0,1.0,A01
201000049120,0.0,7,0,0.0,2.0,3.0,12.0,A01
201200018357,0.0,7,0,0.0,,7.0,17.0,B02
200500076083,1.0,7,0,0.0,1.0,1.0,1.0,A01
201500037935,0.0,33,0,0.0,2.0,7.0,17.0,B01
200700040295,0.0,7,0,0.0,2.0,1.0,1.0,B02
200500047762,0.0,10,0,0.0,2.0,1.0,1.0,B01
201000067488,0.0,7,0,0.0,2.0,1.0,1.0,B02
201500037958,0.0,32,0,0.0,2.0,2.0,1.0,B01
200700003220,0.0,7,0,0.0,2.0,1.0,12.0,A01
200500082152,0.0,7,0,0.0,2.0,3.0,15.0,B01
201400034942,0.0,7,0,0.0,1.0,2.0,1.0,A01
200600010143,0.0,7,0,0.0,0.0,3.0,1.0,B01
200900042318,0.0,7,0,0.0,2.0,3.0,19.0,A01
200600049377,0.0,2,0,0.0,2.0,1.0,1.0,A01
200700074852,0.0,7,0,14.0,0.0,2.0,1.0,B02
201000065306,1.0,7,0,0.0,2.0,3.0,1.0,Z01
201500034874,0.0,7,0,0.0,2.0,8.0,1.0,B01
200900044716,0.0,7,0,0.0,2.0,3.0,0.0,A01
201400022081,0.0,7,0,3.0,0.0,3.0,1.0,A01
200700002589,0.0,7,0,0.0,2.0,4.0,1.0,B01
200600037918,0.0,7,0,0.0,0.0,0.0,13.0,A01
201500026314,0.0,7,0,0.0,2.0,3.0,5.0,A01
200600040418,0.0,7,0,0.0,2.0,4.0,1.0,B01
200500078107,0.0,7,0,0.0,0.0,2.0,19.0,A01
201600007155,2.0,10,0,1.0,0.0,7.0,1.0,A01
201200028122,0.0,7,0,0.0,2.0,4.0,2.0,B01
201200023202,0.0,3,0,0.0,2.0,1.0,17.0,B01
200700084541,0.0,10,0,1.0,0.0,8.0,21.0,A01
201600014497,2.0,7,0,0.0,2.0,8.0,10.0,B01
201000006340,0.0,33,0,0.0,2.0,1.0,13.0,B02
200600011048,0.0,7,0,0.0,2.0,3.0,9.0,A01
200700036786,0.0,7,0,0.0,2.0,1.0,2.0,A01
200500065279,0.0,5,0,0.0,2.0,8.0,9.0,B01
201200021766,0.0,34,0,0.0,2.0,1.0,1.0,A01
201200011705,0.0,7,0,0.0,2.0,5.0,13.0,A01
201200052373,0.0,7,0,0.0,0.0,6.0,1.0,B01
200500081729,0.0,7,0,12.0,0.0,1.0,21.0,A01
201100022779,0.0,7,0,0.0,2.0,2.0,1.0,B01
200500064021,0.0,7,0,0.0,1.0,2.0,1.0,A01
201000043472,1.0,34,0,12.0,2.0,1.0,18.0,B01
201200029915,0.0,7,0,0.0,2.0,6.0,15.0,B01
200900049914,0.0,33,0,0.0,2.0,1.0,1.0,B01
201200011551,0.0,7,0,0.0,2.0,1.0,1.0,A01
201100058721,0.0,30,0,0.0,0.0,1.0,2.0,A01
200800052753,0.0,30,0,0.0,2.0,2.0,17.0,B01
201100036905,0.0,7,0,0.0,2.0,8.0,0.0,B01
200800024374,0.0,33,0,0.0,2.0,1.0,2.0,A01
201500036503,0.0,7,0,0.0,2.0,4.0,2.0,B01
200600062798,0.0,7,0,0.0,2.0,4.0,2.0,B01
201100042904,0.0,13,0,0.0,2.0,6.0,1.0,B01
200700029388,0.0,32,0,1.0,2.0,1.0,1.0,B01
201300019066,0.0,33,0,0.0,2.0,1.0,1.0,A01
200600021589,0.0,7,0,0.0,1.0,1.0,1.0,A01
200800058579,0.0,2,0,12.0,0.0,7.0,1.0,B01
200700002822,0.0,7,0,0.0,2.0,5.0,23.0,B01
201600000664,1.0,7,0,0.0,2.0,2.0,1.0,A01
200800055304,0.0,7,0,0.0,2.0,1.0,13.0,B02
200500007008,0.0,2,0,0.0,2.0,1.0,7.0,B01
201200042547,1.0,7,0,0.0,9.0,0.0,0.0,Z01
200700069171,0.0,7,0,0.0,2.0,2.0,1.0,B01
201200011049,0.0,30,0,1.0,0.0,1.0,13.0,A01
201100000510,0.0,7,0,0.0,2.0,3.0,13.0,A01
201600025193,1.0,7,0,0.0,2.0,4.0,23.0,B01
201400031148,0.0,7,0,0.0,2.0,1.0,1.0,B01
201500021382,0.0,7,0,0.0,2.0,2.0,17.0,A01
200600035999,0.0,7,0,13.0,0.0,9.0,13.0,A01
201200001883,0.0,7,0,0.0,1.0,1.0,1.0,A01
201400021080,0.0,7,0,0.0,2.0,2.0,20.0,C01
201000004084,0.0,7,0,0.0,2.0,3.0,13.0,B02
200600025689,1.0,7,0,0.0,0.0,1.0,0.0,A01
201200058504,0.0,1,0,0.0,2.0,3.0,1.0,B01
200500047932,0.0,8,0,0.0,2.0,3.0,1.0,B02
200500037016,0.0,7,0,0.0,1.0,8.0,1.0,A01
200500055087,0.0,5,0,13.0,0.0,1.0,1.0,A01
201000068962,0.0,7,0,0.0,2.0,4.0,4.0,A01
201200013223,0.0,7,0,0.0,0.0,4.0,0.0,C01
201300053626,0.0,7,0,0.0,2.0,8.0,15.0,B01
201200037063,0.0,7,0,0.0,1.0,3.0,1.0,A01
201100025318,0.0,14,0,1.0,0.0,2.0,1.0,A01
200500075408,0.0,7,0,0.0,1.0,2.0,1.0,A01
200700032001,0.0,17,0,0.0,2.0,3.0,21.0,B02
200800072416,0.0,30,0,0.0,0.0,3.0,1.0,B01
201000060329,0.0,7,0,0.0,1.0,0.0,16.0,A01
200500074590,0.0,7,0,0.0,2.0,1.0,9.0,A01
201000035935,0.0,7,0,0.0,1.0,1.0,1.0,A01
201200038905,0.0,30,0,0.0,2.0,7.0,15.0,A01
200900017718,0.0,7,0,0.0,1.0,1.0,1.0,A01
200900035440,0.0,7,0,0.0,2.0,4.0,1.0,B01
201500029166,0.0,7,0,0.0,2.0,3.0,15.0,A01
201300006528,0.0,14,0,0.0,2.0,1.0,1.0,B02
201600052256,1.0,32,0,0.0,2.0,1.0,1.0,B01
200600051000,0.0,33,0,0.0,2.0,2.0,17.0,A01
200900018367,0.0,7,0,15.0,2.0,5.0,1.0,B01
200800057800,0.0,31,0,0.0,2.0,1.0,1.0,B01
200600006998,0.0,5,0,0.0,2.0,7.0,17.0,A01
200500062460,0.0,7,0,0.0,2.0,3.0,13.0,A01
200900012542,0.0,33,0,0.0,2.0,1.0,1.0,B01
200700078524,0.0,30,0,0.0,2.0,1.0,13.0,A01
201500039772,0.0,7,0,0.0,1.0,2.0,1.0,A01
201200053680,0.0,7,0,0.0,2.0,3.0,2.0,A01
200800038971,0.0,7,0,0.0,0.0,0.0,9.0,A01
201500014595,0.0,34,0,0.0,2.0,1.0,23.0,B01
201300008284,0.0,7,0,2.0,0.0,3.0,1.0,A01
200600011467,0.0,7,0,0.0,0.0,5.0,2.0,C01
201600038938,0.0,2,0,0.0,2.0,1.0,0.0,B01
201500050490,0.0,7,0,0.0,2.0,2.0,1.0,A01
201300005474,0.0,7,0,0.0,2.0,3.0,13.0,B02
201600009446,2.0,7,0,3.0,0.0,3.0,1.0,A01
200600054842,0.0,7,0,0.0,2.0,5.0,1.0,A01
200600010393,0.0,1,0,0.0,2.0,1.0,19.0,A01
200700054367,0.0,7,0,0.0,2.0,8.0,19.0,B02
201300056340,0.0,7,0,0.0,2.0,2.0,23.0,C01
200600030159,0.0,7,0,8.0,9.0,7.0,1.0,A01
200800052918,0.0,7,0,0.0,0.0,3.0,2.0,A01
200600079048,0.0,7,0,0.0,2.0,6.0,15.0,A01
201200057287,0.0,1,0,0.0,2.0,2.0,1.0,B01
201000055944,0.0,7,0,0.0,2.0,3.0,0.0,B01
200600032136,0.0,7,0,5.0,0.0,3.0,1.0,A01
201300025300,0.0,7,0,0.0,2.0,7.0,1.0,B01
200700004083,0.0,5,0,0.0,2.0,2.0,5.0,B01
201500050190,0.0,7,0,0.0,0.0,0.0,0.0,A01
200700004928,0.0,2,0,0.0,2.0,1.0,15.0,B01
201600003710,2.0,7,0,0.0,2.0,3.0,13.0,A01
201000053600,1.0,7,0,0.0,2.0,3.0,1.0,Z01
201400059208,0.0,2,0,0.0,2.0,3.0,0.0,A01
201400024988,0.0,7,0,0.0,1.0,7.0,1.0,A01
201200005825,0.0,7,0,0.0,2.0,8.0,19.0,A01
200800026345,0.0,7,0,0.0,0.0,5.0,2.0,B01
201000041895,0.0,7,0,0.0,9.0,7.0,1.0,B01
201500057330,0.0,7,0,0.0,0.0,0.0,0.0,B01
201400043606,0.0,7,0,0.0,2.0,2.0,1.0,A01
201600015387,1.0,7,0,0.0,0.0,9.0,1.0,A01
201500028538,0.0,1,0,0.0,2.0,1.0,8.0,A01
201600027351,0.0,7,0,0.0,2.0,2.0,1.0,A01
201200028621,0.0,30,0,0.0,2.0,1.0,1.0,B01
200500086163,0.0,7,0,0.0,2.0,3.0,1.0,B02
200600036236,0.0,7,0,0.0,2.0,1.0,1.0,A01
201400058540,0.0,30,0,0.0,2.0,7.0,19.0,B02
201400008478,0.0,7,0,0.0,0.0,0.0,0.0,A01
200500015581,0.0,7,0,0.0,2.0,1.0,1.0,B01
200600046647,0.0,7,0,13.0,0.0,1.0,1.0,A01
200800030592,0.0,33,0,0.0,2.0,1.0,1.0,A01
200800077113,0.0,7,0,0.0,2.0,3.0,1.0,A01
201000012095,0.0,7,0,16.0,0.0,1.0,0.0,A01
201500053738,0.0,7,0,0.0,1.0,3.0,1.0,A01
201600024648,2.0,7,0,0.0,2.0,1.0,15.0,A01
200900020008,0.0,14,0,2.0,0.0,3.0,1.0,A01
201200058830,0.0,7,0,0.0,1.0,1.0,16.0,A01
201600012505,2.0,7,0,14.0,0.0,1.0,1.0,D04
200600019525,0.0,7,0,0.0,2.0,3.0,1.0,B01
201000005948,0.0,7,0,6.0,0.0,3.0,1.0,A01
200900054404,0.0,30,0,0.0,2.0,1.0,1.0,B01
201100063828,0.0,7,0,0.0,1.0,2.0,1.0,A01
200900037598,0.0,7,0,0.0,2.0,1.0,1.0,A01
200500066460,0.0,1,0,0.0,2.0,2.0,19.0,A01
200500060477,0.0,7,0,0.0,1.0,1.0,1.0,A01
200900059323,0.0,7,0,0.0,2.0,1.0,15.0,A01
201000032493,0.0,7,0,0.0,1.0,1.0,1.0,A01
200900008963,0.0,7,0,0.0,1.0,0.0,1.0,A01
200600042831,0.0,2,0,0.0,1.0,1.0,1.0,A01
201400023891,0.0,7,0,0.0,0.0,2.0,23.0,B01
200600080991,0.0,7,0,0.0,0.0,4.0,2.0,B01
200900050587,0.0,7,0,13.0,2.0,5.0,19.0,A01
200600062634,0.0,7,0,0.0,2.0,7.0,1.0,A01
201100020754,0.0,7,0,0.0,1.0,1.0,1.0,A01
200700057917,0.0,7,0,2.0,0.0,2.0,1.0,A01
201000042999,0.0,7,0,0.0,1.0,0.0,0.0,A01
201200039931,0.0,7,0,0.0,2.0,3.0,1.0,B01
200600012980,0.0,7,0,0.0,2.0,6.0,1.0,B01
200900032070,0.0,1,0,0.0,2.0,5.0,1.0,A01
201100063240,0.0,7,0,0.0,2.0,3.0,1.0,B01
200500014093,0.0,4,0,0.0,2.0,2.0,14.0,A01
201200014035,0.0,7,0,0.0,0.0,4.0,1.0,B01
200800059397,0.0,2,0,0.0,0.0,2.0,1.0,B01
201000049836,0.0,7,0,0.0,2.0,1.0,1.0,A01
201300025076,0.0,7,0,0.0,1.0,1.0,1.0,A01
200600026215,0.0,7,0,0.0,2.0,3.0,1.0,B01
200500027215,0.0,7,0,0.0,2.0,3.0,15.0,A01
200800021948,0.0,7,0,0.0,0.0,8.0,2.0,B01
200900025923,0.0,2,0,0.0,2.0,2.0,15.0,B01
201600051241,1.0,32,0,0.0,0.0,0.0,1.0,A01
201400000950,0.0,7,0,8.0,0.0,8.0,1.0,A01
201400057390,0.0,33,0,0.0,1.0,2.0,17.0,A01
200700030143,2.0,10,0,0.0,2.0,1.0,0.0,A01
201100050637,0.0,7,0,0.0,2.0,7.0,1.0,B01
201500049056,0.0,7,0,0.0,2.0,2.0,1.0,B01
200700026710,0.0,7,0,0.0,2.0,3.0,1.0,A01
201300009487,0.0,7,0,0.0,2.0,6.0,19.0,A01
200900004797,0.0,10,0,0.0,2.0,3.0,1.0,A01
201100009255,0.0,7,0,0.0,2.0,1.0,1.0,A01
201000008281,0.0,7,0,0.0,2.0,6.0,2.0,B02
200800008162,0.0,1,0,0.0,2.0,3.0,1.0,A01
201100061844,0.0,7,0,0.0,2.0,4.0,2.0,B01
200700073735,0.0,7,0,1.0,2.0,3.0,1.0,B02
200500063393,0.0,7,0,0.0,2.0,2.0,23.0,C03
201000018219,0.0,30,0,0.0,0.0,8.0,15.0,A01
201600018000,0.0,30,0,0.0,2.0,1.0,1.0,B02
201100052194,0.0,10,0,0.0,2.0,1.0,1.0,B01
201000067024,0.0,7,0,0.0,2.0,4.0,2.0,A01
200800017509,0.0,7,0,0.0,2.0,7.0,1.0,A01
201000017221,0.0,7,0,0.0,2.0,3.0,9.0,B01
201100016386,0.0,10,0,0.0,2.0,1.0,1.0,B01
200500050624,0.0,4,0,0.0,2.0,1.0,13.0,B01
200500019277,0.0,7,0,0.0,2.0,3.0,23.0,B01
201000046640,0.0,33,0,0.0,0.0,1.0,1.0,A01
200500014431,0.0,7,0,0.0,2.0,1.0,2.0,C01
200500065468,0.0,7,0,0.0,0.0,3.0,15.0,A01
201100035848,0.0,7,0,0.0,2.0,6.0,2.0,B01
201400008237,0.0,7,0,0.0,1.0,1.0,1.0,A01
201100041786,0.0,10,0,0.0,2.0,4.0,1.0,C01
200500049392,0.0,7,0,0.0,2.0,1.0,1.0,B02
201000034858,0.0,7,0,0.0,2.0,4.0,2.0,B01
200600073871,0.0,33,0,0.0,2.0,1.0,13.0,A01
200500078588,0.0,7,0,0.0,2.0,8.0,1.0,D04
200800034896,0.0,99,0,0.0,2.0,1.0,2.0,C01
200800023602,0.0,7,0,0.0,2.0,1.0,15.0,A01
200800067379,0.0,7,0,0.0,2.0,3.0,10.0,B01
200800054398,0.0,7,0,0.0,2.0,3.0,15.0,B01
201400022888,0.0,7,0,0.0,2.0,3.0,1.0,B02
201400019992,0.0,7,0,0.0,0.0,1.0,2.0,B01
201000004500,0.0,2,0,0.0,2.0,1.0,13.0,A01
200500055367,0.0,7,0,0.0,1.0,1.0,1.0,A01
200900072297,0.0,7,0,0.0,1.0,1.0,15.0,A01
201100003294,0.0,30,0,0.0,2.0,1.0,1.0,A01
200700032711,0.0,7,0,0.0,2.0,3.0,1.0,A01
201600034922,0.0,7,0,0.0,1.0,4.0,10.0,B01
200700026873,0.0,33,0,0.0,2.0,1.0,1.0,D04
201100028652,0.0,7,0,0.0,2.0,1.0,16.0,B01
200500072643,0.0,2,0,0.0,2.0,1.0,1.0,B01
201000062553,1.0,7,0,0.0,1.0,6.0,1.0,Z01
200900005401,0.0,7,0,0.0,2.0,3.0,1.0,B02
200900024046,0.0,33,0,0.0,2.0,1.0,2.0,A01
201400020298,0.0,7,0,0.0,2.0,7.0,15.0,A01
200600063760,0.0,2,0,0.0,2.0,1.0,1.0,B01
201600030354,1.0,7,0,0.0,2.0,1.0,1.0,B01
201300015604,0.0,7,0,0.0,2.0,4.0,1.0,B01
200500031306,0.0,2,0,0.0,0.0,0.0,1.0,A01
200600080041,0.0,7,0,0.0,2.0,4.0,1.0,D01
200700015196,0.0,7,0,0.0,2.0,1.0,1.0,A01
200700052252,0.0,7,0,0.0,2.0,2.0,1.0,A01
200700052541,0.0,10,0,3.0,2.0,8.0,11.0,A01
201500037504,0.0,7,0,0.0,1.0,1.0,1.0,A01
200600030114,0.0,7,0,0.0,0.0,6.0,23.0,A01
200500043794,0.0,7,0,0.0,0.0,6.0,2.0,B01
201100029543,0.0,7,0,0.0,2.0,8.0,1.0,A01
201300006255,0.0,7,0,0.0,2.0,1.0,17.0,A01
200700020497,0.0,7,0,15.0,0.0,9.0,4.0,A01
200700034564,0.0,2,0,0.0,2.0,9.0,0.0,B01
201500009601,0.0,2,0,12.0,0.0,1.0,1.0,A01
200600076471,0.0,7,0,11.0,2.0,8.0,1.0,A01
201200023249,0.0,7,0,0.0,9.0,1.0,2.0,A01
201200057558,0.0,30,0,0.0,2.0,2.0,1.0,A01
201600039349,0.0,7,0,0.0,2.0,4.0,23.0,C01
201600028575,0.0,30,0,0.0,2.0,2.0,0.0,A01
201000010036,0.0,7,0,0.0,0.0,0.0,1.0,A01
201400026208,0.0,7,0,0.0,2.0,7.0,15.0,A01
201600007948,1.0,10,0,0.0,2.0,1.0,9.0,A01
200600008423,0.0,2,0,0.0,2.0,1.0,1.0,B01
200900022552,0.0,7,0,0.0,2.0,3.0,9.0,A01
201400057008,0.0,10,0,0.0,2.0,1.0,1.0,A01
200800042685,0.0,7,0,0.0,0.0,6.0,1.0,B01
201200043697,0.0,33,0,0.0,0.0,8.0,1.0,A01
200700049111,0.0,2,0,0.0,2.0,1.0,15.0,A01
201000030369,0.0,7,0,0.0,9.0,7.0,1.0,A01
200500002593,0.0,7,0,0.0,0.0,2.0,15.0,A01
200700069184,0.0,14,0,0.0,2.0,3.0,2.0,A01
201000000974,0.0,7,0,0.0,2.0,1.0,1.0,A01
201400020194,0.0,7,0,13.0,0.0,1.0,1.0,A01
200900037794,0.0,33,0,0.0,2.0,1.0,17.0,B01
200700079157,0.0,7,0,0.0,2.0,1.0,2.0,A01
201400050174,0.0,7,0,0.0,2.0,4.0,2.0,C01
200600055947,0.0,7,0,0.0,2.0,3.0,15.0,B01
201000031808,0.0,7,0,0.0,2.0,0.0,0.0,A01
200500021561,0.0,7,0,0.0,2.0,5.0,20.0,A01
200700017646,0.0,31,0,0.0,2.0,1.0,1.0,B01
201400028753,0.0,37,10,0.0,2.0,3.0,2.0,B01
200700081871,0.0,7,0,0.0,2.0,1.0,1.0,B02
201300029454,0.0,33,0,0.0,2.0,3.0,1.0,B01
201000012386,0.0,14,0,0.0,0.0,3.0,15.0,B02
201000037739,0.0,33,0,0.0,2.0,1.0,2.0,A01
200800002668,0.0,7,0,0.0,2.0,1.0,1.0,A01
201200019809,0.0,7,0,0.0,2.0,3.0,19.0,A01
201000028816,0.0,2,0,0.0,2.0,1.0,2.0,B01
200800041688,0.0,7,0,0.0,2.0,4.0,1.0,B01
200600050937,0.0,32,0,0.0,2.0,8.0,15.0,B02
200900056868,0.0,30,0,0.0,2.0,1.0,1.0,A01
200500084641,0.0,7,0,0.0,9.0,1.0,1.0,B01
201000000758,0.0,7,0,0.0,2.0,8.0,1.0,A01
201500003776,0.0,31,0,0.0,2.0,8.0,1.0,B02
200500027139,0.0,2,0,0.0,2.0,1.0,1.0,B01
200500064281,0.0,7,0,0.0,2.0,0.0,19.0,B02
200500080918,0.0,14,0,0.0,2.0,8.0,1.0,B01
200900012424,0.0,7,0,0.0,2.0,2.0,10.0,A01
201000049331,0.0,2,0,0.0,2.0,1.0,9.0,B01
201600042251,2.0,7,0,0.0,2.0,2.0,17.0,A01
201000021060,0.0,7,0,0.0,2.0,2.0,1.0,B01
200900050196,0.0,33,0,0.0,2.0,1.0,2.0,A01
201400003896,0.0,7,0,0.0,1.0,2.0,1.0,A01
201200027914,0.0,40,0,0.0,2.0,1.0,1.0,B01
201500022855,0.0,1,0,0.0,2.0,0.0,0.0,A01
201500054292,0.0,7,0,0.0,2.0,1.0,15.0,A01
201500043867,0.0,7,0,0.0,1.0,2.0,1.0,A01
200800067594,0.0,13,0,0.0,0.0,0.0,12.0,A01
200700032727,0.0,14,0,0.0,2.0,8.0,1.0,B02
200500048939,0.0,7,0,0.0,2.0,2.0,1.0,C03
201000025974,0.0,2,0,8.0,0.0,1.0,1.0,A01
201600022379,0.0,7,0,0.0,1.0,1.0,1.0,A01
201500047059,0.0,10,0,0.0,2.0,1.0,2.0,B01
200600074211,0.0,7,0,0.0,2.0,3.0,1.0,A01
200700031808,0.0,7,0,0.0,2.0,7.0,1.0,A01
201300039381,0.0,7,0,0.0,1.0,1.0,1.0,A01
200700049073,0.0,14,0,0.0,0.0,2.0,1.0,C01
200500006599,0.0,4,0,0.0,2.0,1.0,14.0,A01
200600038569,0.0,33,0,0.0,2.0,1.0,1.0,B01
201200005986,0.0,7,0,0.0,2.0,1.0,13.0,A01
201600032796,2.0,1,0,0.0,2.0,7.0,1.0,B01
200700083544,0.0,1,0,0.0,2.0,1.0,13.0,A01
201500050231,1.0,7,0,0.0,2.0,3.0,1.0,A01
200600007341,0.0,17,0,3.0,0.0,1.0,14.0,A01
200600029546,0.0,7,0,14.0,0.0,1.0,0.0,A01
200500079633,0.0,7,0,4.0,0.0,2.0,2.0,A01
200700042675,0.0,1,0,0.0,2.0,1.0,1.0,A01
201000016812,0.0,7,0,0.0,2.0,2.0,15.0,A01
201000041318,2.0,7,0,0.0,2.0,1.0,1.0,A01
200600014554,0.0,7,0,0.0,2.0,2.0,1.0,A01
201500037176,0.0,7,0,0.0,2.0,3.0,20.0,A01
200700031285,0.0,7,0,0.0,2.0,5.0,1.0,A01
201200035070,0.0,7,0,0.0,2.0,4.0,15.0,B01
200800038844,0.0,7,0,0.0,2.0,3.0,11.0,A01
201500017415,0.0,30,0,8.0,0.0,5.0,1.0,A01
200700083400,0.0,7,0,8.0,0.0,1.0,0.0,A01
201300044234,0.0,33,0,0.0,1.0,0.0,1.0,A01
201200006511,0.0,2,0,0.0,2.0,1.0,13.0,A01
201500015195,0.0,34,0,0.0,2.0,1.0,1.0,B01
200600021579,0.0,2,0,0.0,2.0,3.0,15.0,A01
201100064278,0.0,34,0,0.0,2.0,1.0,1.0,B01
200600080615,0.0,5,0,0.0,2.0,1.0,1.0,C03
201400027778,1.0,30,0,0.0,1.0,0.0,0.0,Z01
201400013967,0.0,7,0,0.0,2.0,2.0,1.0,B01
201200055525,0.0,30,0,0.0,1.0,1.0,1.0,A01
200800061345,0.0,7,0,0.0,2.0,1.0,1.0,B01
200900053294,0.0,2,0,0.0,2.0,1.0,1.0,A01