Num_Acc,senc,catv,occutc,obs,obsm,choc,manv,num_veh
201200008735,0.0,7,0,0.0,2.0,7.0,1.0,A01
200600037420,0.0,7,0,0.0,2.0,6.0,21.0,C01
201400012563,0.0,7,0,0.0,0.0,2.0,19.0,B02
201000064825,0.0,33,0,0.0,2.0,3.0,1.0,B01
200600020932,0.0,7,0,0.0,2.0,3.0,1.0,B01
200900071697,0.0,7,0,0.0,0.0,0.0,15.0,A01
201000047384,0.0,2,0,0.0,2.0,2.0,17.0,A01
200800041855,0.0,10,0,0.0,2.0,1.0,11.0,A01
201200015006,0.0,7,0,0.0,1.0,2.0,0.0,A01
201100060336,0.0,32,0,0.0,2.0,4.0,1.0,B01
200800034902,0.0,7,0,0.0,2.0,4.0,2.0,A01
201600048238,2.0,7,0,0.0,2.0,1.0,5.0,A01
200500030615,0.0,7,0,0.0,2.0,3.0,15.0,A01
200500048675,0.0,7,0,0.0,2.0,8.0,19.0,A01
201300014538,0.0,7,0,0.0,2.0,8.0,15.0,B01
200600072743,0.0,7,0,0.0,2.0,8.0,5.0,B02
200600030843,0.0,7,0,13.0,0.0,3.0,1.0,A01
201100050398,0.0,30,0,0.0,2.0,1.0,1.0,B01
201300055728,0.0,2,0,0.0,2.0,1.0,17.0,B01
201000031174,0.0,7,0,13.0,0.0,1.0,1.0,A01
201200013624,0.0,7,0,14.0,0.0,1.0,1.0,A01
200800008372,0.0,7,0,0.0,2.0,1.0,15.0,A01
200800033668,0.0,15,0,0.0,2.0,3.0,1.0,B01
201600023836,1.0,7,0,0.0,0.0,3.0,1.0,B01
201600009126,1.0,7,0,6.0,0.0,1.0,1.0,A01
201400059119,0.0,7,0,0.0,0.0,9.0,2.0,A01
201200041825,0.0,30,0,0.0,2.0,1.0,17.0,B01
201100015897,0.0,7,0,0.0,2.0,2.0,15.0,B01
201000003329,0.0,30,0,0.0,0.0,4.0,1.0,B02
200500059882,0.0,7,0,0.0,2.0,4.0,23.0,B01
201400026486,0.0,36,0,3.0,0.0,3.0,17.0,A01
200500015829,0.0,7,0,0.0,1.0,0.0,2.0,A01
200600031019,0.0,7,0,0.0,2.0,3.0,1.0,A01
201200002657,0.0,7,0,0.0,2.0,1.0,13.0,A01
201500019964,0.0,15,0,0.0,2.0,5.0,2.0,B02
200900065330,0.0,10,0,0.0,0.0,1.0,2.0,B01
201600050487,1.0,7,0,0.0,0.0,0.0,13.0,Z01
201600027707,0.0,1,0,0.0,2.0,1.0,0.0,B01
200700070883,0.0,7,0,0.0,0.0,0.0,0.0,A01
200900020366,0.0,31,0,0.0,2.0,8.0,15.0,B01
200500052340,0.0,5,0,0.0,2.0,1.0,1.0,B01
201000029131,0.0,10,0,0.0,2.0,3.0,0.0,A01
200500044598,0.0,7,0,9.0,2.0,8.0,16.0,B01
200700023082,0.0,2,0,0.0,2.0,4.0,23.0,B01
200600003859,0.0,7,0,0.0,2.0,2.0,1.0,A01
201000055880,0.0,7,0,0.0,2.0,8.0,1.0,C01
201500049314,0.0,7,0,0.0,2.0,4.0,11.0,A01
201400058561,0.0,30,0,0.0,2.0,1.0,1.0,B02
200800066394,0.0,7,0,0.0,2.0,3.0,1.0,A01
201000031829,0.0,7,0,0.0,2.0,0.0,1.0,A01
201400045612,0.0,7,0,0.0,2.0,7.0,1.0,B01
201100035321,0.0,33,0,0.0,2.0,1.0,1.0,B01
200500053484,0.0,2,0,0.0,2.0,7.0,21.0,A01
201100029448,0.0,7,0,0.0,2.0,4.0,2.0,C01
201300040360,0.0,33,0,0.0,2.0,7.0,1.0,B01
200900027127,0.0,30,0,0.0,1.0,1.0,1.0,A01
201600016744,0.0,7,0,0.0,2.0,1.0,1.0,C01
201500021020,0.0,7,0,4.0,0.0,3.0,11.0,B02
200900055244,0.0,7,0,0.0,2.0,3.0,1.0,C01
201500047143,0.0,33,0,0.0,2.0,1.0,1.0,A01
200600049990,0.0,2,0,0.0,2.0,1.0,18.0,A01
200900057554,0.0,13,0,0.0,2.0,3.0,1.0,B02
201400012661,0.0,1,0,13.0,0.0,0.0,1.0,A01
200800035074,0.0,7,0,0.0,2.0,1.0,2.0,A01
200900040142,0.0,7,0,0.0,2.0,1.0,1.0,A01
200700005808,0.0,7,0,3.0,0.0,4.0,1.0,D01
200700074547,0.0,14,0,0.0,2.0,3.0,1.0,B02
201500030799,0.0,7,0,0.0,2.0,9.0,1.0,B01
201000058978,0.0,40,1,0.0,2.0,2.0,1.0,B01
201000039442,0.0,30,0,0.0,2.0,1.0,0.0,A01
200500012232,0.0,2,0,0.0,2.0,8.0,1.0,B02
201000011512,0.0,39,1,0.0,4.0,1.0,1.0,B01
200600033715,0.0,7,0,0.0,1.0,1.0,0.0,A01
201300055663,1.0,7,0,0.0,1.0,4.0,4.0,Z01
201600052164,2.0,7,0,0.0,2.0,3.0,11.0,A01
200700080294,0.0,33,0,0.0,2.0,3.0,3.0,C01
200500024154,0.0,7,0,0.0,2.0,3.0,15.0,A01
201000010050,2.0,2,0,0.0,2.0,0.0,20.0,A01
200800023249,0.0,10,0,0.0,2.0,2.0,10.0,A01
201300019534,0.0,31,0,0.0,2.0,1.0,1.0,B01
201000016981,0.0,7,0,0.0,2.0,3.0,13.0,A01
200900038681,0.0,1,0,0.0,2.0,1.0,23.0,B02
200800025837,0.0,7,0,0.0,2.0,1.0,2.0,A01
201000034818,0.0,7,0,0.0,2.0,1.0,15.0,A01
201000066214,0.0,30,0,1.0,0.0,2.0,14.0,A01
200800025459,0.0,2,0,0.0,0.0,0.0,1.0,A01
201000008976,0.0,7,0,0.0,2.0,3.0,9.0,A01
201400022541,0.0,7,0,6.0,0.0,1.0,6.0,A01
201200048433,1.0,7,0,0.0,0.0,0.0,0.0,A01
201400030377,0.0,7,0,0.0,2.0,3.0,21.0,A01
201200049032,0.0,7,0,4.0,2.0,8.0,13.0,A01
201300035470,0.0,7,0,11.0,0.0,1.0,2.0,A01
201200058522,0.0,7,0,0.0,1.0,2.0,1.0,A01
200800008996,0.0,33,0,8.0,0.0,1.0,1.0,A01
200500032545,0.0,7,0,0.0,2.0,8.0,15.0,A01
200600027515,0.0,7,0,0.0,0.0,4.0,1.0,B01
201600008808,0.0,7,0,13.0,0.0,9.0,1.0,A01
200700054728,0.0,7,0,0.0,2.0,1.0,0.0,B01
200700006891,0.0,7,0,2.0,0.0,2.0,1.0,A01
201400012494,0.0,7,0,0.0,2.0,3.0,1.0,B02
200500045939,0.0,7,0,0.0,1.0,1.0,1.0,A01
200600038258,0.0,30,0,0.0,2.0,1.0,1.0,A01
201500019993,0.0,7,0,0.0,2.0,1.0,2.0,B01
201300032954,0.0,7,0,0.0,2.0,1.0,1.0,A01
200700012990,0.0,2,0,0.0,2.0,1.0,5.0,A01
201200010760,0.0,7,0,0.0,2.0,1.0,1.0,A01
201000044370,0.0,7,0,15.0,2.0,1.0,17.0,A01
201400022488,0.0,7,0,0.0,2.0,1.0,1.0,B01
200800018977,0.0,7,0,0.0,1.0,1.0,1.0,A01
201600006163,1.0,7,0,0.0,2.0,3.0,5.0,C03
200800040185,0.0,1,0,0.0,9.0,2.0,3.0,B01
200900010628,0.0,7,0,0.0,1.0,1.0,1.0,A01
200900014937,0.0,7,0,2.0,0.0,8.0,14.0,A01
201400033396,1.0,30,0,0.0,1.0,0.0,1.0,Z01
201400052158,0.0,7,0,0.0,2.0,1.0,2.0,A01
200900021724,0.0,7,0,0.0,2.0,3.0,1.0,B02
200600017772,0.0,33,0,0.0,2.0,1.0,1.0,B02
200700075357,0.0,7,0,0.0,2.0,1.0,1.0,B02
200600080456,0.0,7,0,0.0,1.0,0.0,0.0,A01
200900006030,0.0,2,0,0.0,2.0,0.0,1.0,A01
201200000962,0.0,7,0,0.0,0.0,0.0,2.0,A01
200800064074,0.0,7,0,0.0,2.0,4.0,1.0,B01
201400048810,0.0,7,0,0.0,2.0,1.0,2.0,B01
200900068591,0.0,33,0,0.0,2.0,7.0,12.0,B01
200500054546,0.0,15,0,0.0,2.0,7.0,14.0,A01
200600059553,0.0,10,0,6.0,0.0,3.0,17.0,A01
201100051495,0.0,7,0,0.0,0.0,2.0,2.0,B01
201400032816,0.0,7,0,0.0,1.0,1.0,1.0,A01
201400052560,0.0,32,0,0.0,2.0,2.0,2.0,A01
201100021113,0.0,15,0,0.0,2.0,4.0,2.0,B01
201100047207,0.0,7,0,0.0,2.0,1.0,1.0,B01
200700072271,0.0,7,0,14.0,1.0,5.0,4.0,A01
201600057552,1.0,10,0,0.0,0.0,8.0,0.0,A01
200800026984,0.0,32,0,0.0,1.0,3.0,1.0,A01
200500062746,0.0,7,0,0.0,0.0,3.0,19.0,A01
201500005572,0.0,10,0,13.0,2.0,3.0,21.0,B02
201100009796,0.0,33,0,0.0,2.0,1.0,1.0,B02
201100053006,0.0,7,0,0.0,2.0,1.0,2.0,A01
201600032290,1.0,7,0,0.0,2.0,1.0,16.0,B01
201200035078,0.0,7,0,8.0,2.0,1.0,13.0,A01
201000005315,0.0,7,0,0.0,9.0,1.0,1.0,A01
201500055247,0.0,7,0,0.0,2.0,7.0,12.0,A01
201100043194,0.0,7,0,0.0,2.0,3.0,15.0,A01
201400052509,0.0,31,0,0.0,2.0,8.0,1.0,A01
201600049201,1.0,7,0,0.0,0.0,1.0,2.0,A01
201400042427,0.0,7,0,1.0,1.0,3.0,1.0,A01
201400005395,0.0,7,0,0.0,2.0,1.0,13.0,A01
200600033757,0.0,2,0,0.0,0.0,0.0,1.0,A01
201300052003,0.0,7,0,0.0,2.0,0.0,9.0,A01
201500023828,2.0,7,0,0.0,2.0,8.0,1.0,Z01
200700058611,0.0,7,0,0.0,2.0,1.0,15.0,B01
201300047959,0.0,7,0,0.0,2.0,4.0,2.0,C01
200900023697,0.0,7,0,0.0,2.0,2.0,19.0,A01
201300024240,0.0,2,0,0.0,2.0,3.0,1.0,B01
200700052583,0.0,7,0,0.0,2.0,1.0,1.0,B01
200700029698,0.0,4,0,1.0,2.0,2.0,1.0,B01
200700000195,0.0,7,0,16.0,0.0,9.0,14.0,A01
201400024211,0.0,7,0,0.0,1.0,0.0,1.0,A01
200700034046,0.0,31,0,0.0,0.0,1.0,1.0,A01
200900053849,0.0,33,0,0.0,2.0,4.0,2.0,B01
201600000895,2.0,7,0,13.0,0.0,1.0,1.0,A01
200700058513,0.0,33,0,0.0,2.0,1.0,1.0,B01
201600036560,1.0,7,0,0.0,1.0,1.0,1.0,A01
201600043326,0.0,7,0,0.0,1.0,1.0,2.0,A01
200700054894,0.0,7,0,0.0,2.0,3.0,13.0,A01
200600036117,0.0,7,0,14.0,0.0,1.0,1.0,A01
201100019611,0.0,7,0,0.0,0.0,0.0,0.0,A01
201600027482,0.0,1,0,0.0,0.0,0.0,1.0,A01
201000044357,0.0,31,0,1.0,2.0,1.0,21.0,A01
200600062418,0.0,1,0,0.0,2.0,8.0,1.0,A01
201000035358,0.0,1,0,0.0,2.0,1.0,1.0,B01
201300003166,0.0,10,0,0.0,2.0,3.0,1.0,A01
200900022875,0.0,30,0,0.0,0.0,4.0,1.0,B01
201400047385,0.0,7,0,0.0,2.0,4.0,0.0,B01
200700076510,0.0,30,0,0.0,0.0,0.0,0.0,A01
200900025669,0.0,7,0,0.0,2.0,1.0,15.0,B02
201200033622,0.0,1,0,0.0,0.0,1.0,1.0,B01
200900031367,0.0,7,0,0.0,2.0,1.0,1.0,A01
201300013598,0.0,7,0,0.0,0.0,4.0,2.0,B01
200700066597,0.0,7,0,0.0,0.0,4.0,2.0,B01
201000027945,0.0,2,0,0.0,2.0,3.0,1.0,A01
200500017348,0.0,2,0,0.0,2.0,1.0,1.0,A01
200500022565,0.0,5,0,0.0,2.0,1.0,17.0,A01
200900026991,0.0,33,0,0.0,2.0,1.0,1.0,B01
201200003010,0.0,33,0,0.0,2.0,1.0,17.0,A01
201600012960,2.0,7,0,0.0,1.0,1.0,0.0,A01
200700043410,0.0,1,0,0.0,0.0,0.0,1.0,A01
201400035475,0.0,7,0,0.0,1.0,2.0,0.0,A01
200700024045,0.0,2,0,0.0,2.0,1.0,1.0,B01
201400053477,0.0,31,0,0.0,0.0,0.0,21.0,A01
200600007152,0.0,7,0,0.0,0.0,0.0,1.0,A01
201500045532,0.0,7,0,0.0,2.0,0.0,0.0,B01
200600058468,0.0,33,0,0.0,2.0,2.0,1.0,B02
201300038964,0.0,1,0,0.0,2.0,0.0,0.0,B01
200500040498,0.0,7,0,0.0,2.0,1.0,13.0,B02
201100025483,0.0,2,0,0.0,1.0,1.0,1.0,A01
200600037893,0.0,7,0,0.0,2.0,4.0,1.0,B01
200600026374,0.0,10,0,0.0,2.0,8.0,0.0,C01
201500020280,0.0,7,0,0.0,2.0,3.0,15.0,A01
201300016311,0.0,7,0,0.0,0.0,4.0,1.0,B01
201200006066,0.0,30,0,0.0,2.0,1.0,1.0,B01
201300043941,0.0,7,0,0.0,0.0,4.0,4.0,A01
200700040991,0.0,7,0,0.0,2.0,3.0,13.0,A01
201000067682,0.0,10,0,0.0,1.0,2.0,1.0,A01
200500067650,0.0,5,0,0.0,2.0,1.0,1.0,A01
201300007513,1.0,30,0,0.0,1.0,1.0,1.0,A01
201400025754,0.0,7,0,0.0,9.0,1.0,1.0,B01
200700028051,0.0,1,0,0.0,2.0,0.0,19.0,B01
201500040490,0.0,33,0,1.0,2.0,7.0,17.0,A01
201400009048,0.0,7,0,0.0,2.0,2.0,15.0,A01
201400019169,0.0,7,0,2.0,0.0,1.0,1.0,A01
201400010903,0.0,7,0,0.0,2.0,8.0,1.0,B01
201300019285,0.0,7,0,0.0,2.0,1.0,1.0,B01
200800054822,0.0,7,0,0.0,2.0,6.0,21.0,B01
200600008436,0.0,7,0,0.0,2.0,4.0,1.0,B01
200600039471,0.0,7,0,0.0,2.0,1.0,1.0,B01
201000065981,0.0,7,0,0.0,0.0,1.0,1.0,A01
200700056533,0.0,7,0,0.0,2.0,1.0,1.0,B01
200900010958,0.0,7,0,0.0,2.0,7.0,2.0,B01
201200045984,0.0,7,0,0.0,2.0,1.0,1.0,B01
201600054419,1.0,7,0,0.0,2.0,5.0,23.0,B01
200600044845,0.0,33,0,0.0,2.0,1.0,1.0,A01
201400057655,0.0,2,0,0.0,2.0,1.0,1.0,B01
200900051112,0.0,7,0,0.0,0.0,0.0,0.0,B01
200800000639,0.0,7,0,0.0,2.0,3.0,15.0,B02
201000022080,0.0,30,0,0.0,0.0,0.0,0.0,B01
200800024753,0.0,7,0,0.0,2.0,7.0,15.0,A01
200600014191,0.0,7,0,2.0,0.0,2.0,1.0,A01
201400016411,0.0,7,0,0.0,2.0,4.0,1.0,C01
200900049970,1.0,7,0,0.0,2.0,0.0,13.0,A01
201000050914,0.0,99,0,0.0,0.0,2.0,1.0,A01
201000012436,0.0,7,0,0.0,2.0,1.0,13.0,B02
201300019994,0.0,7,0,13.0,0.0,1.0,1.0,A01
201600036890,0.0,7,0,12.0,2.0,5.0,1.0,A01
201300041408,0.0,7,0,0.0,2.0,8.0,1.0,B01
201300036499,0.0,33,0,0.0,2.0,1.0,2.0,A01
200500002928,0.0,7,0,0.0,2.0,6.0,1.0,B01
201200023650,0.0,3,0,0.0,1.0,1.0,1.0,A01
201400015814,0.0,7,0,0.0,2.0,6.0,1.0,A01
201300029664,0.0,7,0,0.0,2.0,1.0,0.0,B01
200700041891,0.0,7,0,0.0,2.0,8.0,10.0,A01
201100049116,0.0,7,0,0.0,2.0,2.0,2.0,A01
201400042744,0.0,33,0,0.0,2.0,1.0,1.0,B01
201200017749,0.0,30,0,0.0,2.0,2.0,2.0,B02
201300012861,0.0,7,0,2.0,0.0,8.0,13.0,A01
200500075237,0.0,5,0,0.0,2.0,1.0,15.0,B01
200600045646,0.0,7,0,0.0,0.0,9.0,1.0,A01
200500038413,0.0,7,0,0.0,2.0,1.0,1.0,B02
200900006221,0.0,7,0,2.0,2.0,2.0,14.0,A01
200500031095,0.0,7,0,0.0,2.0,2.0,1.0,A01
200500036027,0.0,1,0,0.0,2.0,1.0,1.0,A01
200700020715,0.0,7,0,0.0,2.0,3.0,10.0,A01
200900054888,0.0,7,0,0.0,2.0,1.0,2.0,A01
201000030635,0.0,30,0,0.0,2.0,8.0,15.0,B01
201500053162,0.0,7,0,0.0,2.0,4.0,23.0,B01
201500036330,0.0,7,0,0.0,2.0,3.0,0.0,A01
201200029141,0.0,31,0,0.0,2.0,2.0,1.0,B01
200500053971,0.0,5,0,0.0,0.0,8.0,1.0,A01
201300020512,0.0,10,0,0.0,2.0,2.0,2.0,A01
200500036157,0.0,7,0,0.0,2.0,3.0,15.0,A01
200900056235,0.0,38,55,2.0,0.0,2.0,14.0,A01
200500074342,0.0,7,0,0.0,1.0,1.0,1.0,B01
200800053487,0.0,33,0,0.0,2.0,0.0,17.0,A01
200800042618,0.0,7,0,0.0,2.0,3.0,1.0,A01
201400017104,0.0,33,0,0.0,2.0,1.0,17.0,A01
200700059505,0.0,31,0,12.0,2.0,0.0,2.0,B01
200700058460,0.0,30,0,0.0,2.0,4.0,0.0,A01
201300022086,0.0,31,0,13.0,0.0,1.0,1.0,A01
201000063322,0.0,7,0,16.0,2.0,3.0,1.0,A01
201600014595,2.0,7,0,0.0,2.0,4.0,2.0,C01
200900037601,0.0,7,0,0.0,1.0,3.0,1.0,A01
200500030002,0.0,5,0,0.0,2.0,3.0,18.0,A01
201500046505,0.0,7,0,0.0,2.0,2.0,12.0,B01
201100018746,0.0,7,0,0.0,2.0,1.0,23.0,A01
200500047722,0.0,17,0,3.0,2.0,1.0,21.0,A01
201500046908,0.0,33,0,0.0,2.0,3.0,3.0,B01
201300043887,0.0,7,0,0.0,2.0,2.0,9.0,A01
200700055046,1.0,7,0,0.0,0.0,0.0,0.0,A01
200700075295,0.0,7,0,0.0,0.0,9.0,1.0,A01
201000056765,0.0,33,0,0.0,2.0,7.0,1.0,B01
200900001485,0.0,2,0,0.0,0.0,0.0,1.0,A01
201000039898,0.0,30,0,0.0,2.0,1.0,1.0,B01
200500045857,0.0,7,0,0.0,2.0,3.0,15.0,A01
201200058404,0.0,7,0,0.0,2.0,1.0,2.0,B01
200500070779,0.0,7,0,0.0,2.0,1.0,1.0,C03
201000025352,0.0,7,0,0.0,2.0,3.0,15.0,B01
200500031311,0.0,2,0,1.0,2.0,8.0,1.0,A01
201500044852,0.0,33,0,0.0,2.0,1.0,3.0,B01
200900057049,0.0,7,0,0.0,2.0,2.0,0.0,A01
200600062392,0.0,2,0,0.0,2.0,4.0,1.0,B01
200600023975,0.0,7,0,0.0,2.0,8.0,1.0,B02
201500020749,0.0,7,0,0.0,9.0,6.0,1.0,A01
200500058392,0.0,2,0,0.0,2.0,7.0,6.0,A01
201000007145,0.0,30,0,0.0,0.0,3.0,1.0,B02
201400039377,1.0,10,0,0.0,1.0,0.0,15.0,Z01
200800018506,0.0,33,0,0.0,2.0,0.0,1.0,A01
201400042737,0.0,7,0,0.0,2.0,1.0,1.0,B01
200900010355,0.0,33,0,0.0,0.0,8.0,1.0,A01
201100010000,0.0,17,0,1.0,0.0,2.0,14.0,A01
200700062773,0.0,1,0,0.0,2.0,1.0,18.0,B01
201000000434,0.0,7,0,0.0,2.0,3.0,9.0,B02
201000016590,0.0,2,0,0.0,2.0,3.0,1.0,B01
200500031023,0.0,7,0,0.0,0.0,2.0,1.0,A01
201100018882,0.0,7,0,0.0,1.0,7.0,1.0,A01
200500009911,0.0,1,0,0.0,2.0,7.0,15.0,A01
200500061987,0.0,7,0,0.0,0.0,4.0,21.0,B01
201600047822,2.0,7,0,0.0,2.0,4.0,11.0,A01
200700049953,0.0,7,0,0.0,2.0,4.0,1.0,B01
201600026513,0.0,10,0,0.0,2.0,1.0,2.0,A01
200800013933,0.0,1,0,0.0,2.0,2.0,2.0,B01
201400040595,1.0,7,0,0.0,2.0,0.0,0.0,Z01
201400030030,0.0,1,0,0.0,2.0,1.0,19.0,A01
201600039714,0.0,10,0,0.0,2.0,2.0,9.0,A01
201500058053,0.0,7,0,0.0,2.0,0.0,2.0,B01
200500046308,0.0,4,0,0.0,2.0,1.0,17.0,A01
200800049256,0.0,7,0,0.0,0.0,6.0,19.0,A01
201000041645,0.0,7,0,0.0,1.0,3.0,1.0,B01
200700003885,0.0,7,0,0.0,2.0,3.0,13.0,A01
200700039338,0.0,33,0,0.0,2.0,1.0,2.0,A01
201100051365,0.0,7,0,0.0,2.0,1.0,19.0,A01
201500009528,0.0,15,0,6.0,0.0,1.0,1.0,A01
200700028538,0.0,7,0,3.0,0.0,2.0,1.0,A01
200500078572,0.0,2,0,0.0,2.0,1.0,1.0,B02
201300056381,0.0,7,0,0.0,2.0,2.0,12.0,B01
201400020980,0.0,30,0,0.0,0.0,0.0,0.0,A01
201000033235,0.0,7,0,0.0,9.0,8.0,9.0,A01
200600048779,0.0,7,0,0.0,2.0,8.0,10.0,A01
200500069908,0.0,7,0,0.0,2.0,3.0,2.0,A01
201400021630,0.0,7,0,0.0,2.0,3.0,1.0,B01
201500028286,0.0,2,0,8.0,0.0,1.0,14.0,A01
200700012789,0.0,7,0,6.0,0.0,1.0,14.0,A01
200600079876,0.0,7,0,0.0,0.0,0.0,0.0,A01
200900053295,0.0,33,0,0.0,2.0,4.0,23.0,B01
200600071393,0.0,1,0,0.0,2.0,3.0,16.0,B02
200900032998,0.0,7,0,0.0,2.0,1.0,1.0,A01
201400045269,0.0,7,0,15.0,0.0,1.0,1.0,A01
200600028814,0.0,7,0,0.0,0.0,0.0,20.0,A01
201400049546,0.0,7,0,4.0,0.0,0.0,0.0,A01
200700007330,0.0,7,0,0.0,2.0,1.0,1.0,A01
201600022145,1.0,33,0,0.0,6.0,1.0,1.0,A01
201400019524,0.0,2,0,0.0,2.0,1.0,2.0,A01
201100009761,0.0,10,0,6.0,0.0,1.0,1.0,A01
200600013954,0.0,7,0,0.0,1.0,1.0,16.0,A01
200800053854,0.0,7,0,0.0,2.0,2.0,15.0,A01
200900062327,0.0,10,0,0.0,2.0,3.0,19.0,A01
200900060054,0.0,10,0,2.0,2.0,0.0,0.0,A01
201500047600,0.0,34,0,0.0,2.0,8.0,3.0,A01
200500056435,0.0,4,0,0.0,0.0,0.0,0.0,C01
201000018240,0.0,33,0,0.0,0.0,0.0,1.0,A01
201200041456,0.0,10,0,6.0,2.0,2.0,1.0,B01
201500012475,0.0,33,0,0.0,0.0,2.0,0.0,A01
201600010502,1.0,33,0,0.0,2.0,1.0,1.0,A01
200600018322,0.0,7,0,0.0,2.0,2.0,9.0,A01
200700015438,0.0,1,0,0.0,2.0,1.0,9.0,B01
200900042839,0.0,7,0,0.0,0.0,0.0,0.0,A01
201600006915,0.0,7,0,0.0,2.0,4.0,4.0,A01
201500036225,0.0,7,0,0.0,2.0,2.0,15.0,A01
201600044841,2.0,7,0,0.0,2.0,5.0,1.0,A01
201000059958,0.0,7,0,0.0,0.0,4.0,2.0,A01
201300042457,0.0,7,0,0.0,2.0,4.0,23.0,A01
200900029580,0.0,33,0,0.0,2.0,7.0,1.0,A01
201300037829,0.0,7,0,0.0,2.0,1.0,1.0,A01
200500066580,0.0,7,0,0.0,2.0,8.0,1.0,C01
201600041722,0.0,7,0,0.0,1.0,1.0,2.0,A01
201100049527,0.0,7,0,0.0,2.0,1.0,2.0,B01
201100038785,0.0,1,0,0.0,2.0,1.0,1.0,B01
201100041316,0.0,7,0,0.0,2.0,1.0,2.0,A01
201200042365,0.0,7,0,0.0,2.0,4.0,23.0,C01
201100014941,0.0,7,0,0.0,2.0,1.0,1.0,A01
200800039322,0.0,7,0,13.0,0.0,0.0,14.0,A01
200700033637,0.0,7,0,0.0,2.0,7.0,1.0,B02
200500034838,0.0,18,30,0.0,0.0,0.0,17.0,B01
200600011924,0.0,7,0,0.0,2.0,3.0,1.0,B01
201000057692,0.0,7,0,4.0,0.0,2.0,2.0,A01
200900007574,0.0,2,0,0.0,1.0,1.0,13.0,A01
201500050979,0.0,1,0,0.0,2.0,0.0,1.0,B01
201500037866,0.0,7,0,0.0,2.0,1.0,1.0,A01
201300046803,0.0,33,0,0.0,2.0,3.0,2.0,B01
201600012826,2.0,15,0,0.0,2.0,5.0,17.0,A01
200800008150,0.0,7,0,0.0,2.0,1.0,1.0,C01
200500070082,0.0,7,0,0.0,2.0,3.0,9.0,A01
200500069085,0.0,7,0,0.0,0.0,7.0,15.0,B01
200900065544,0.0,17,0,0.0,2.0,2.0,21.0,B02
201200016620,0.0,7,0,0.0,1.0,1.0,9.0,A01
200700003739,0.0,30,0,0.0,2.0,1.0,17.0,B01
201400053907,0.0,33,0,1.0,2.0,8.0,18.0,A01
200800010270,0.0,10,0,0.0,2.0,3.0,15.0,B01
201500047237,0.0,7,0,0.0,2.0,4.0,1.0,B01
200700017834,1.0,99,0,0.0,0.0,0.0,0.0,C01
200900038097,0.0,14,0,0.0,2.0,2.0,1.0,B02
200800017020,0.0,7,0,8.0,0.0,1.0,14.0,A01
201600041855,0.0,7,0,0.0,1.0,1.0,15.0,A01
200800031374,0.0,7,0,0.0,2.0,5.0,16.0,B01
200800014866,0.0,7,0,0.0,2.0,8.0,15.0,B01
200600035048,0.0,7,0,7.0,0.0,1.0,15.0,A01
201300013996,0.0,7,0,0.0,1.0,8.0,1.0,A01
200800052281,0.0,10,0,0.0,0.0,0.0,1.0,A01
201200031827,0.0,2,0,6.0,0.0,1.0,13.0,A01
201300000062,0.0,7,0,0.0,2.0,3.0,15.0,B02
201400009946,0.0,7,0,0.0,2.0,3.0,13.0,A01
200500065328,0.0,7,0,0.0,2.0,5.0,1.0,A01
200900006503,0.0,1,0,0.0,2.0,7.0,1.0,B01
200800034460,0.0,32,0,0.0,2.0,2.0,0.0,A01
200500016173,0.0,1,0,0.0,1.0,1.0,1.0,A01
200700083855,0.0,30,0,0.0,0.0,1.0,1.0,B02
200500041525,0.0,7,0,0.0,2.0,8.0,13.0,A01
200500009672,0.0,7,0,0.0,1.0,3.0,0.0,A01
201300010695,0.0,32,0,0.0,2.0,1.0,17.0,B01
201100064792,0.0,7,0,0.0,2.0,6.0,11.0,B01
200600017584,0.0,7,0,6.0,0.0,1.0,1.0,A01
201400048115,0.0,7,0,0.0,2.0,4.0,1.0,C01
200500003831,0.0,2,0,0.0,2.0,1.0,1.0,A01
201600010804,1.0,7,0,0.0,5.0,0.0,1.0,A01
201600001916,0.0,7,0,0.0,1.0,1.0,15.0,A01
200600024902,0.0,14,0,0.0,1.0,3.0,1.0,A01
200900022304,0.0,7,0,13.0,0.0,1.0,13.0,A01
200700019095,0.0,33,0,0.0,2.0,1.0,1.0,A01
200700063355,0.0,7,0,0.0,2.0,1.0,15.0,A01
201200060365,0.0,7,0,0.0,2.0,4.0,23.0,B01
201500011136,0.0,7,0,0.0,2.0,4.0,2.0,C01
200500021858,0.0,7,0,0.0,9.0,1.0,2.0,A01
201000024413,0.0,7,0,0.0,2.0,4.0,1.0,B01
200600030527,0.0,7,0,13.0,0.0,1.0,13.0,A01
200700017772,0.0,7,0,0.0,2.0,1.0,1.0,B01
201600038248,0.0,7,0,0.0,1.0,1.0,1.0,A01
201300030379,0.0,7,0,0.0,2.0,1.0,0.0,A01
201400050218,0.0,7,0,0.0,4.0,8.0,15.0,A01
200900010164,0.0,30,0,0.0,0.0,8.0,1.0,A01
200600063879,0.0,2,0,0.0,2.0,1.0,17.0,B01
200600037250,0.0,7,0,0.0,2.0,1.0,2.0,C01
201000033026,0.0,7,0,0.0,2.0,1.0,1.0,B01
201600051428,1.0,7,0,0.0,2.0,5.0,23.0,B01
201600046070,1.0,7,0,4.0,0.0,3.0,11.0,A01
201300028123,0.0,30,0,15.0,0.0,1.0,14.0,A01
201500022974,0.0,7,0,0.0,2.0,1.0,15.0,A01