Num_Acc,senc,catv,occutc,obs,obsm,choc,manv,num_veh
201600033004,2.0,7,0,0.0,2.0,6.0,4.0,B01
201500032888,0.0,3,0,9.0,1.0,8.0,0.0,A01
200600018874,0.0,7,0,0.0,0.0,9.0,1.0,D04
200500017992,0.0,7,0,0.0,0.0,2.0,0.0,A01
200600011623,0.0,7,0,0.0,2.0,4.0,2.0,B01
201500053388,0.0,7,0,0.0,2.0,4.0,23.0,B01
201500016663,0.0,1,0,0.0,2.0,7.0,1.0,A02
201200033792,1.0,7,0,6.0,2.0,1.0,2.0,A01
201500049138,0.0,7,0,0.0,2.0,4.0,9.0,A01
201200006776,0.0,7,0,2.0,0.0,1.0,1.0,A01
200500001313,0.0,1,0,0.0,2.0,7.0,1.0,B02
200700020191,0.0,7,0,0.0,0.0,1.0,1.0,B02
201500054998,0.0,7,0,0.0,2.0,3.0,7.0,A01
201600043305,0.0,7,0,0.0,2.0,2.0,11.0,A01
201100063316,0.0,37,1,0.0,2.0,3.0,15.0,B01
201100023329,0.0,7,0,0.0,2.0,1.0,1.0,A01
200500087169,0.0,7,0,0.0,2.0,4.0,15.0,B02
200700053611,0.0,33,0,12.0,0.0,1.0,15.0,A01
200600073552,0.0,7,0,0.0,2.0,1.0,1.0,B02
201400058429,0.0,30,0,0.0,0.0,1.0,1.0,A01
200600038906,0.0,33,0,0.0,2.0,7.0,17.0,B01
200800072094,0.0,7,0,0.0,2.0,2.0,15.0,A01
200500075167,0.0,7,0,0.0,1.0,1.0,1.0,A01
200900030373,0.0,1,0,0.0,2.0,7.0,1.0,B02
200900027810,0.0,7,0,0.0,0.0,9.0,1.0,A01
200700035323,0.0,7,0,0.0,0.0,2.0,15.0,A01
200800050888,0.0,7,0,0.0,2.0,2.0,0.0,A01
200700074410,0.0,7,0,8.0,0.0,6.0,14.0,A01
201000021949,0.0,7,0,0.0,0.0,0.0,19.0,A01
200900051693,0.0,7,0,2.0,0.0,1.0,1.0,A01
200500018508,0.0,7,0,0.0,2.0,1.0,1.0,A01
201100015648,0.0,2,0,0.0,2.0,1.0,1.0,A01
200500046068,0.0,18,0,0.0,2.0,3.0,15.0,B01
201600058546,0.0,1,0,0.0,2.0,3.0,1.0,B01
200700038635,0.0,7,0,0.0,1.0,8.0,8.0,A01
200900039870,0.0,7,0,0.0,2.0,3.0,13.0,A01
200900038630,0.0,17,0,3.0,0.0,8.0,1.0,A01
201200048976,0.0,33,0,0.0,2.0,8.0,3.0,A01
201600016954,0.0,7,0,0.0,2.0,4.0,23.0,B01
200800036700,0.0,33,0,0.0,2.0,1.0,17.0,A01
201500052537,0.0,1,0,0.0,2.0,4.0,1.0,A01
201600019399,0.0,1,0,0.0,2.0,8.0,19.0,B02
200700009265,0.0,7,0,0.0,2.0,3.0,15.0,B01
200500069476,1.0,7,0,0.0,0.0,8.0,10.0,B01
201200025591,0.0,7,0,0.0,2.0,1.0,2.0,A01
201200049925,0.0,7,0,7.0,2.0,2.0,14.0,A01
201300026079,0.0,7,0,0.0,0.0,4.0,1.0,A01
200600029103,0.0,7,0,0.0,0.0,6.0,0.0,A01
200600010395,0.0,7,0,0.0,0.0,3.0,15.0,A01
200500013640,0.0,7,0,6.0,0.0,7.0,1.0,A01
200800064066,0.0,1,0,0.0,2.0,4.0,16.0,A01
200500084231,0.0,7,0,3.0,0.0,1.0,16.0,A01
201600049591,1.0,2,0,0.0,2.0,8.0,7.0,A01
200500054887,0.0,7,0,0.0,2.0,3.0,5.0,A01
200700034929,0.0,7,0,0.0,2.0,0.0,15.0,A01
201500032620,0.0,7,0,14.0,2.0,2.0,15.0,A01
200600003214,0.0,7,0,0.0,1.0,2.0,20.0,A01
200500083486,0.0,7,0,0.0,2.0,7.0,15.0,B01
201100009481,0.0,2,0,0.0,2.0,1.0,15.0,B02
201500042357,0.0,7,0,0.0,2.0,4.0,15.0,B01
200800063742,0.0,7,0,13.0,0.0,1.0,1.0,A01
201500002801,0.0,7,0,2.0,2.0,8.0,15.0,A01
200600009489,0.0,5,0,0.0,2.0,1.0,1.0,B01
200800067014,0.0,7,0,0.0,2.0,3.0,6.0,A01
200800022388,0.0,7,0,0.0,2.0,8.0,11.0,A01
200500013419,0.0,5,0,0.0,2.0,1.0,1.0,A01
200700058262,0.0,7,0,0.0,2.0,1.0,2.0,B01
201200002047,0.0,2,0,0.0,2.0,8.0,15.0,A01
200700063136,0.0,7,0,0.0,2.0,1.0,1.0,B01
200900010620,0.0,7,0,0.0,2.0,6.0,1.0,C01
200800054612,0.0,30,0,0.0,2.0,6.0,2.0,A01
200700024881,0.0,7,0,0.0,0.0,8.0,1.0,A01
200600072591,0.0,2,0,0.0,0.0,4.0,1.0,B02
200800040193,0.0,7,0,0.0,2.0,4.0,2.0,B01
201100039400,0.0,7,0,0.0,2.0,1.0,1.0,B01
200500002943,0.0,7,0,0.0,2.0,4.0,21.0,D01
200500019425,0.0,7,0,0.0,2.0,7.0,15.0,A01
200800047190,0.0,7,0,0.0,2.0,2.0,17.0,A01
200800061454,0.0,7,0,0.0,2.0,2.0,7.0,A01
200600027498,0.0,2,0,0.0,2.0,8.0,18.0,A01
201300027311,0.0,31,0,0.0,2.0,1.0,1.0,B01
200900035885,0.0,1,0,0.0,2.0,7.0,2.0,B01
201200025495,0.0,14,0,0.0,0.0,4.0,1.0,B01
201400051296,0.0,7,0,0.0,0.0,6.0,1.0,A01
201500004715,0.0,33,0,8.0,0.0,1.0,1.0,A01
201600002930,1.0,7,0,0.0,2.0,3.0,13.0,A01
201200059899,0.0,34,0,0.0,2.0,8.0,3.0,A01
201100020595,0.0,2,0,0.0,0.0,1.0,1.0,A01
201300017383,0.0,33,0,0.0,2.0,1.0,13.0,A01
201200010318,0.0,7,0,0.0,1.0,3.0,1.0,B01
201500040175,0.0,7,0,0.0,2.0,1.0,1.0,A01
201100029698,0.0,2,0,0.0,0.0,0.0,1.0,A01
201300029575,0.0,7,0,0.0,1.0,2.0,1.0,A01
201200016384,0.0,7,0,0.0,1.0,1.0,1.0,A01
200900004977,0.0,7,0,0.0,2.0,4.0,2.0,C01
200500078321,0.0,7,0,6.0,0.0,1.0,1.0,A01
201000054048,0.0,99,0,0.0,2.0,3.0,1.0,B01
200900028924,0.0,7,0,0.0,2.0,1.0,1.0,A01
201200045031,0.0,7,0,1.0,1.0,1.0,13.0,A01
201100033307,0.0,14,0,0.0,2.0,3.0,1.0,B01
200800076576,0.0,2,0,0.0,2.0,1.0,1.0,A01
201400019562,0.0,7,0,0.0,2.0,4.0,1.0,B01
201300016896,0.0,30,0,0.0,0.0,0.0,1.0,A01
200500007221,0.0,7,0,0.0,2.0,2.0,1.0,A01
200800068219,0.0,33,0,0.0,1.0,2.0,1.0,A01
201000017386,0.0,1,0,0.0,2.0,1.0,1.0,B01
200600006152,0.0,7,0,0.0,0.0,6.0,15.0,B02
201500017627,0.0,10,0,0.0,2.0,8.0,13.0,B02
201600045775,1.0,7,0,0.0,2.0,4.0,2.0,B01
200700025719,0.0,10,0,0.0,2.0,2.0,1.0,A01
200800021285,0.0,2,0,0.0,2.0,1.0,1.0,B01
201000017385,0.0,7,0,0.0,0.0,6.0,2.0,B01
201600050189,1.0,7,0,0.0,0.0,4.0,2.0,D01
201600008398,2.0,7,0,0.0,2.0,1.0,17.0,A01
201500008499,0.0,31,0,0.0,0.0,1.0,17.0,A01
200600008113,0.0,7,0,0.0,2.0,1.0,1.0,B01
201400054381,0.0,33,0,12.0,0.0,1.0,14.0,A01
200600000374,0.0,7,0,0.0,0.0,2.0,1.0,B01
201000030057,0.0,3,0,0.0,9.0,0.0,21.0,A01
200500011648,0.0,7,0,0.0,2.0,2.0,24.0,B02
200900025337,0.0,7,0,0.0,2.0,8.0,9.0,A01
201400045807,0.0,34,0,0.0,2.0,2.0,5.0,A01
201300023881,0.0,7,0,0.0,0.0,5.0,1.0,B01
201200044471,0.0,7,0,0.0,0.0,1.0,11.0,B01
200800077523,0.0,7,0,0.0,2.0,1.0,1.0,A01
200500045665,0.0,1,0,0.0,2.0,1.0,1.0,A01
200800057505,0.0,33,0,0.0,2.0,1.0,1.0,B01
201300032334,0.0,1,0,0.0,2.0,2.0,1.0,B01
200700049912,0.0,2,0,0.0,2.0,1.0,1.0,A01
201400006139,0.0,7,0,0.0,9.0,2.0,15.0,A01
200900067524,0.0,7,0,0.0,0.0,4.0,23.0,B01
201000025062,0.0,20,0,0.0,0.0,8.0,1.0,B02
201000026288,0.0,7,0,0.0,1.0,3.0,1.0,A01
201500025494,0.0,7,0,0.0,2.0,1.0,1.0,A01
201200025854,0.0,7,0,0.0,2.0,1.0,1.0,A01
201200044420,0.0,7,0,0.0,0.0,0.0,0.0,C01
200700076416,0.0,7,0,0.0,2.0,7.0,15.0,A01
200900012938,0.0,33,0,0.0,0.0,0.0,0.0,A01
200700006826,0.0,7,0,0.0,2.0,1.0,1.0,B02
201400050817,0.0,17,0,0.0,2.0,2.0,12.0,A01
200700024232,0.0,30,0,0.0,2.0,8.0,2.0,B01
201300018556,0.0,33,0,7.0,0.0,7.0,1.0,A01
201500030299,0.0,10,0,0.0,2.0,3.0,9.0,A01
200500011104,0.0,2,0,0.0,2.0,1.0,1.0,B02
200800033730,0.0,2,0,0.0,2.0,1.0,2.0,B01
201300030543,0.0,7,0,0.0,0.0,8.0,15.0,B01
200700039533,0.0,14,0,0.0,2.0,3.0,1.0,A01
201500000830,0.0,7,0,0.0,2.0,1.0,1.0,B02
201000020628,0.0,30,0,0.0,2.0,1.0,1.0,B01
201600055635,1.0,7,0,0.0,2.0,3.0,15.0,B01
201100056459,0.0,35,0,0.0,2.0,3.0,16.0,A01
200600081911,0.0,30,0,6.0,0.0,1.0,1.0,A01
200500076877,0.0,5,0,0.0,2.0,1.0,1.0,B01
201300009235,0.0,7,0,16.0,0.0,9.0,1.0,A01
200500057964,0.0,7,0,0.0,2.0,3.0,15.0,B01
201600048488,2.0,7,0,0.0,0.0,0.0,0.0,B01
201000028036,0.0,7,0,0.0,2.0,4.0,0.0,C01
200900011314,0.0,2,0,0.0,2.0,1.0,15.0,A01
201000034903,0.0,33,0,0.0,2.0,1.0,1.0,B01
200500049255,0.0,7,0,7.0,2.0,2.0,15.0,A01
201100046097,0.0,30,0,0.0,2.0,7.0,1.0,A01
201600013228,2.0,7,0,0.0,2.0,3.0,9.0,A01
200800034940,0.0,14,0,0.0,0.0,4.0,2.0,B01
201400047550,0.0,7,0,0.0,0.0,2.0,0.0,B01
201600027111,2.0,7,0,0.0,0.0,5.0,1.0,D01
201600027185,0.0,7,0,0.0,2.0,1.0,15.0,A01
201400030465,0.0,7,0,1.0,1.0,1.0,1.0,A01
201300033723,2.0,7,0,0.0,2.0,7.0,19.0,A01
200700084016,0.0,33,0,0.0,2.0,7.0,16.0,B01
201000011200,0.0,7,0,0.0,2.0,1.0,1.0,B02
200600061792,0.0,37,21,0.0,1.0,8.0,1.0,A01
201600023791,2.0,7,0,0.0,0.0,4.0,23.0,B01
201000003028,0.0,7,0,0.0,2.0,2.0,1.0,C03
201300056787,0.0,7,0,0.0,2.0,8.0,11.0,A01
201200057974,0.0,7,0,0.0,2.0,2.0,10.0,A01
200700022856,0.0,4,0,0.0,2.0,2.0,5.0,A01
201000000690,0.0,7,0,0.0,2.0,6.0,15.0,A01
201200007887,0.0,2,0,0.0,2.0,8.0,19.0,B02
200600009557,0.0,2,0,0.0,2.0,1.0,17.0,A01
201600023340,2.0,7,0,0.0,2.0,2.0,1.0,B02
201200060930,0.0,7,0,0.0,0.0,4.0,16.0,A01
200800061417,0.0,33,0,0.0,2.0,1.0,1.0,B01
200800011199,0.0,10,0,0.0,2.0,5.0,2.0,A01
201000045418,0.0,7,0,0.0,2.0,8.0,15.0,B01
200900006718,0.0,2,0,0.0,2.0,1.0,2.0,A01
201000020547,0.0,37,0,0.0,2.0,1.0,0.0,B01
200700059184,0.0,10,0,0.0,2.0,3.0,0.0,A01
201500024844,0.0,30,0,0.0,2.0,1.0,15.0,B01
200800047757,0.0,1,0,0.0,0.0,8.0,15.0,A01
201400046361,0.0,30,0,0.0,2.0,1.0,13.0,A01
201100022637,0.0,7,0,0.0,2.0,2.0,0.0,B01
200600056773,0.0,33,0,0.0,2.0,2.0,2.0,B01
201000017042,0.0,7,0,0.0,2.0,2.0,1.0,A01
201000045485,0.0,7,0,0.0,2.0,1.0,1.0,A01
200700023055,0.0,14,0,0.0,2.0,8.0,10.0,B01
201300051920,0.0,10,0,0.0,2.0,8.0,22.0,A01
200900018152,0.0,7,0,0.0,9.0,2.0,15.0,A01
201500050555,0.0,33,0,0.0,2.0,6.0,2.0,B01
200800043918,0.0,7,0,0.0,2.0,4.0,1.0,B01
201400017691,0.0,7,0,0.0,2.0,4.0,15.0,B02
201400030682,0.0,7,0,0.0,2.0,0.0,0.0,D01
200900024859,0.0,7,0,0.0,9.0,6.0,2.0,B01
200600076453,0.0,33,0,0.0,2.0,7.0,1.0,B01
201000026806,0.0,7,0,0.0,1.0,2.0,1.0,A01
201100024445,0.0,7,0,0.0,2.0,1.0,1.0,B01
201100048064,0.0,7,0,0.0,0.0,0.0,0.0,B01
201400051601,0.0,7,0,0.0,0.0,4.0,2.0,A01
201600057128,1.0,10,0,0.0,2.0,1.0,2.0,A01
200500072484,0.0,7,0,0.0,1.0,8.0,1.0,A01
201100050835,0.0,32,0,0.0,2.0,7.0,17.0,A01
201200023831,0.0,7,0,0.0,2.0,4.0,2.0,B01
200900009553,0.0,33,0,0.0,2.0,8.0,1.0,B01
200500046923,0.0,7,0,0.0,2.0,1.0,21.0,A01
201000006536,0.0,7,0,8.0,0.0,2.0,1.0,A01
200500070489,0.0,7,0,0.0,2.0,1.0,13.0,A01
201000069343,0.0,7,0,3.0,0.0,2.0,1.0,A01
200700083137,0.0,7,0,0.0,2.0,2.0,1.0,B01
201200006357,0.0,7,0,0.0,1.0,1.0,1.0,A01
200800062499,0.0,7,0,2.0,0.0,8.0,13.0,A01
201100028058,0.0,2,0,15.0,0.0,3.0,0.0,A01
200900010246,0.0,7,0,0.0,2.0,6.0,1.0,B01
200500020412,0.0,7,0,0.0,2.0,7.0,15.0,A01
201500007404,0.0,7,0,0.0,2.0,1.0,19.0,A01
200800055074,0.0,37,0,0.0,2.0,8.0,1.0,B02
200900027033,0.0,7,0,0.0,2.0,3.0,9.0,A01
200500029908,0.0,4,0,0.0,2.0,1.0,1.0,B01
200700026127,0.0,7,0,3.0,0.0,7.0,13.0,A01
200700063832,0.0,2,0,0.0,2.0,1.0,1.0,A01
200800058621,0.0,7,0,0.0,2.0,4.0,23.0,B01
200700083048,0.0,7,0,0.0,0.0,8.0,15.0,B02
201200047239,0.0,30,0,0.0,2.0,1.0,1.0,B01
200800035114,1.0,99,0,0.0,0.0,0.0,0.0,B01
201100034598,0.0,1,0,1.0,0.0,2.0,1.0,B01
201600043858,0.0,7,0,1.0,2.0,9.0,1.0,A01
201100016266,0.0,7,0,0.0,2.0,1.0,0.0,B01
201600021669,1.0,7,0,3.0,0.0,8.0,1.0,A01
200600001634,0.0,7,0,0.0,2.0,1.0,1.0,B01
201200015505,0.0,7,0,0.0,2.0,1.0,1.0,B01
201500040881,0.0,7,0,0.0,1.0,3.0,2.0,A01
201400034196,0.0,7,0,0.0,2.0,3.0,1.0,C01
200500086706,0.0,2,0,0.0,2.0,1.0,13.0,A01
200800004507,0.0,10,0,0.0,1.0,1.0,1.0,A01
201200040944,0.0,10,0,0.0,2.0,7.0,1.0,B01
201100005353,0.0,7,0,13.0,0.0,3.0,1.0,A01
200900042887,0.0,33,0,0.0,2.0,7.0,1.0,A01
200700044058,0.0,10,0,0.0,1.0,1.0,1.0,A01
200800022010,0.0,15,0,0.0,2.0,1.0,2.0,A01
200700084247,0.0,16,0,0.0,1.0,1.0,1.0,A01
201500035374,0.0,7,0,0.0,2.0,2.0,1.0,B01
201000047786,0.0,7,0,0.0,2.0,4.0,23.0,B01
200900026234,0.0,7,0,0.0,2.0,3.0,1.0,B02
200800041274,0.0,33,0,0.0,2.0,8.0,1.0,A01
201000055564,0.0,7,0,0.0,2.0,7.0,0.0,A01
201500037091,0.0,10,0,0.0,2.0,3.0,15.0,A01
201500021433,0.0,7,0,0.0,2.0,3.0,9.0,B02
200800055228,0.0,21,0,0.0,2.0,8.0,15.0,B02
201400020379,0.0,7,0,13.0,0.0,6.0,1.0,B02
200800032453,0.0,14,0,6.0,0.0,1.0,1.0,A01
201600051942,2.0,7,0,0.0,2.0,1.0,2.0,A01
200900067068,0.0,7,0,0.0,2.0,7.0,16.0,B01
200900068482,0.0,14,0,0.0,0.0,8.0,15.0,A01
200600063497,0.0,2,0,0.0,2.0,2.0,17.0,A01
201100035981,0.0,7,0,0.0,1.0,1.0,1.0,A01
200500073131,0.0,7,0,0.0,1.0,1.0,1.0,A01
201100062145,0.0,3,0,0.0,2.0,3.0,9.0,A01
200600048755,0.0,33,0,14.0,2.0,1.0,1.0,B01
201600039708,0.0,7,0,0.0,2.0,5.0,1.0,B01
201100031881,0.0,7,0,0.0,2.0,4.0,1.0,B01
200800004005,0.0,15,0,0.0,2.0,1.0,1.0,A01
201400054182,0.0,1,0,0.0,2.0,1.0,2.0,A01
200500082313,0.0,5,0,0.0,2.0,1.0,1.0,A01
200500018237,0.0,7,0,4.0,0.0,3.0,13.0,A01
200800072243,0.0,7,0,0.0,2.0,5.0,1.0,B01
200600031475,0.0,33,0,0.0,2.0,1.0,13.0,B02
200900056826,0.0,7,0,0.0,2.0,1.0,9.0,A01
201500028593,0.0,7,0,0.0,2.0,1.0,2.0,A01
200900067554,0.0,31,0,0.0,2.0,4.0,1.0,B01
200900055925,0.0,33,0,0.0,2.0,1.0,2.0,A01
200700000667,0.0,1,0,0.0,0.0,4.0,1.0,B02
201000050573,0.0,14,0,0.0,0.0,4.0,1.0,A01
201500030376,0.0,7,0,0.0,1.0,2.0,17.0,A01
200500065890,0.0,7,0,0.0,2.0,1.0,1.0,B01
200800021428,0.0,33,0,0.0,2.0,1.0,3.0,A01
201400038754,0.0,10,0,0.0,1.0,3.0,15.0,A01
200800000496,0.0,7,0,0.0,2.0,1.0,13.0,A01
201100047454,0.0,7,0,15.0,2.0,8.0,1.0,A01
201000044522,0.0,7,0,0.0,2.0,1.0,9.0,A01
200600047981,0.0,7,0,0.0,2.0,1.0,9.0,A01
200700065221,0.0,1,0,0.0,2.0,1.0,1.0,B01
200600013140,0.0,7,0,0.0,2.0,3.0,15.0,A01
200700052398,0.0,33,0,0.0,2.0,1.0,3.0,A01
200900018150,0.0,33,0,0.0,0.0,8.0,1.0,A01
200700044748,0.0,7,0,0.0,2.0,7.0,2.0,A01
201100052725,0.0,2,0,0.0,2.0,1.0,2.0,B01
201000048608,0.0,7,0,0.0,2.0,1.0,9.0,A01
201100037553,0.0,7,0,0.0,1.0,1.0,1.0,A01
200900065491,0.0,7,0,0.0,2.0,7.0,17.0,A01
201000068419,0.0,33,0,0.0,2.0,1.0,1.0,A01
201100058503,0.0,1,0,0.0,2.0,1.0,1.0,B01
201500056187,0.0,7,0,0.0,2.0,6.0,11.0,A01
201100039875,0.0,7,0,12.0,1.0,3.0,1.0,A01
200500001616,0.0,7,0,0.0,0.0,3.0,1.0,A01
201000055424,0.0,15,0,3.0,0.0,1.0,21.0,A01
201300047544,0.0,7,0,0.0,2.0,1.0,1.0,E01
200800038418,0.0,33,0,0.0,2.0,1.0,17.0,A01
201600054348,1.0,10,0,0.0,2.0,1.0,10.0,A01
201500055772,0.0,33,0,12.0,0.0,1.0,14.0,A01
200700042055,0.0,7,0,0.0,0.0,3.0,19.0,A01
201300055322,0.0,7,0,0.0,2.0,3.0,15.0,A01
201100001375,0.0,10,0,0.0,0.0,2.0,1.0,C03
200800049818,0.0,33,0,0.0,2.0,1.0,1.0,B02
200800008664,0.0,10,0,0.0,2.0,7.0,1.0,A01
201500020709,0.0,7,0,0.0,0.0,0.0,0.0,A01
200600003849,0.0,7,0,0.0,2.0,1.0,1.0,B01
201100023773,0.0,7,0,0.0,2.0,3.0,15.0,A01
201000015417,0.0,30,0,0.0,2.0,1.0,1.0,B01
200900070938,0.0,31,0,0.0,2.0,3.0,1.0,A01
201400035300,0.0,7,0,0.0,2.0,2.0,20.0,A01
200900067227,0.0,31,0,1.0,0.0,1.0,2.0,A01
201400036530,0.0,7,0,0.0,2.0,1.0,16.0,A01
201100019484,1.0,7,0,0.0,2.0,0.0,15.0,Z01
201400021356,0.0,7,0,0.0,2.0,3.0,13.0,A01
201100041676,0.0,33,0,0.0,2.0,1.0,1.0,B01
201300019765,0.0,33,0,0.0,2.0,7.0,1.0,B02
201400015668,0.0,7,0,0.0,2.0,5.0,9.0,A01
201300035113,0.0,1,0,0.0,2.0,6.0,13.0,A01
201200001700,0.0,7,0,0.0,2.0,3.0,1.0,B01
201000055588,0.0,7,0,0.0,2.0,3.0,11.0,A01
201500055975,0.0,7,0,0.0,2.0,6.0,1.0,B01
201600021492,1.0,7,0,0.0,1.0,1.0,1.0,A01
201600054457,1.0,7,0,0.0,1.0,3.0,15.0,A01
200500007566,0.0,7,0,0.0,2.0,4.0,2.0,D01
201300038982,0.0,32,0,0.0,2.0,1.0,1.0,B01
201100008206,0.0,10,0,0.0,2.0,3.0,1.0,B02
200600066170,0.0,7,0,0.0,2.0,3.0,2.0,A01
201200054464,0.0,30,0,0.0,2.0,5.0,17.0,A01
200900038285,0.0,7,0,0.0,2.0,1.0,1.0,A01
201600034048,0.0,30,0,0.0,2.0,0.0,0.0,B01
200500035422,0.0,7,0,0.0,1.0,1.0,1.0,A01
200500058960,0.0,7,0,6.0,0.0,7.0,17.0,A01
200700016495,0.0,7,0,0.0,2.0,4.0,1.0,B01
200900011324,0.0,10,0,0.0,2.0,3.0,15.0,A01
201400013737,0.0,7,0,0.0,0.0,1.0,1.0,A01
200700062057,0.0,5,0,14.0,0.0,1.0,3.0,A01
201100054820,0.0,10,0,0.0,2.0,3.0,2.0,B01
200800032849,0.0,7,0,2.0,2.0,8.0,1.0,B01
201300006828,0.0,10,0,0.0,2.0,1.0,1.0,A01
201300047117,0.0,7,0,0.0,2.0,4.0,2.0,B01
200600083342,0.0,7,0,0.0,9.0,0.0,9.0,A01
201400051227,0.0,7,0,0.0,2.0,4.0,2.0,B01
200600006350,0.0,5,0,0.0,2.0,1.0,1.0,A01
201400046083,0.0,7,0,0.0,2.0,3.0,1.0,A01
201200060848,0.0,7,0,0.0,2.0,8.0,1.0,B02
201300016563,0.0,2,0,0.0,2.0,7.0,17.0,A01
201500011035,0.0,7,0,0.0,2.0,4.0,1.0,B01
201000064379,0.0,32,0,0.0,2.0,7.0,1.0,B01
200900027818,0.0,7,0,0.0,2.0,1.0,15.0,A01
201000001060,0.0,30,0,0.0,2.0,7.0,1.0,B02
200800002675,0.0,7,0,0.0,2.0,3.0,9.0,A01
201200037600,0.0,10,0,0.0,2.0,4.0,2.0,B01
201200042642,0.0,7,0,0.0,2.0,7.0,0.0,A01
200900061687,0.0,7,0,0.0,2.0,1.0,2.0,A01
200700021596,0.0,7,0,0.0,2.0,1.0,2.0,B01
201100036938,0.0,7,0,0.0,1.0,1.0,1.0,A01
200800000994,0.0,7,0,0.0,2.0,7.0,14.0,A01
201600041118,0.0,7,0,0.0,2.0,3.0,9.0,A01
200900071783,0.0,1,0,0.0,2.0,3.0,1.0,B02
201500056748,0.0,32,0,0.0,2.0,1.0,1.0,B02
200600082465,0.0,7,0,0.0,0.0,1.0,2.0,A01
200600060978,0.0,30,0,0.0,1.0,1.0,1.0,A01
201000002323,0.0,31,0,0.0,2.0,1.0,1.0,A01
200800003367,0.0,1,0,0.0,2.0,1.0,1.0,B01
201000039870,0.0,30,0,0.0,2.0,1.0,1.0,B01
200500029050,0.0,2,0,0.0,2.0,1.0,1.0,B01
201500039555,0.0,37,10,0.0,2.0,2.0,1.0,A01
201100030789,0.0,14,0,0.0,1.0,5.0,4.0,A01
201400056996,0.0,7,0,0.0,1.0,3.0,1.0,A01
201400029135,0.0,7,0,0.0,2.0,1.0,21.0,A01
200500006917,0.0,5,0,0.0,2.0,2.0,11.0,B01
200700016388,0.0,14,0,0.0,1.0,1.0,1.0,A01
201500028631,0.0,7,0,0.0,2.0,2.0,1.0,B01
201400018031,0.0,7,0,0.0,2.0,4.0,1.0,C03
200900041652,0.0,7,0,10.0,2.0,3.0,13.0,A01
200900037125,0.0,30,0,0.0,2.0,1.0,1.0,B01
201500031808,0.0,7,0,0.0,1.0,2.0,0.0,A01
200700017713,0.0,30,0,0.0,2.0,1.0,1.0,B01
201400001110,0.0,30,0,0.0,2.0,1.0,1.0,B02
201100018452,0.0,7,0,0.0,2.0,3.0,13.0,A01
201600029037,1.0,7,0,0.0,2.0,5.0,2.0,B01
200700079443,0.0,14,0,0.0,0.0,3.0,2.0,A01
201100008510,0.0,15,0,0.0,2.0,1.0,1.0,B02
200500014071,0.0,7,0,0.0,2.0,4.0,2.0,B01
201600005934,1.0,7,0,13.0,0.0,3.0,1.0,A01
200500055721,0.0,7,0,8.0,0.0,9.0,1.0,A01
201500053428,0.0,7,0,0.0,1.0,1.0,1.0,A01
201500042057,0.0,7,0,0.0,2.0,4.0,23.0,B01
201600051588,1.0,30,0,0.0,2.0,7.0,5.0,A01
201000011627,0.0,7,0,0.0,2.0,8.0,1.0,A01
201300002968,0.0,33,0,0.0,2.0,1.0,13.0,A01
201000066626,0.0,7,0,0.0,2.0,8.0,1.0,A01
201000012769,0.0,32,0,0.0,2.0,8.0,9.0,B02
200500048690,0.0,7,0,0.0,2.0,1.0,1.0,B02
200800035484,0.0,34,0,0.0,2.0,2.0,15.0,A01
200600043067,0.0,7,0,13.0,0.0,2.0,1.0,A01
200900017950,0.0,7,0,0.0,0.0,8.0,15.0,A01
201400053613,0.0,31,0,0.0,2.0,2.0,17.0,B01
200800049415,0.0,7,0,0.0,2.0,3.0,13.0,B02
201400036936,0.0,33,0,0.0,2.0,1.0,1.0,B01
201100063254,0.0,7,0,0.0,2.0,3.0,10.0,A01
201000040217,0.0,7,0,0.0,0.0,8.0,15.0,B01
201600029769,1.0,7,0,0.0,2.0,6.0,0.0,B01
201600003650,2.0,10,0,0.0,1.0,1.0,1.0,A01
200800007651,0.0,2,0,0.0,2.0,3.0,0.0,B01
201100008739,0.0,7,0,12.0,2.0,2.0,21.0,A01
201300007550,0.0,7,0,0.0,2.0,1.0,16.0,A01
200800020351,0.0,7,0,0.0,2.0,1.0,15.0,A01
200500019023,0.0,14,0,0.0,1.0,7.0,16.0,A01
200700046955,0.0,7,0,0.0,2.0,3.0,1.0,B02
201600051518,2.0,7,0,9.0,0.0,1.0,13.0,A01
201100059584,0.0,7,0,0.0,2.0,5.0,12.0,A01
200900072706,0.0,10,0,0.0,2.0,6.0,1.0,A01
201300012401,0.0,33,0,0.0,9.0,8.0,21.0,A01
201200029513,0.0,7,0,0.0,1.0,2.0,1.0,A01
201000003180,0.0,7,0,0.0,2.0,7.0,0.0,A01
201300027022,0.0,37,3,0.0,2.0,1.0,1.0,B01
200600040357,0.0,5,0,0.0,2.0,3.0,1.0,B01
200900001986,0.0,7,0,1.0,1.0,2.0,1.0,A01
201200036565,1.0,7,0,0.0,2.0,0.0,0.0,Z01
201500020422,0.0,7,0,14.0,0.0,3.0,2.0,B01
201400047490,0.0,7,0,0.0,2.0,5.0,2.0,B01
201400025313,0.0,7,0,0.0,2.0,7.0,12.0,A01
200600054044,0.0,7,0,0.0,2.0,1.0,15.0,A01
200900055950,0.0,7,0,0.0,2.0,4.0,15.0,B02
200700061584,0.0,10,0,3.0,0.0,1.0,2.0,A01